Common in ALL,146
BSSID,SSID,Wigle-Encryption,RPi-Encryption,Wigle-Channel,RPi-Channel,Wigle Avg RSSI,RPi Avg RSSI
74:ea:3a:df:99:36,CIED WiFi,[WPA-PSK-CCMP+TKIP][WPA2-PSK-CCMP+TKIP-preauth][ESS],WPA2/WPA,11,11,-84,0
a0:8c:fd:98:48:bf,DIRECT-69-HP DeskJet 3630 series,[WPA2-PSK-CCMP][ESS],WPA2,6,6,-86,0
00:23:69:2c:65:2d,ALUGLOBE,[WEP][ESS],WEP,6,6,-88,0
80:57:19:67:a6:db,Bcdr-RkU,[ESS],OPN,6,6,-86,0
00:21:29:7b:5c:54,BalaiTalakayan,[WPA-PSK-TKIP][WPS][ESS],WPA,6,6,-85,0
04:02:1f:4e:57:3e,B315_E573E,[WPA2-PSK-CCMP][ESS],WPA2,11,11,-85,0
50:04:b8:ee:ce:f1,HUAWEI-CEF1,[WPA2-PSK-CCMP][ESS],WPA2,1,1,-82,0
14:91:82:14:e4:12,IsidroGlobe,[WPA-PSK-CCMP+TKIP][WPA2-PSK-CCMP+TKIP][WPS][ESS],WPA2/WPA,1,1,-76,0
54:b8:0a:36:61:68,Central,[WPA-PSK-CCMP+TKIP][WPA2-PSK-CCMP+TKIP][WPS][ESS],WPA2/WPA,11,11,-84,0
00:13:33:ea:82:fa,PLDTHOMEDSL,[WPA-PSK-CCMP+TKIP][WPA2-PSK-CCMP+TKIP][ESS],WPA2/WPA,11,11,-88,0
94:46:96:1d:48:72,PLDTHOMEDSL4J4E0,[WPA-PSK-CCMP+TKIP][WPA2-PSK-CCMP+TKIP][ESS],WPA2/WPA,5,5,-78,0
5e:f4:ab:36:7c:a0,PLDTMyDSLBiz,[WPA-PSK-CCMP+TKIP][WPA2-PSK-CCMP+TKIP][ESS],WPA2/WPA,11,11,-76,0
90:61:0c:39:d2:6e,PLDTHOMEDSL53870,[WPA-PSK-CCMP+TKIP][WPA2-PSK-CCMP+TKIP][ESS],WPA2/WPA,11,11,-84,0
2c:44:fd:be:96:fd,HP-Print-FD-Deskjet 2540 series,[WPA2-PSK-CCMP][ESS],WPA2,6,6,-85,0
f0:98:38:3d:eb:48,HUAWEI,[WPA-PSK-CCMP+TKIP][WPA2-PSK-CCMP+TKIP][ESS],WPA2/WPA,4,4,-83,0
9c:d6:43:4b:26:df,PigPen,[WPA-PSK-CCMP+TKIP][WPA2-PSK-CCMP+TKIP][WPS][ESS],WPA2/WPA,2,2,-71,0
90:61:0c:2d:d3:0b,PROLINK_H5004NK_DD30B,[WPA2-PSK-CCMP][WPS][ESS],WPA2,11,11,-84,0
a0:ab:1b:96:58:e1,Stingray-G,[WPA-PSK-CCMP+TKIP][WPA2-PSK-CCMP+TKIP][ESS],WPA2/WPA,1,1,-80,0
a0:ab:1b:96:58:e0,Cumm4Me,[WPA-PSK-CCMP+TKIP][WPA2-PSK-CCMP+TKIP][WPS][ESS],WPA2/WPA,1,1,-80,0
d0:b2:c4:56:a3:0f,SKYbroadbandA30C,[WPA-PSK-CCMP+TKIP][WPA2-PSK-CCMP+TKIP][ESS],WPA2/WPA,11,11,-86,0
90:61:0c:1f:66:ba,PLDTHOMEDSL,[WPA-PSK-CCMP+TKIP][WPA2-PSK-CCMP+TKIP][WPS][ESS],WPA2/WPA,11,11,-80,0
78:c1:a7:05:24:a4,JnYglobe,[WPA-PSK-CCMP+TKIP][ESS],WPA,6,6,-89,0
00:13:33:d3:4a:ff,PLDTHOMEDSL,[WPA-PSK-CCMP+TKIP][WPA2-PSK-CCMP+TKIP][ESS],WPA2/WPA,11,11,-76,0
90:61:0c:1f:66:5a,PLDTHOMEDSL,[WPA-PSK-CCMP+TKIP][WPA2-PSK-CCMP+TKIP][WPS][ESS],WPA2/WPA,11,11,-79,0
fc:b4:e6:4a:ca:db,SKYbroadband1860,[WPA-PSK-CCMP+TKIP][WPA2-PSK-CCMP+TKIP][WPS][ESS],WPA2/WPA,1,1,-83,0
00:13:33:c6:69:4c,PLDTHOMEDSL,[WPA-PSK-CCMP+TKIP][WPA2-PSK-CCMP+TKIP][ESS],WPA2/WPA,11,11,-84,0
94:fb:b2:59:aa:60,PLDTHOMEDSL,[WPA-PSK-CCMP+TKIP][WPA2-PSK-CCMP+TKIP][WPS][ESS],WPA2/WPA,11,11,-77,0
00:13:33:e7:96:ad,PLDTHOMEDSL,[WPA-PSK-CCMP+TKIP][WPA2-PSK-CCMP+TKIP][ESS],WPA2/WPA,11,11,-75,0
14:b7:f8:0b:8d:9f,Tantoco AirPort Extreme,[WPA-PSK-CCMP+TKIP][WPA2-PSK-CCMP+TKIP][ESS],WPA2/WPA,6,6,-88,0
c8:d3:a3:6f:65:84,dvt555,[WPA-PSK-CCMP+TKIP][WPA2-PSK-CCMP+TKIP][WPS][ESS],WPA2/WPA,1,1,-88,0
98:de:d0:be:64:29,TP-LINK_6429,[WPA2-PSK-CCMP][WPS][ESS],WPA2,2,2,-83,0
e8:de:27:9a:b3:d8,NAFS,[WPS][ESS],OPN,11,11,-78,0
5a:e3:47:f8:8c:b1,LDC_SAP_LENOVO-PC,[WPA2-PSK-CCMP][ESS],WPA2,11,11,-77,0
48:00:33:62:3a:75,SKYbroadband3A72,[WPA-PSK-CCMP+TKIP][WPA2-PSK-CCMP+TKIP][ESS],WPA2/WPA,1,1,-74,0
cc:5d:4e:ac:d7:08,PLDTMyDSL19,[WPA-PSK-CCMP+TKIP][WPA2-PSK-CCMP+TKIP][ESS],WPA2/WPA,11,11,-79,0
4c:81:20:f3:29:bb,PLDTHOMEDSL329BB,[WPA-PSK-CCMP+TKIP][WPA2-PSK-CCMP+TKIP][WPS][ESS],WPA2/WPA,6,6,-84,0
a4:2b:b0:f8:9e:87,PLDTHOMEDSL_AF5Y_EXT,[WPA-PSK-CCMP+TKIP][WPA2-PSK-CCMP+TKIP][WPS][ESS],WPA2/WPA,1,1,-86,0
00:13:33:f5:c1:54,PLDTHOMEDSL_AF5Y,[WPA-PSK-CCMP+TKIP][WPA2-PSK-CCMP+TKIP][ESS],WPA2/WPA,1,1,-80,0
00:1f:fb:ac:7e:9d,HomeBro_ULTERA,[WPA2-PSK-CCMP][WPS][ESS],WPA2,11,11,-79,0
94:46:96:1c:f6:15,E,[WPA-PSK-CCMP+TKIP][WPA2-PSK-CCMP+TKIP][ESS],WPA2/WPA,1,1,-88,0
50:c7:bf:7b:19:d4,TP-LINK MALINIS,[WPA-PSK-CCMP][WPA2-PSK-CCMP][WPS][ESS],WPA2/WPA,11,11,-86,0
80:29:94:68:33:81,SKYbroadband337E,[WPA-PSK-CCMP+TKIP][WPA2-PSK-CCMP+TKIP][ESS],WPA2/WPA,11,11,-86,0
80:29:94:68:33:f5,SKYbroadband33F2,[WPA-PSK-CCMP+TKIP][WPA2-PSK-CCMP+TKIP][ESS],WPA2/WPA,1,1,-81,0
08:95:2a:89:3c:6a,SKYbroadband4321,[WPA-PSK-CCMP+TKIP][WPA2-PSK-CCMP+TKIP][WPS][ESS],WPA2/WPA,1,1,-71,0
00:13:33:ce:c7:b8,PLDTHOMEDSL,[WPA-PSK-CCMP+TKIP][WPA2-PSK-CCMP+TKIP][ESS],WPA2/WPA,11,11,-81,0
f8:d1:11:83:78:44,Virus Detected,[WPA-PSK-CCMP+TKIP][WPA2-PSK-CCMP+TKIP][WPS][ESS],WPA2/WPA,1,1,-87,0
c8:d7:19:1b:14:26,2017_Trojan_Virus!@&*%,[WPA-PSK-CCMP+TKIP][WPA2-PSK-CCMP+TKIP][WPS][ESS],WPA2/WPA,2,2,-82,0
50:09:59:85:b9:e5,SKYbroadbandB9E2,[WPA-PSK-CCMP+TKIP][WPA2-PSK-CCMP+TKIP][ESS],WPA2/WPA,1,1,-88,0
88:3f:d3:2d:db:70,GPF-Globe,[WPA-PSK-CCMP+TKIP][WPA2-PSK-CCMP+TKIP][ESS],WPA2/WPA,5,5,-81,0
00:18:f8:a4:31:fb,GPF,[WPA-PSK-TKIP][ESS],WPA,11,11,-81,0
58:70:c6:f7:42:4d,YICarCam_F7424D,[WPA2-PSK-CCMP][WPS][ESS],WPA2,5,5,-70,0
aa:6b:6e:49:95:18,Happy Birthday,[WPA2-PSK-CCMP][ESS],WPA2,1,1,-75,0
50:09:59:83:82:81,(Alporha and Rodriguez_ 2016),[WPA-PSK-CCMP+TKIP][WPA2-PSK-CCMP+TKIP][ESS], 2016),6,WPA2/WPA,-84,0
48:00:33:f3:09:3d,SKYbroadband093A,[WPA-PSK-CCMP+TKIP][WPA2-PSK-CCMP+TKIP][ESS],WPA2/WPA,1,1,-81,0
18:de:d7:34:79:6c,HUAWEI-kc87,[WPA-PSK-CCMP+TKIP][WPA2-PSK-CCMP+TKIP][ESS],WPA2/WPA,2,2,-86,0
f4:e3:fb:e5:49:fc,XRZ-850,[WPA-PSK-CCMP+TKIP][WPA2-PSK-CCMP+TKIP][ESS],WPA2/WPA,7,7,-75,0
00:1f:fb:ba:d2:8b,LynKoCus6-07,[WPA2-PSK-CCMP][WPS][ESS],WPA2,11,11,-85,0
20:25:64:cb:84:7e,979384,[WPA-PSK-CCMP+TKIP][WPA2-PSK-CCMP+TKIP][WPS][ESS],WPA2/WPA,11,11,-84,0
9c:a3:a9:09:07:f9,IPCF3680910265870,[ESS],OPN,1,1,-72,0
48:00:33:62:8a:79,SKYbroadband8A76,[WPA-PSK-CCMP+TKIP][WPA2-PSK-CCMP+TKIP][ESS],WPA2/WPA,1,1,-82,0
48:00:33:62:31:0d,SKYbroadband310A,[WPA-PSK-CCMP+TKIP][WPA2-PSK-CCMP+TKIP][ESS],WPA2/WPA,11,11,-86,0
f8:32:e4:b2:07:70,HOLYFAMILY,[WPA2-PSK-CCMP][WPS][ESS],WPA2,6,6,-80,0
f6:9f:c2:57:be:90,Aralinks_Hub2,[WPA-PSK-CCMP][WPA2-PSK-CCMP][ESS],WPA2/WPA,1,1,-86,0
b6:4e:26:4c:12:53,TFMGT Office_Guest,[WPA-PSK-CCMP+TKIP][WPA2-PSK-CCMP+TKIP][ESS],WPA2/WPA,2,2,-81,0
88:d2:74:86:c4:cb,bayanDSLWIFI_C4CB,[WPA-PSK-CCMP+TKIP][WPA2-PSK-CCMP+TKIP][WPS][ESS],WPA2/WPA,11,11,-73,0
ba:4e:26:4c:12:53,,[WPA2-PSK-CCMP][ESS],WPA2,2,2,-79,0
e4:7d:eb:03:22:2c,Aircast_Wifi_44,[WPA2-PSK-CCMP+TKIP][ESS],WPA2,10,10,-82,0
e0:8e:3c:2d:fa:d5,bayanDSLWIFI_FAD5,[WPA-PSK-CCMP+TKIP][WPA2-PSK-CCMP+TKIP][ESS],WPA2/WPA,1,1,-85,0
70:5a:9e:84:02:80,MariaClare,[WPA-PSK-CCMP+TKIP][WPA2-PSK-CCMP+TKIP][ESS],WPA2/WPA,11,11,-85,0
14:b7:f8:0b:38:33,Chibutt,[WPA-PSK-CCMP+TKIP][WPA2-PSK-CCMP+TKIP][ESS],WPA2/WPA,1,1,-85,0
e0:8e:3c:21:45:ff,bayanDSLWIFI_45FF,[WPA-PSK-CCMP+TKIP][WPA2-PSK-CCMP+TKIP][ESS],WPA2/WPA,11,11,-82,0
3c:a6:16:a3:e7:79,vivo 1718,[WPA2-PSK-CCMP][ESS],WPA2,6,6,-78,0
ac:86:74:4a:09:53,,[WPA-PSK-CCMP+TKIP][WPA2-PSK-CCMP+TKIP][ESS],WPA2/WPA,5,5,-80,0
00:13:33:e1:c9:15,PLDTHOMEDSL,[WPA-PSK-CCMP+TKIP][WPA2-PSK-CCMP+TKIP][ESS],WPA2/WPA,11,11,-81,0
ac:86:74:4a:09:52,CloudTrax,[ESS],OPN,5,5,-77,0
38:d8:2f:22:3d:48,bayanDSLWiFi_3D48,[WPA-PSK-CCMP+TKIP][WPA2-PSK-CCMP+TKIP][WPS][ESS],WPA2/WPA,1,1,-72,0
cc:1a:fa:97:cf:b8,bayanDSL,[WPA-PSK-CCMP+TKIP][ESS],WPA,10,10,-77,0
cc:06:77:6f:30:40,SAIGON PHO1,[WPA-PSK-TKIP][WPA2-PSK-CCMP][ESS],WPA2/WPA,7,7,-77,0
9c:6f:52:34:ff:b6,Zentea,[WPA-PSK-CCMP+TKIP][WPA2-PSK-CCMP+TKIP][WPS][ESS],WPA2/WPA,1,1,-82,0
9c:6f:52:34:ff:b9,,[WPA-PSK-CCMP+TKIP][WPA2-PSK-CCMP+TKIP][ESS],WPA2/WPA,1,1,-83,0
fa:8f:ca:50:af:9a,,[ESS],OPN,11,11,-77,0
cc:06:77:60:3e:98,PLDTHOMEFIBR03e98,[WPA-PSK-TKIP][WPA2-PSK-CCMP][ESS],WPA2/WPA,1,1,-86,0
5c:6a:80:1a:25:c6,Snow Creme,[WPA-PSK-CCMP+TKIP][WPA2-PSK-CCMP+TKIP][WPS][ESS],WPA2/WPA,6,6,-72,0
00:13:33:dc:91:af,PLDTHOMEDSLDAL1,[WPA-PSK-CCMP+TKIP][WPA2-PSK-CCMP+TKIP][ESS],WPA2/WPA,11,11,-73,0
98:e7:f5:94:4a:ca,HUAWEI-E5330-4ACA,[WPA2-PSK-CCMP][ESS],WPA2,2,2,-69,0
cc:06:77:e1:1f:90,PLDTHOMEFIBR11f90,[WPA-PSK-TKIP][WPA2-PSK-CCMP][ESS],WPA2/WPA,5,5,-81,0
00:e0:20:3b:00:75,Extension 3,[WPA-PSK-CCMP][WPS][ESS],WPA,6,6,-86,0
18:a6:f7:8e:ef:ac,PSCSEND-Conference,[WPA-PSK-CCMP+TKIP][WPA2-PSK-CCMP+TKIP][WPS][ESS],WPA2/WPA,1,1,-72,0
e0:8e:3c:21:f2:cb,bayanDSLWIFI_F2CB,[WPA-PSK-CCMP+TKIP][WPA2-PSK-CCMP+TKIP][ESS],WPA2/WPA,1,1,-77,0
0e:41:58:00:9f:ef,Wireless-N ext 1,[WPA-PSK-CCMP][ESS],WPA,6,6,-89,0
cc:06:77:63:37:90,Estivlings,[WPA-PSK-TKIP][WPA2-PSK-CCMP][ESS],WPA2/WPA,4,4,-82,0
e8:cd:2d:7f:11:4d,glyph,[WPA-PSK-CCMP+TKIP][WPA2-PSK-CCMP+TKIP][WPS][ESS],WPA2/WPA,8,8,-77,0
90:61:0c:2e:02:f3,PLDTHOMEDSL00755,[WPA-PSK-CCMP+TKIP][WPA2-PSK-CCMP+TKIP][WPS][ESS],WPA2/WPA,11,11,-84,0
90:61:0c:2e:02:f4,,[WPA-PSK-CCMP+TKIP][WPA2-PSK-CCMP+TKIP][ESS],WPA2/WPA,11,11,-85,0
00:13:33:f4:2a:f7,,[WPA-PSK-CCMP+TKIP][WPA2-PSK-CCMP+TKIP][ESS],WPA2/WPA,6,6,-76,0
00:13:33:f4:2a:f6,PLDTHOMEDSL,[WPA-PSK-CCMP+TKIP][WPA2-PSK-CCMP+TKIP][ESS],WPA2/WPA,6,6,-77,0
94:46:96:1e:9b:87,PLDTHOMEDSLW3WH0,[WPA-PSK-CCMP+TKIP][WPA2-PSK-CCMP+TKIP][ESS],WPA2/WPA,2,2,-74,0
00:13:33:fa:e4:77,,[WPA-PSK-CCMP+TKIP][WPA2-PSK-CCMP+TKIP][ESS],WPA2/WPA,1,1,-83,0
1c:74:0d:1a:d8:a0,LITOS,[WPA-PSK-CCMP+TKIP][WPA2-PSK-CCMP+TKIP][ESS],WPA2/WPA,9,9,-71,0
e0:8e:3c:2f:67:01,bayanDSLWIFI_6701,[WPA-PSK-CCMP+TKIP][WPA2-PSK-CCMP+TKIP][ESS],WPA2/WPA,1,1,-81,0
40:cb:a8:90:46:e2,Broadband@work,[WPA-PSK-CCMP+TKIP][WPA2-PSK-CCMP+TKIP][WPS][ESS],WPA2/WPA,11,11,-77,0
00:13:33:e1:98:5f,PLDTHOMEDSLsanji,[WPA-PSK-CCMP+TKIP][WPA2-PSK-CCMP+TKIP][ESS],WPA2/WPA,11,11,-83,0
88:d2:74:86:b6:5a,BirthdayMoBa?,[WPA-PSK-CCMP+TKIP][WPA2-PSK-CCMP+TKIP][WPS][ESS],WPA2/WPA,5,5,-70,0
60:31:97:33:82:60,Saturn_Boss,[WPA-PSK-CCMP+TKIP][WPA2-PSK-CCMP+TKIP][ESS],WPA2/WPA,7,7,-82,0
e0:8e:3c:1a:f6:63,bayanDSLWIFI_F663,[WPA-PSK-CCMP+TKIP][WPA2-PSK-CCMP+TKIP][ESS],WPA2/WPA,1,1,-74,0
00:13:33:fc:69:69,PLDTHOMEDSLGRABTAPSI,[WPA2-PSK-CCMP][ESS],WPA2,11,11,-73,0
84:db:ac:1e:f2:12,xaira,[WPA2-PSK-CCMP][ESS],WPA2,3,3,-74,0
e8:94:f6:e1:ba:30,Extension,[WPA2-PSK-CCMP][ESS],WPA2,6,6,-85,0
00:27:15:58:36:e1,B8NT-4p2k8J+YjUJoZTA48J+YjeKdpA,[ESS],OPN,6,6,-67,0
1a:17:23:00:04:77,EVOHOTSPOT 7,[ESS],OPN,6,6,-67,0
94:46:96:0e:28:69,PLDTHOMEDSLanamaria,[WPA-PSK-CCMP+TKIP][WPA2-PSK-CCMP+TKIP][ESS],WPA2/WPA,2,2,-76,0
94:fe:22:b1:b6:14,WEST PHILIPPINE SEA,[WPA-PSK-CCMP+TKIP][WPA2-PSK-CCMP+TKIP][ESS],WPA2/WPA,10,10,-78,0
00:13:33:fd:b7:fb,PLDTHOMEDSLLUCERO,[WPA-PSK-CCMP+TKIP][WPA2-PSK-CCMP+TKIP][ESS],WPA2/WPA,11,11,-89,0
28:ff:3e:3d:e8:19,bayanDSLWIFI_E819,[WPA-PSK-CCMP+TKIP][WPA2-PSK-CCMP+TKIP][WPS][ESS],WPA2/WPA,1,1,-69,0
94:46:96:1f:01:3f,EVOLUTION-5--,[WPA-PSK-CCMP+TKIP][WPA2-PSK-CCMP+TKIP][ESS],WPA2/WPA,10,10,-74,0
00:13:33:f2:83:f7,PLDTHOMEDSLPrivate,[WPA-PSK-CCMP+TKIP][WPA2-PSK-CCMP+TKIP][ESS],WPA2/WPA,6,6,-85,0
2a:17:23:00:04:77,EVOHOTSPOT 8,[ESS],OPN,6,6,-64,0
94:46:96:19:6c:10,PLDTHOMEDSL_CRES,[WPA-PSK-CCMP+TKIP][WPA2-PSK-CCMP+TKIP][ESS],WPA2/WPA,4,4,-74,0
0a:17:23:00:04:77,EVOHOTSPOT 6,[ESS],OPN,6,6,-64,0
e0:8e:3c:1b:3e:83,amihan,[WPA-PSK-CCMP+TKIP][WPA2-PSK-CCMP+TKIP][ESS],WPA2/WPA,2,2,-74,0
08:17:23:00:04:77,EVOHOTSPOT 5,[ESS],OPN,6,6,-54,0
08:17:23:00:04:8f,EVOHOTSPOT 1,[ESS],OPN,1,1,-56,0
2a:17:23:00:04:8f,EVOHOTSPOT 4,[ESS],OPN,1,1,-56,0
1a:17:23:00:04:8f,EVOHOTSPOT 3,[ESS],OPN,1,1,-56,0
0a:17:23:00:04:8f,EVOHOTSPOT 2,[ESS],OPN,1,1,-58,0
fc:8b:97:38:ea:bb,PLDTMyDSL,[WPA2-PSK-CCMP][WPS][ESS],WPA2,11,11,-76,0
fc:8b:97:38:ea:bf,,[WPA-PSK-CCMP+TKIP][WPA2-PSK-CCMP+TKIP][ESS],WPA2/WPA,11,11,-76,0
5c:6a:80:25:f4:98,PLDTMYDSL,[WPA-PSK-CCMP+TKIP][WPA2-PSK-CCMP+TKIP][ESS],WPA2/WPA,5,5,-73,0
94:0e:6b:65:d6:aa,B310_5D6AA,[WPA-PSK-CCMP+TKIP][WPA2-PSK-CCMP+TKIP][ESS],WPA2/WPA,1,1,-82,0
e0:8e:3c:1a:ca:2f,bayanDSLWIFI_CA2F,[WPA-PSK-CCMP+TKIP][WPA2-PSK-CCMP+TKIP][ESS],WPA2/WPA,1,1,-85,0
e0:8e:3c:20:10:0b,bayanDSLWIFI_100B,[WPA-PSK-CCMP+TKIP][WPA2-PSK-CCMP+TKIP][ESS],WPA2/WPA,1,1,-82,0
6c:3b:6b:4c:3f:d9,pgp personal,[WPA2-PSK-CCMP][WPS][ESS],WPA2,1,1,-72,0
90:61:0c:19:b5:a9,,[WPA-PSK-CCMP+TKIP][WPA2-PSK-CCMP+TKIP][ESS],WPA2/WPA,11,11,-68,0
e0:8e:3c:1a:e6:07,bayanDSLWIFI_E607,[WPA-PSK-CCMP+TKIP][WPA2-PSK-CCMP+TKIP][ESS],WPA2/WPA,10,10,-73,0
e6:8d:8c:55:5e:73,Panthera Hotspot,[ESS],OPN,1,1,-72,0
28:ff:3e:3d:ea:e6,bayanDSLWIFI_EAE6,[WPA-PSK-CCMP+TKIP][WPA2-PSK-CCMP+TKIP][WPS][ESS],WPA2/WPA,10,10,-74,0
e0:8e:3c:1a:d7:1f,Francisco,[WPA2-PSK-CCMP+TKIP][ESS],WPA2,1,1,-81,0
6c:19:8f:0c:ff:9e,autotrade.com.ph,[WPA-PSK-CCMP+TKIP][WPA2-PSK-CCMP+TKIP][WPS][ESS],WPA2/WPA,5,5,-89,0
1a:17:23:00:02:85,EVOHOTSPOT 31,[ESS],OPN,6,6,-90,0
0c:96:bf:79:42:87,Broadband@work,[WPA-PSK-CCMP+TKIP][WPA2-PSK-CCMP+TKIP][WPS][ESS],WPA2/WPA,11,11,-73,0
e0:8e:3c:1b:3f:5f,bayanDSLWIFI_3F5F,[WPA-PSK-CCMP+TKIP][WPA2-PSK-CCMP+TKIP][ESS],WPA2/WPA,1,1,-73,0
1a:17:23:00:01:4d,EVOHOTSPOT 35,[ESS],OPN,6,6,-79,0
90:61:0c:16:a8:02,PLDTMyDSL,[WPA-PSK-CCMP][WPA2-PSK-CCMP][ESS],WPA2/WPA,11,11,-81,0
90:61:0c:36:0c:7d,PLDTHOMEDSL03197,[WPA-PSK-CCMP+TKIP][WPA2-PSK-CCMP+TKIP][WPS][ESS],WPA2/WPA,11,11,-63,0
8c:eb:c6:ee:8d:e2,SODOPtradinginc,[WPA-PSK-CCMP+TKIP][WPA2-PSK-CCMP+TKIP][ESS],WPA2/WPA,5,5,-76,0
9c:a9:e4:9a:ee:35,Althea Joy,[WPA-PSK-CCMP+TKIP][WPA2-PSK-CCMP+TKIP][WPS][ESS],WPA2/WPA,11,11,-85,0
 
WiGLE Unique,75
BSSID,SSID,Wigle-Encryption,Wigle-Channel,Wigle Avg RSSI
00:13:33:d6:39:fe,PLDTHOMEDSLKJFC,[WPA-PSK-CCMP+TKIP][WPA2-PSK-CCMP+TKIP][ESS],2,-83
24:09:95:43:1a:21,HUAWEI-E5330-1A21,[WPA2-PSK-CCMP][ESS],5,-85
32:14:4a:ef:a9:8b,MMDA_MESH190,[IBSS],56,-84
f0:55:41:01:81:0c,WiFi_OBDII,[ESS],1,-87
98:e7:f5:5f:47:d2,sgmpaker,[WPA2-PSK-CCMP][ESS],2,-86
ae:5f:3e:23:81:91,AndroidAP,[WPA2-PSK-CCMP][ESS],11,-86
32:14:4a:ef:a9:93,MMDA_MESH190,[IBSS],40,-88
5c:6a:80:a3:70:6f,OGM2017,[WPA-PSK-CCMP+TKIP][WPA2-PSK-CCMP+TKIP][ESS],9,-86
d4:6e:0e:a2:53:b3,OGM-WR1,[WPA-PSK-CCMP][WPA2-PSK-CCMP][WPS][ESS],11,-89
50:c7:bf:d8:60:9a,NHA-WiFi-Guest,[WPA-PSK-CCMP+TKIP][WPA2-PSK-CCMP+TKIP][ESS],3,-89
9c:a9:e4:9a:fc:ee,Sun Wi-Fi_9AFCED,[WPA-PSK-CCMP+TKIP][WPA2-PSK-CCMP+TKIP][WPS][ESS],6,-85
51502_30232_210438652,Globe,HSPA;ph,0,-93
38:a2:8c:7c:e8:31,Mitsubishi Wireless TV 199,[ESS],36,-86
f0:98:38:9f:fd:28,HUAWEI-yJc8,[WPA-PSK-CCMP+TKIP][WPA2-PSK-CCMP+TKIP][ESS],8,-88
51502_30232_210451840,Globe,HSPA;ph,0,-90
e4:8d:8c:fb:3d:c2,CVL_Propagation test,[ESS],60,-89
51502_30232_210447752,Globe,HSPA;ph,0,-79
54:b8:0a:36:61:6a,Central,[WPA-PSK-CCMP+TKIP][WPA2-PSK-CCMP+TKIP][ESS],36,-90
1c:af:f7:17:a3:d2,abad,[WPA-PSK-CCMP+TKIP][WPA2-PSK-CCMP+TKIP][WPS][ESS],11,-85
00:13:33:e5:fb:d6,PLDTHOMEDSL,[WPA-PSK-CCMP+TKIP][WPA2-PSK-CCMP+TKIP][ESS],11,-87
b4:75:0e:10:fc:88,bayanDSLWIFI_D187,[WPA-PSK-CCMP+TKIP][WPA2-PSK-CCMP+TKIP][WPS][ESS],9,-88
51502_30232_210447751,Globe,HSPA;ph,0,-91
4c:81:20:f3:93:6f,malupadilla,[WPA-PSK-CCMP+TKIP][WPA2-PSK-CCMP+TKIP][WPS][ESS],5,-84
a0:ab:1b:96:58:e4,Cumm4Me,[WPA-PSK-CCMP+TKIP][WPA2-PSK-CCMP+TKIP][WPS][ESS],149,-86
a0:ab:1b:96:58:e5,Stingray-G,[WPA-PSK-CCMP+TKIP][WPA2-PSK-CCMP+TKIP][ESS],149,-87
e0:8e:3c:21:f9:d3,bayandsl,[WPA-PSK-CCMP+TKIP][WPA2-PSK-CCMP+TKIP][ESS],1,-84
51502_30232_210477113,Globe,HSPA;ph,0,-91
a0:ab:1b:96:58:e3,Stingray-G,[WPA-PSK-CCMP+TKIP][WPA2-PSK-CCMP+TKIP][ESS],36,-81
a0:ab:1b:96:58:e2,Cumm4Me,[WPA-PSK-CCMP+TKIP][WPA2-PSK-CCMP+TKIP][ESS],36,-81
90:61:0c:2e:b3:11,PLDTHOMEDSLchurchill,[WPA-PSK-CCMP+TKIP][WPA2-PSK-CCMP+TKIP][WPS][ESS],1,-89
08:95:2a:5b:4b:f4,SKYbroadband3003,[WPA-PSK-CCMP+TKIP][WPA2-PSK-CCMP+TKIP][WPS][ESS],6,-88
00:26:75:79:d0:73,VK0110,[WPA-PSK-CCMP+TKIP][ESS],2,-83
2c:4d:54:d9:fd:6c,Dunby_5G,[WPA2-PSK-CCMP][WPS][ESS],149,-84
98:de:d0:be:64:28,TP-LINK_6429_5G,[WPA2-PSK-CCMP][WPS][ESS],36,-86
00:26:75:f7:20:e4,benz,[WPA-PSK-CCMP+TKIP][ESS],10,-86
51502_30232_210464820,Globe,HSPA;ph,0,-95
18:d6:c7:23:95:0f,admin,[WPA-PSK-CCMP][WPA2-PSK-CCMP][WPS][ESS],149,-87
c8:d7:19:1b:14:27,2017_Trojan_Virus!@&*%,[WPA-PSK-CCMP+TKIP][WPA2-PSK-CCMP+TKIP][WPS][ESS],48,-86
51502_30232_210464817,Globe,HSPA;ph,0,-95
1c:b7:2c:79:f8:8c,AWESOME.RIBS_5G,[WPA2-PSK-CCMP][WPS][ESS],36,-90
cc:06:77:6f:30:44,SAIGON PHO2,[WPA-PSK-TKIP][WPA2-PSK-CCMP][ESS],36,-66
b6:4e:26:4c:0f:de,TFMGT Office_Guest,[WPA-PSK-CCMP+TKIP][WPA2-PSK-CCMP+TKIP][ESS],48,-83
ba:4e:26:4c:0e:e4,,[WPA2-PSK-CCMP][ESS],48,-84
b0:4e:26:4c:12:54,TFMGT Office,[WPA-PSK-CCMP+TKIP][WPA2-PSK-CCMP+TKIP][ESS],48,-84
b0:4e:26:4c:0f:de,TFMGT Office,[WPA-PSK-CCMP+TKIP][WPA2-PSK-CCMP+TKIP][ESS],48,-85
b6:4e:26:4c:12:54,TFMGT Office_Guest,[WPA-PSK-CCMP+TKIP][WPA2-PSK-CCMP+TKIP][ESS],48,-85
cc:06:77:70:3f:34,PLDTHOMEFIBR5G03f30,[WPA-PSK-TKIP][WPA2-PSK-CCMP][ESS],40,-87
b6:4e:26:4c:0e:e4,TFMGT Office_Guest,[WPA-PSK-CCMP+TKIP][WPA2-PSK-CCMP+TKIP][ESS],48,-87
51502_30232_210454609,Globe,HSPA;ph,0,-87
b0:4e:26:4c:0e:e4,TFMGT Office,[WPA-PSK-CCMP+TKIP][WPA2-PSK-CCMP+TKIP][ESS],48,-87
e0:8e:3c:16:58:8d,cosme,[WPA-PSK-TKIP][WPA2-PSK-TKIP][WPS][ESS],10,-81
ba:4e:26:4c:12:54,,[WPA2-PSK-CCMP][ESS],48,-89
cc:06:77:6e:cd:94,PLDTHOMEFIBR5Gecd90,[WPA-PSK-TKIP][WPA2-PSK-CCMP][ESS],36,-89
cc:06:77:60:3e:9c,PLDTHOMEFIBR5G03e98,[WPA-PSK-TKIP][WPA2-PSK-CCMP][ESS],36,-82
c0:56:27:90:c5:57,LAWPD,[WPA-PSK-TKIP][WPA2-PSK-CCMP][WPS][ESS],10,-80
bc:c0:0f:cb:0d:8c,PLDTHOMEFIBR5Gb0d88,[WPA-PSK-TKIP][WPA2-PSK-CCMP][ESS],36,-87
cc:06:77:e1:1f:94,PLDTHOMEFIBR5G11f90,[WPA-PSK-TKIP][WPA2-PSK-CCMP][ESS],40,-81
b6:4e:26:4c:0e:e3,TFMGT Office_Guest,[WPA-PSK-CCMP+TKIP][WPA2-PSK-CCMP+TKIP][ESS],2,-82
6c:3b:6b:ad:9e:9d,MikroTik-Dynadish-A,[WPA-EAP+PSK-CCMP][WPA2-PSK-CCMP][WPS][ESS],56,-89
51502_30232_210446713,Globe,HSPA;ph,0,-91
cc:06:77:61:f6:08,PLCPD,[WPA-PSK-TKIP][WPA2-PSK-CCMP][ESS],3,-85
cc:06:77:22:fb:60,PLDTHOMEFIBR2fb60,[WPA-PSK-TKIP][WPA2-PSK-CCMP][ESS],5,-86
cc:06:77:63:37:94,Estivlings2.0,[WPA-PSK-TKIP][WPA2-PSK-CCMP][ESS],36,-83
51502_30232_210454664,Globe,HSPA;ph,0,-94
51502_30232_210454608,Globe,HSPA;ph,0,-97
5c:6a:80:25:f4:99,PLDTMyDSLBiz5G47880,[WPA-PSK-CCMP+TKIP][WPA2-PSK-CCMP+TKIP][ESS],56,-81
51502_30232_210454607,Globe,HSPA;ph,0,-101
1a:17:12:00:0c:07,2-EVOLUTION PREPAID HOT SPOT,[ESS],13,-87
ec:08:6b:82:db:d8,amom,[WPA-PSK-CCMP][WPA2-PSK-CCMP][WPS][ESS],7,-88
7c:c7:09:c6:1b:43,Mitsubishi Wireless TV 059,[ESS],36,-74
6e:7c:5f:da:06:1f,iPhone,[WPA2-PSK-CCMP][ESS],1,-79
2a:17:12:00:0c:07,3-EVOLUTION PREPAID HOT SPOT,[ESS],13,-85
7c:c7:09:c6:20:7a,Mitsubishi Wireless TV 772,[ESS],36,-69
36:69:87:f8:3b:f6,Smart Bro_F83BF6,[WPS][ESS],1,-80
08:17:12:00:0c:07,0-EVOLUTION PREPAID HOT SPOT,[ESS],13,-87
 
"1,6,11 Unique",65
BSSID,SSID,RPi-Encryption,RPi-Channel,RPi Avg RSSI
00:13:33:ec:d1:f0,PLDTHOMEDSL,WPA2/WPA,1,0
00:26:75:dd:54:cc,Tresmarias,WPA,11,0
18:d6:c7:23:95:10,admin,WPA2/WPA,6,0
00:1f:fb:c6:15:79,HomeBro_ULTERA,WPA2,1,0
74:cc:39:97:db:d8,G U E S S ?,WPA2/WPA,1,0
88:3f:d3:06:29:6c,DESKARTE,WPA2/WPA,1,0
32:cd:a7:f4:e7:de,DIRECT-TcM2070 Series,WPA2,11,0
1c:b7:2c:79:f8:88,AWESOME.RIBS,WPA2,1,0
00:13:33:f4:27:ef,PLDTHOMEDSLBILL,WPA2/WPA,1,0
70:5a:9e:da:57:29,SKYbroadband5726,WPA2/WPA,11,0
94:a7:b7:26:73:a3,Ernest_bayanDSLWiFi,WPA2/WPA,1,0
90:61:0c:33:aa:70,PLDTHOMEDSL43632,WPA2/WPA,11,0
50:04:b8:45:1d:5c,work,WPA2/WPA,1,0
d0:b2:c4:57:23:67,arbalest,WPA2/WPA,1,0
80:2a:a8:41:e9:d6,Wireless,WPA2,11,0
1e:74:0d:02:3c:c8,PLDTMyDSLBizADMIN,WPA2/WPA,1,0
c8:93:46:48:4c:43,Think_484C43,WPA2,5,0
c8:93:46:cc:21:da,Think_CC21DA,WPA2/WPA,6,0
14:ab:f0:4d:9d:80,ARRIS-9D82,WPA2,6,0
a4:2b:b0:c1:4c:87,SKYbroadband7B2C_EXT,WPA2/WPA,11,0
f0:98:38:07:78:bc,8386CGA,WPA2/WPA,2,0
84:26:bd:50:6f:4e,MV21564809,OPN,6,0
0c:f4:d5:15:99:28,#SmartWifi @StrEATMag,OPN,11,0
00:90:a9:0e:55:0b,CallaoMan,WPA2,11,0
48:00:33:a7:e7:a1,SKYbroadbandE79E,WPA2/WPA,11,0
00:21:29:9d:a8:2f,SpanishCoins,WPA2,11,0
78:c1:a7:24:a1:8e,Leo,WPA,1,0
5c:f2:86:24:4b:91,jeline,WPA2,7,0
00:90:a9:10:93:eb,CalataganPot,WPA2,11,0
90:61:0c:11:8d:26,PLDTMyDSL,WPA2/WPA,11,0
cc:06:77:60:25:f1,NEBRIJA PLDT WIFI,WPA2,11,0
90:61:0c:3a:77:0d,Samgyup Maginhawa,WPA2/WPA,1,0
34:ba:9a:4f:f4:96,,WPA2,6,0
8e:f5:a3:1d:c2:8c,Avee41,WPA2,6,0
00:18:4d:95:5d:b0,MRS,WPA,11,0
88:d2:74:86:c0:a5,NAIL TREATS HAND and FOOTS SPA,WPA2/WPA,1,0
48:00:33:62:97:e9,SKYMAGINHAWA,WPA2/WPA,11,0
00:13:33:ed:60:48,PLDTHOMEDSL,WPA2/WPA,1,0
00:13:33:ed:60:4c,B79e,WPA2/WPA,1,0
90:61:0c:2c:e1:7d,PLDTHOMEDSL57725,WPA2/WPA,11,0
90:61:0c:2a:47:af,Marco,WPA2,11,0
00:13:33:ea:87:f5,PLDTHOMEDSL,WPA2/WPA,11,0
00:24:01:b8:d1:9d,FRANCISCO-PC_Network,WPA2,6,0
00:13:33:c6:d0:da,PLDTHOMEDSL,WPA2/WPA,11,0
90:61:0c:3a:34:15,Friends,WPA2/WPA,1,0
00:26:75:f4:b3:f1,AUCTUSNEW2,WPA2,6,0
00:13:33:cf:5e:f8,PLDTHOMEDSL,WPA2/WPA,11,0
e0:8e:3c:22:44:ab,bayanDSLWIFI_44AB,WPA2/WPA,11,0
00:13:33:e8:f4:df,PLDTHOMEDSLTRIDENTWOOD,WPA2/WPA,11,0
28:ff:3e:3d:de:9d,bayanDSLWIFI_DE9D,WPA2/WPA,1,0
00:13:33:c1:f2:fb,PLDTHOMEDSLRR,WPA2/WPA,11,0
9c:6f:52:35:1b:b5,bayanDSLWIFI_1BB5,WPA2/WPA,1,0
00:1f:fb:c5:b9:ed,HomeBro_ULTERA,WPA2,1,0
e0:8e:3c:2f:6c:b9,bayanDSLWIFI_6CB9,WPA2/WPA,1,0
74:cc:39:bc:bc:a2,EDONG-EVOLUTION,OPN,10,0
e4:77:23:a5:bd:60,basti20,WPA2/WPA,1,0
88:d2:74:86:ac:73,bayanDSLWIFI_AC73,WPA2/WPA,6,0
2a:17:23:00:04:39,EVOHOTSPOT 16,OPN,11,0
0a:17:23:00:04:39,EVOHOTSPOT 14,OPN,11,0
2a:17:23:00:04:3f,EVOHOTSPOT 12,OPN,11,0
1a:17:23:00:04:39,EVOHOTSPOT 15,OPN,11,0
0a:17:23:00:04:3f,EVOHOTSPOT 10,OPN,11,0
08:17:23:00:04:3f,EVOHOTSPOT 9,OPN,11,0
08:17:23:00:04:39,EVOHOTSPOT 13,OPN,11,0
36:69:87:e8:81:c6,Mayak ako,WPA2/WPA,6,0
 
1-13 Unique,82
BSSID,SSID,RPi-Encryption,RPi-Channel,RPi Avg RSSI
84:16:f9:3f:f2:3e,TUCPVP,WPA2,9,0
94:fe:22:b1:95:df,TUCP OFFICE,WPA2/WPA,10,0
88:d2:74:86:d1:a5,bayanDSLWIFI_D1A5,WPA2/WPA,10,0
00:13:33:e6:02:7f,PLDTHOMEDSL,WPA2/WPA,11,0
bc:c0:0f:7b:a5:30,FIBERHOME_ba530,WPA2/WPA,4,0
f0:98:38:3d:db:04,Central,WPA2/WPA,10,0
50:c7:bf:d8:60:70,NHA-WiFi-Guest,WPA2/WPA,9,0
34:ba:9a:54:92:0f,Smart_Bro_54920F,WPA2,10,0
90:61:0c:3a:45:08,PLDTHOMEDSL17672,WPA2/WPA,1,0
fc:8b:97:35:83:6a,PLDTMyDSL,WPA2/WPA,11,0
90:61:0c:3a:8d:17,PLDTHOMEDSL36119,WPA2/WPA,1,0
c8:3a:35:04:ee:28,Tenda_04EE28,WPA,11,0
00:26:75:f4:9c:21,zoeanne,WPA2/WPA,4,0
48:00:33:62:3a:e9,SKYbroadband3AE6,WPA2/WPA,6,0
a4:2b:b0:ce:06:51,TP-LINK_0651,WPA2/WPA,6,0
d4:7b:b0:53:b8:ab,Chewboiboi,WPA2/WPA,1,0
2c:4d:54:08:c4:e8,SKYbroadband7223_RPT,WPA2,1,0
b4:75:0e:cc:7b:d1,JOBO-NET,WPA2,1,0
1c:74:0d:16:11:e0,PLDTHOMEDSL003OJ,WPA2/WPA,8,0
f0:98:38:3d:b0:a4,GLOBEFIBERPUMPKINBUNNY,WPA2/WPA,1,0
1c:74:0d:17:c9:74,UNITY_SOURCE,WPA2/WPA,11,0
00:26:75:e4:f0:50,YujInn 3rd floor,WPA2,4,0
c8:93:46:48:56:58,Think_485658,WPA2,9,0
18:a6:f7:76:35:da,TP,WPA2/WPA,1,0
00:26:75:79:72:04,ThePlaceToBe,WPA2,11,0
76:4a:a4:c9:21:e6,TheEmperor,WPA2/WPA,13,0
00:1a:ef:48:8a:d3,HOLYFAMILY,WPA2/WPA,2,0
8c:eb:c6:ce:20:18,B315_E2018,WPA2/WPA,8,0
1c:74:0d:17:57:88,PLDTHOMEDSL3SQBI,WPA2/WPA,8,0
60:31:97:dc:e7:f0,The Wander  Space,WPA2/WPA,13,0
90:61:0c:39:f2:a4,PLDTHOMEDSL62116,WPA2/WPA,1,0
e0:8e:3c:19:b0:ab,79Maginhawa,WPA,1,0
00:13:33:fe:e4:28,PLDTHOMEDSL,WPA2/WPA,2,0
c8:93:46:48:4c:ae,Think_484CAE,WPA2,4,0
ee:1d:7f:a1:35:10,aninay09,WPA2,6,0
00:1a:ef:48:77:0b,TROJAN VIRUS!,WPA2,6,0
ae:5f:3e:33:7a:63,Marauder's Phone,WPA2,6,0
64:a5:c3:6d:7d:94,solar_wifi,WPA2,6,0
74:cc:39:86:00:88,PLDTHOMEFIBR_860088,WPA2/WPA,9,0
5c:6a:80:a3:6f:37,UNDER THE SEA,WPA2/WPA,9,0
f0:9f:c2:27:9d:b9,Wireless,WPA2,9,0
cc:06:77:5c:bd:58,OSPLDT2_4G,WPA2/WPA,10,0
78:44:76:c7:c3:7c,CD-R KING_C7C37C,OPN,11,0
0e:41:58:01:1d:a3,5GB/s-3,WPA2,11,0
2c:26:c5:1e:b3:c4,bayanDSL,WPA,3,0
94:46:96:17:00:3d,PLDTHOMEDSL7M7R0,WPA2/WPA,4,0
7c:11:cb:6e:fe:af,Ramiyanarasam,WPA2/WPA,5,0
18:a3:e8:1e:a2:10,PLDTHOMEFIBR_1ea210,WPA2/WPA,7,0
8e:79:67:93:58:82,Smart Bro_935882,OPN,7,0
f0:98:38:72:b5:48,VERA,WPA2/WPA,9,0
74:cc:39:ca:35:38,PLDTHOMEFIBRa3538,WPA2/WPA,9,0
bc:c0:0f:1f:c2:f0,PLDTHOMEFIBRfc2f0,WPA2/WPA,10,0
84:9f:b5:3e:81:8c,wifidental,WPA2,10,0
70:5a:9e:92:6f:f4,SKYbroadband6FF1,WPA2/WPA,12,0
ac:86:74:4a:09:57,‚$,WPA2,5,0
74:cc:39:bb:7e:50,Anytime Fitness Maginhawa,WPA2/WPA,2,0
bc:c0:0f:cb:0d:88,PLDTHOMEFIBRb0d88,WPA2/WPA,5,0
84:16:f9:ed:7d:f4,flyff for fun,WPA2/WPA,10,0
00:13:33:ea:82:37,PLDTHOMEDSL,WPA2/WPA,11,0
00:13:33:fb:45:3c,,OPN,11,0
e0:8e:3c:21:f6:a7,bayanDSLWIFI_F6A7,WPA2/WPA,11,0
00:13:33:e1:9b:5c,PLDTHOMEDSL,WPA2/WPA,11,0
00:13:33:fb:45:39,PLDTHOMEDSL,WPA2/WPA,11,0
28:ff:3e:3d:de:c0,chase,WPA2/WPA,1,0
80:71:7a:f0:72:dd,mag-one,WPA2,2,0
8c:25:05:a4:33:26,B315_43326,WPA2/WPA,5,0
70:8b:cd:b2:7b:60,Flower Poopoo :3 ,WPA2,8,0
f0:98:38:3e:25:fc,HUAWEI-xUKs,WPA2/WPA,4,0
00:1f:fb:a5:21:19,jennyjuly06,WPA2,5,0
00:13:33:e7:6c:15,,WPA2/WPA,8,0
00:13:33:e7:6c:16,,WPA2/WPA,8,0
68:72:51:6c:52:4a,,WPA2,12,0
00:13:33:d2:49:c5,PLDTHOMEDSL,WPA2/WPA,10,0
e0:8e:3c:1a:f7:97,bayanDSLWIFI_F797,WPA2/WPA,10,0
36:69:87:72:18:13,SmartBro,WPA2/WPA,13,0
90:61:0c:2c:dc:66,PLDTHOMEDSL56422,WPA2/WPA,1,0
2a:17:23:00:02:85,EVOHOTSPOT 32,OPN,6,0
9c:6f:52:35:01:16,bayanDSLWIFI_0116,WPA2/WPA,8,0
ee:1d:7f:97:9e:97,,WPA2,13,0
7c:7d:3d:e9:d6:82,LAPD,WPA2/WPA,10,0
00:26:75:b7:75:54,bayanDSLWiFi_7554,WPA2/WPA,10,0
90:61:0c:3a:00:ec,MAEWIFI,WPA2/WPA,11,0
