Common,126
BSSID,SSID,Encryption,Site-Encryption,Last Update
50:09:59:83:82:81,"(Alporha and Rodriguez, 2016)",WPA2/WPA,wpa2,"2017-06-09, 01:00:00 PM"
f4:e3:fb:e5:49:fc,XRZ-850,WPA2/WPA,wpa2,"2017-07-29, 09:00:00 PM"
f8:32:e4:b2:07:70,HOLYFAMILY,WPA2,wpa2,"2017-06-09, 01:00:00 PM"
1c:74:0d:17:c9:74,UNITY_SOURCE,WPA2/WPA,wpa2,"2017-06-09, 01:00:00 PM"
48:00:33:62:31:0d,SKYbroadband310A,WPA2/WPA,wpa2,"2017-07-29, 09:00:00 PM"
e0:8e:3c:18:90:f8,PoohCorner,WPA,wpa,"2017-06-09, 01:00:00 PM"
00:13:33:e1:c7:e9,PLDTHOMEDSL,WPA2/WPA,wpa2,"2017-07-29, 09:00:00 PM"
28:92:4a:14:9f:84,HOLYFAMILY,WPA2/WPA,wpa2,"2017-07-29, 09:00:00 PM"
20:25:64:cb:84:7e,979384,WPA2/WPA,wpa2,"2017-07-29, 09:00:00 PM"
50:09:59:84:f1:91,SKYbroadbandF18E,WPA2/WPA,wpa2,"2017-06-09, 01:00:00 PM"
48:00:33:62:8a:79,SKYbroadband8A76,WPA2/WPA,wpa2,"2017-07-29, 09:00:00 PM"
e0:8e:3c:21:e8:eb,HOLYFAMILY,WPA2/WPA,wpa2,"2017-07-29, 09:00:00 PM"
fc:b4:e6:82:43:85,SKYbroadbandABA4,WPA2/WPA,wpa2,"2017-07-29, 09:00:00 PM"
00:19:be:81:32:e2,Altai_Wifi,WPA2,wpa2,"2017-07-29, 09:00:00 PM"
4c:f9:5d:85:9a:fc,RBCTY1,WPA2/WPA,wpa2,"2017-07-29, 09:00:00 PM"
48:f8:b3:a9:6d:bc,HFSPrivate,WPA2/WPA,wpa2,"2017-07-29, 09:00:00 PM"
d2:5b:a8:f8:d5:d9,PadrePio,WPA2/WPA,wpa2,"2017-07-29, 09:00:00 PM"
00:26:75:79:72:04,ThePlaceToBe,WPA2,wpa2,"2017-07-29, 09:00:00 PM"
1e:74:0d:02:42:c0,PLDTMyDSLBiz,WPA2/WPA,wpa2,"2017-07-29, 09:00:00 PM"
00:1a:ef:48:8a:d3,HOLYFAMILY,WPA2/WPA,wpa2,"2017-07-29, 09:00:00 PM"
1c:74:0d:17:57:88,PLDTHOMEDSL3SQBI,WPA2/WPA,wpa2,"2017-07-29, 09:00:00 PM"
90:61:0c:2d:88:5b,Nuat Thai 80 Maginhawa,WPA2,wpa2,"2017-07-29, 09:00:00 PM"
90:61:0c:2d:88:5b,Nuat Thai 80 Maginhawa,WPA2,wpa2,"2017-07-29, 09:00:00 PM"
90:61:0c:2d:d3:09,tom&jerry,WPA2,wpa2,"2017-07-29, 09:00:00 PM"
90:61:0c:2d:d3:09,tom&jerry,WPA2,wpa2,"2017-07-29, 09:00:00 PM"
00:1a:ef:48:77:0b,TROJAN VIRUS!,WPA2,wpa2,"2017-07-29, 09:00:00 PM"
80:2a:a8:41:e9:d6,Wireless,WPA2,wpa2,"2017-06-09, 01:00:00 PM"
0e:41:58:01:1d:a3,5GB/s-3,WPA2,wpa2,"2017-06-09, 01:00:00 PM"
a4:2b:b0:d9:10:26,,WPA2/WPA,wpa2,"2017-07-29, 09:00:00 PM"
48:f8:b3:0f:d9:65,MotorGirl,WPA2,wpa2,"2017-07-29, 09:00:00 PM"
ec:8c:a2:30:ff:28,#SmartWifi @StrEATMag,OPN,unknown,"2017-07-29, 09:00:00 PM"
f4:f2:6d:94:56:14,OrangeSegment1,WPA2,wpa2,"2017-07-29, 09:00:00 PM"
00:13:33:ea:7b:21,trendzoneqc,WPA2/WPA,wpa2,"2017-07-29, 09:00:00 PM"
94:46:96:17:00:3d,PLDTHOMEDSL7M7R0,WPA2/WPA,wpa2,"2017-07-29, 09:00:00 PM"
00:13:33:ea:7b:20,PLDTHOMEDSLadmin,WPA2/WPA,wpa2,"2017-07-29, 09:00:00 PM"
00:90:a9:10:89:7c,GuestWiFi,WPA2,wpa2,"2017-07-29, 09:00:00 PM"
00:90:a9:10:89:7b,SunkenGalleon,WPA2,wpa2,"2017-07-29, 09:00:00 PM"
14:ab:f0:4c:c1:b0,,WPA2,wpa2,"2017-07-29, 09:00:00 PM"
bc:c0:0f:1e:90:90,PLDTHOMEFIBRe9090,WPA2/WPA,wpa2,"2017-07-29, 09:00:00 PM"
bc:c0:0f:1e:90:90,PLDTHOMEFIBRe9090,WPA2/WPA,wpa2,"2017-07-29, 09:00:00 PM"
00:90:a9:0e:55:0b,CallaoMan,WPA2,wpa2,"2017-07-29, 09:00:00 PM"
00:13:33:df:9b:b8,PLDTHOMEDSL,WPA2/WPA,wpa2,"2017-07-29, 09:00:00 PM"
90:61:0c:11:8d:26,PLDTMyDSL,WPA2/WPA,wpa2,"2017-07-29, 09:00:00 PM"
94:46:96:1d:46:ce,PLDTHOMEDSLUJU40,WPA2/WPA,wpa2,"2017-07-29, 09:00:00 PM"
00:13:33:e1:63:df,PLDTHOMEDSL,WPA2/WPA,wpa2,"2017-07-29, 09:00:00 PM"
30:b5:c2:b5:33:12,FatPipe@BosCoffee,OPN,unknown,"2017-07-29, 09:00:00 PM"
ee:1d:7f:a1:32:b7,DANNAH,WPA2/WPA,wpa2,"2017-06-09, 01:00:00 PM"
50:68:0a:c4:fc:88,HUAWEI-E5330-FC88,WPA2,wpa2,"2017-10-17, 12:00:00 PM"
ac:86:74:4a:09:52,CloudTrax,OPN,unknown,"2017-07-29, 09:00:00 PM"
74:cc:39:ca:35:38,PLDTHOMEFIBRa3538,WPA2/WPA,wpa2,"2017-06-09, 01:00:00 PM"
38:d8:2f:22:3d:48,bayanDSLWiFi_3D48,WPA2/WPA,wpa2,"2017-07-29, 09:00:00 PM"
c0:56:27:90:c5:57,LAWPD,WPA2/WPA,wpa2,"2017-07-29, 09:00:00 PM"
dc:09:4c:14:29:cf,Monmon,WPA2/WPA,wpa2,"2017-07-29, 09:00:00 PM"
00:13:33:e1:c9:15,PLDTHOMEDSL,WPA2/WPA,wpa2,"2017-07-29, 09:00:00 PM"
e0:8e:3c:21:45:ff,bayanDSLWIFI_45FF,WPA2/WPA,wpa2,"2017-07-29, 09:00:00 PM"
00:13:33:c0:57:33,PLDTHOMEDSL,WPA2/WPA,wpa2,"2017-06-09, 01:00:00 PM"
f0:98:38:f9:14:28,Fiber200,WPA2/WPA,wpa2,"2017-07-29, 09:00:00 PM"
74:cc:39:bb:7e:50,Anytime Fitness Maginhawa,WPA2/WPA,wpa2,"2017-07-29, 09:00:00 PM"
cc:1a:fa:97:cf:b8,bayanDSL,WPA,wpa,"2017-07-29, 09:00:00 PM"
5c:6a:80:1a:25:c6,Snow Creme,WPA2/WPA,wpa2,"2017-07-29, 09:00:00 PM"
ac:86:74:4a:09:53,,WPA2/WPA,wpa2,"2017-07-29, 09:00:00 PM"
00:13:33:dc:91:af,PLDTHOMEDSLDAL1,WPA2/WPA,wpa2,"2017-07-29, 09:00:00 PM"
90:61:0c:2a:47:af,Marco,WPA2,wpa2,"2017-07-29, 09:00:00 PM"
90:61:0c:2a:47:af,Marco,WPA2,wpa2,"2017-07-29, 09:00:00 PM"
20:25:64:c6:89:a5,963c41,WPA2/WPA,wpa2,"2017-07-15, 09:00:00 AM"
28:10:7b:f1:02:bc,Diliman Bible Church,WPA2/WPA,wpa2,"2017-07-29, 09:00:00 PM"
00:24:01:b8:d1:9d,FRANCISCO-PC_Network,WPA2,wpa2,"2017-07-15, 09:00:00 AM"
00:13:33:ea:87:f5,PLDTHOMEDSL,WPA2/WPA,wpa2,"2017-07-15, 09:00:00 AM"
00:13:33:c6:d0:da,PLDTHOMEDSL,WPA2/WPA,wpa2,"2017-07-15, 09:00:00 AM"
90:61:0c:2e:02:f3,PLDTHOMEDSL00755,WPA2/WPA,wpa2,"2017-07-15, 09:00:00 AM"
90:61:0c:2e:02:f4,,WPA2/WPA,wpa2,"2017-07-15, 09:00:00 AM"
90:61:0c:2e:02:f4,,WPA2/WPA,wpa2,"2017-07-15, 09:00:00 AM"
90:61:0c:2e:d5:16,PLDTHOMEDSL54550,WPA2/WPA,wpa2,"2017-10-26, 02:00:00 PM"
e0:8e:3c:1f:e9:c3,PSCSEND-Office,WPA2/WPA,wpa2,"2017-07-15, 09:00:00 AM"
e4:77:23:a5:9a:84,RMotel Bayan,WPA2/WPA,wpa2,"2017-10-26, 02:00:00 PM"
cc:06:77:63:37:90,Estivlings,WPA2/WPA,wpa2,"2017-10-26, 02:00:00 PM"
e0:8e:3c:21:f2:cb,bayanDSLWIFI_F2CB,WPA2/WPA,wpa2,"2017-10-26, 02:00:00 PM"
e0:8e:3c:22:1c:23,bayanDSLWIFI_1C23,WPA2/WPA,wpa2,"2017-10-26, 02:00:00 PM"
00:13:33:f4:2a:f6,PLDTHOMEDSL,WPA2/WPA,wpa2,"2017-10-26, 02:00:00 PM"
00:13:33:fc:69:69,PLDTHOMEDSLGRABTAPSI,WPA2/WPA,wpa2,"2017-10-28, 02:00:00 PM"
94:46:96:18:f3:11,PLDTHOMEDSL7Y7Y0,WPA2/WPA,wpa2,"2017-10-26, 02:00:00 PM"
e8:cd:2d:7f:11:4d,glyph,WPA2/WPA,wpa2,"2017-10-26, 02:00:00 PM"
e8:cd:2d:7f:11:4d,glyph,WPA2/WPA,wpa2,"2017-10-26, 02:00:00 PM"
00:13:33:fa:e4:77,,WPA2/WPA,wpa2,"2017-10-26, 02:00:00 PM"
00:1f:fb:a5:21:19,jennyjuly06,WPA2,wpa2,"2017-10-26, 02:00:00 PM"
00:13:33:ed:62:7d,PLDTHOMEDSL,WPA2/WPA,wpa2,"2017-07-15, 09:00:00 AM"
e8:94:f6:e1:ba:30,Extension,WPA2,wpa2,"2017-10-15, 06:00:00 PM"
00:13:33:f4:2a:f7,,WPA2/WPA,wpa2,"2017-10-26, 02:00:00 PM"
60:31:97:33:82:60,Saturn_Boss,WPA2/WPA,wpa2,"2017-10-15, 06:00:00 PM"
00:13:33:e7:6c:14,,WPA2/WPA,wpa2,"2017-07-15, 09:00:00 AM"
00:13:33:e7:6c:15,,WPA2/WPA,wpa2,"2017-07-15, 09:00:00 AM"
1c:74:0d:1a:d8:a0,LITOS,WPA2/WPA,wpa2,"2017-10-26, 02:00:00 PM"
00:13:33:e1:98:5f,PLDTHOMEDSLsanji,WPA2/WPA,wpa2,"2017-07-15, 09:00:00 AM"
40:cb:a8:90:46:e2,Broadband@work,WPA2/WPA,wpa2,"2017-10-26, 02:00:00 PM"
94:46:96:1e:9b:87,PLDTHOMEDSLW3WH0,WPA2/WPA,wpa2,"2017-07-15, 09:00:00 AM"
90:61:0c:35:8c:13,PLDTHOMEDSL35859,WPA2/WPA,wpa2,"2017-10-26, 02:00:00 PM"
e0:8e:3c:1a:f6:63,bayanDSLWIFI_F663,WPA2/WPA,wpa2,"2017-10-26, 02:00:00 PM"
e0:8e:3c:20:17:8f,bayanDSLWIFI_178F,WPA2/WPA,wpa2,"2017-07-15, 09:00:00 AM"
94:46:96:0e:28:69,PLDTHOMEDSLanamaria,WPA2/WPA,wpa2,"2017-10-26, 02:00:00 PM"
9c:6f:52:35:1b:b5,bayanDSLWIFI_1BB5,WPA2/WPA,wpa2,"2017-10-26, 02:00:00 PM"
00:13:33:d2:49:c5,PLDTHOMEDSL,WPA2/WPA,wpa2,"2017-10-15, 06:00:00 PM"
e0:8e:3c:1a:e6:07,bayanDSLWIFI_E607,WPA2/WPA,wpa2,"2017-10-28, 02:00:00 PM"
e0:8e:3c:1a:f7:97,bayanDSLWIFI_F797,WPA2/WPA,wpa2,"2017-10-26, 02:00:00 PM"
00:13:33:d4:a9:4f,PLDTHOMEDSL,WPA2/WPA,wpa2,"2017-10-15, 06:00:00 PM"
94:46:96:1e:f1:2c,PLDTHOMEDSL2Y2Y0,WPA2/WPA,wpa2,"2017-09-21, 01:00:00 PM"
e0:8e:3c:1a:ca:2f,bayanDSLWIFI_CA2F,WPA2/WPA,wpa2,"2017-10-15, 06:00:00 PM"
14:60:80:99:51:7c,mendoza,WPA2/WPA,wpa2,"2017-03-03, 03:00:00 PM"
94:fe:22:b1:b6:14,WEST PHILIPPINE SEA,WPA2/WPA,wpa2,"2017-10-26, 02:00:00 PM"
94:46:96:19:6c:10,PLDTHOMEDSL_CRES,WPA2/WPA,wpa2,"2017-09-21, 01:00:00 PM"
00:13:33:fd:b7:fb,PLDTHOMEDSLLUCERO,WPA2/WPA,wpa2,"2017-03-03, 03:00:00 PM"
90:61:0c:19:b5:a9,,WPA2/WPA,wpa2,"2017-10-28, 02:00:00 PM"
60:83:34:cb:8d:ff,HUAWEI-8DFF,WPA2,wpa2,"2017-03-03, 03:00:00 PM"
5c:6a:80:25:f4:98,PLDTMYDSL,WPA2/WPA,wpa2,"2017-09-21, 01:00:00 PM"
fc:8b:97:38:ea:bb,PLDTMyDSL,WPA2,wpa2,"2017-09-21, 01:00:00 PM"
94:a7:b7:3c:ee:9b,Virus,WPA2/WPA,wpa2,"2017-09-21, 01:00:00 PM"
8c:eb:c6:ee:8d:e2,SODOPtradinginc,WPA2/WPA,wpa2,"2017-09-21, 01:00:00 PM"
28:ff:3e:3d:ea:e6,bayanDSLWIFI_EAE6,WPA2/WPA,wpa2,"2017-10-28, 02:00:00 PM"
5a:8b:f3:70:7b:30,PLDTMyDSLBiz3MobileWiFi-62EA,WPA,wpa,"2017-09-21, 01:00:00 PM"
5a:8b:f3:70:7b:33,PLDTMyDSLBiz3,WPA2/WPA,wpa2,"2017-09-21, 01:00:00 PM"
90:61:0c:36:0c:7d,PLDTHOMEDSL03197,WPA2/WPA,wpa2,"2017-10-28, 02:00:00 PM"
1a:17:12:00:0c:07,2-EVOLUTION PREPAID HOT SPOT,OPN,unknown,"2017-09-21, 01:00:00 PM"
08:17:12:00:0c:07,0-EVOLUTION PREPAID HOT SPOT,OPN,unknown,"2017-09-21, 01:00:00 PM"
0a:17:12:00:0c:07,1-EVOLUTION PREPAID HOT SPOT,OPN,unknown,"2017-09-21, 01:00:00 PM"
6c:3b:6b:4c:3f:d9,pgp personal,WPA2,wpa2,"2017-09-21, 01:00:00 PM"
e0:8e:3c:1a:d7:1f,Francisco,WPA2,wpa2,"2017-09-21, 01:00:00 PM"
e6:8d:8c:55:5e:73,Panthera Hotspot,OPN,unknown,"2017-09-21, 01:00:00 PM"
 
Rpi Unique,242
BSSID,SSID,Encryption
88:d2:74:a8:fe:54,Cradle of Learners,WPA
00:13:33:d6:39:fe,PLDTHOMEDSLKJFC,WPA2/WPA
50:c7:bf:d8:62:57,NHA-WiFi-Guest,WPA2/WPA
50:c7:bf:d8:60:9a,NHA-WiFi-Guest,WPA2/WPA
d4:61:2e:5f:a2:46,Tags Wifi,WPA2
c0:21:0d:94:57:1d,WiFiConnect 864,OPN
d0:6e:0e:49:d6:86,EMDWiFi2,WPA2
d4:6e:0e:49:d6:86,EstateMgmt,WPA
34:0a:6d:10:28:a3,MMBC314,WPA2
5c:6a:80:a3:70:6f,OGM2017,WPA2/WPA
50:c7:bf:d8:60:52,NHA-WiFi-Guest,WPA2/WPA
ec:43:f6:bb:52:9b,PLDTMyDSLBiz1,WPA2/WPA
d8:5d:4c:ff:6d:08,WiFi,WPA2/WPA
74:ea:3a:df:99:36,CIED WiFi,WPA2/WPA
38:a2:8c:fb:42:35,WiFiConnect 321,OPN
f0:25:b7:11:29:24,AndroidAP2924,WPA2
4c:25:78:d0:84:42,D03-yj18q,WPA2
88:61:5a:16:66:41,Meron_166641,WEP
c0:25:e9:06:2c:16,vmowifi,WPA2
50:c7:bf:d8:61:31,NHA-WiFi-Guest,WPA2/WPA
cc:79:cf:68:9d:74,WiFiConnect 310,OPN
74:a5:28:fd:0c:36,AdventureFreeWi-Fi,WPA2/WPA
8c:dc:d4:e0:80:9d,HP-Print-9D-Deskjet 2540 series,WPA2
38:a2:8c:7c:eb:51,Mitsubishi Wireless TV 849,OPN
00:23:cd:da:11:50,Luv's WiFi,WPA2/WPA
ec:43:f6:49:02:10,,WPA
5c:f2:86:22:08:72,WIFIKO,WPA2/WPA
00:13:33:c1:f7:4c,PLDTHOMEDSL,WPA2/WPA
94:0e:6b:a8:0c:ba,Smooch LTE,WPA2
58:70:c6:02:63:7a,YICarCam_02637a,WPA2
58:70:c6:f5:68:b4,YICarCamera,WPA2
9c:e0:63:20:2e:9c,AndroidAP,WPA2
cc:79:cf:2e:f4:bb,WiFiConnect 717,OPN
08:78:08:48:a2:50,AndroidAP,WPA2
a0:8c:fd:98:48:bf,DIRECT-69-HP DeskJet 3630 series,WPA2
00:23:69:2c:65:2d,ALUGLOBE,WEP
36:69:87:f2:5f:8b,FCMJ,WPA2
14:91:82:14:e4:12,IsidroGlobe,WPA2/WPA
8e:79:67:b2:dd:0f,ZTE-MF65M-DD0F,WPA2
bc:c0:0f:7b:a5:30,FIBERHOME_ba530,WPA2/WPA
00:21:29:7b:5c:54,BalaiTalakayan,WPA
90:61:0c:2e:99:ff,PLDTHOMEDSL39423,WPA2/WPA
88:3f:d3:05:bd:94,IsidroGlobe,WPA2/WPA
c4:e9:84:30:a3:ac,TP-LINK_A3AC,WPA2
54:b8:0a:36:61:68,Central,WPA2/WPA
00:13:33:ed:40:b8,PLDTHOMEDSLjbtvelandria,WPA2/WPA
e0:8e:3c:22:2d:d7,bayanDSLWIFI_2DD7,WPA2/WPA
c4:12:f5:75:e3:8a,bilan,WPA2/WPA
f0:98:38:3d:eb:48,HUAWEI,WPA2/WPA
94:46:96:1d:48:72,PLDTHOMEDSL4J4E0,WPA2/WPA
2c:44:fd:be:96:fd,HP-Print-FD-Deskjet 2540 series,WPA2
5e:f4:ab:36:7c:a0,PLDTMyDSLBiz,WPA2/WPA
00:13:33:f6:c3:47,PLDTHOMEDSLkidlat,WPA2/WPA
fc:8b:97:35:83:6a,PLDTMyDSL,WPA2/WPA
d0:b2:c4:56:a3:0f,SKYbroadbandA30C,WPA2/WPA
a0:ab:1b:96:58:e0,Cumm4Me,WPA2/WPA
a0:ab:1b:96:58:e1,Stingray-G,WPA2/WPA
9c:d6:43:4b:26:df,PigPen,WPA2/WPA
78:c1:a7:05:c5:5c,LUCAS INTERNET,WPA
90:61:0c:2e:b3:11,PLDTHOMEDSLchurchill,WPA2/WPA
4c:81:20:f3:93:6f,malupadilla,WPA2/WPA
78:c1:a7:05:24:a4,JnYglobe,WPA
78:c1:a7:24:51:96,Java Black,WPA
00:13:33:d3:4a:ff,PLDTHOMEDSL,WPA2/WPA
90:61:0c:1f:66:ba,PLDTHOMEDSL,WPA2/WPA
90:61:0c:1f:66:5a,PLDTHOMEDSL,WPA2/WPA
2c:4d:54:d9:fd:68,Dunby,WPA2
9c:6f:52:1c:a6:73,ZTEH108N_CA673,WPA
88:d2:74:86:ac:19,bayanDSLWIFI_AC19,WPA2/WPA
00:13:33:e7:96:ad,PLDTHOMEDSL,WPA2/WPA
00:26:75:dd:54:cc,Tresmarias,WPA
00:13:33:c6:69:4c,PLDTHOMEDSL,WPA2/WPA
94:fb:b2:59:aa:60,PLDTHOMEDSL,WPA2/WPA
5a:e3:47:f8:8c:b1,LDC_SAP_LENOVO-PC,WPA2
00:13:33:f5:c1:54,PLDTHOMEDSL_AF5Y,WPA2/WPA
c8:d3:a3:15:b2:98,KOALA,WPA2/WPA
c8:d3:a3:6f:65:84,dvt555,WPA2/WPA
14:b7:f8:0b:8d:9f,Tantoco AirPort Extreme,WPA2/WPA
98:de:d0:be:64:29,TP-LINK_6429,WPA2
4c:81:20:f3:29:bb,PLDTHOMEDSL329BB,WPA2/WPA
94:46:96:1c:f6:15,E,WPA2/WPA
48:00:33:62:3a:75,SKYbroadband3A72,WPA2/WPA
48:db:50:d0:09:cd,HUAWEI-E5330-09CD,WPA2
fc:8b:97:31:78:7d,Pocket-Repeater,OPN
a8:0c:63:7c:08:ce,aj,WPA2
a8:0c:63:7c:08:cf,HUAWEI-08CE_Guest,WPA2
ec:f3:42:23:20:1c,jensen,WPA
a4:2b:b0:ce:06:51,TP-LINK_0651,WPA2/WPA
48:7b:6b:f0:72:f8,ACEJ FAM,WPA2/WPA
fa:8f:ca:51:06:86,,OPN
94:0e:6b:57:19:3d,get off my wifi,WPA2
a4:2b:b0:f8:9e:87,PLDTHOMEDSL_AF5Y_EXT,WPA2/WPA
e8:de:27:9a:b3:d8,NAFS,WPA2/WPA
80:29:94:68:33:81,SKYbroadband337E,WPA2/WPA
00:13:33:ce:c7:b8,PLDTHOMEDSL,WPA2/WPA
50:c7:bf:7b:19:d4,TP-LINK MALINIS,WPA2/WPA
08:95:2a:89:3c:6a,SKYbroadband4321,WPA2/WPA
80:29:94:68:33:f5,SKYbroadband33F2,WPA2/WPA
18:d6:c7:23:95:10,admin,WPA2/WPA
30:e1:71:05:7d:ea,DIRECT-E9-HP DeskJet 3630 series,WPA2
88:3f:d3:2d:db:70,GPF-Globe,WPA2/WPA
00:1f:fb:ac:7e:9d,HomeBro_ULTERA,WPA2
00:18:f8:a4:31:fb,GPF,WPA
88:3f:d3:06:77:64,HUAWEI-68pF,WPA2/WPA
00:1f:fb:ba:d2:8b,LynKoCus6-07,WPA2
48:00:33:62:32:59,SKYbroadband3256,WPA2/WPA
50:09:59:85:b9:e5,SKYbroadbandB9E2,WPA2/WPA
48:00:33:f3:09:3d,SKYbroadband093A,WPA2/WPA
18:de:d7:34:79:6c,HUAWEI-kc87,WPA2/WPA
58:70:c6:f7:42:4d,YICarCam_F7424D,WPA2
f6:9f:c2:b5:f1:b4,Aralinks_Faculty,WPA2/WPA
00:13:33:e1:c7:ec,,WPA2/WPA
14:60:80:99:0d:80,bayanDSLWiFi,WPA2/WPA
3a:1c:23:00:4b:aa,SmartBro-004baa,OPN
f6:9f:c2:57:be:90,Aralinks_Hub2,WPA2/WPA
8c:18:d9:71:91:1b,Mitsubishi Wireless TV 908,OPN
bc:c0:0f:7b:d7:c0,FIBERHOME_bd7c0,WPA2/WPA
14:b7:f8:0b:41:fb,SKYbroadband41F8,WPA2/WPA
bc:c0:0f:bf:79:80,PLDTHOMEFIBRf7980,WPA2/WPA
84:16:f9:35:36:c2,Pazzo Brew Bar,WPA2
18:a6:f7:76:35:da,TP,WPA2/WPA
c8:93:46:48:4c:ae,Think_484CAE,WPA2
90:61:0c:16:73:f9,PLDTMyDSL,WPA2/WPA
a0:ab:1b:76:31:7c,kitchenweb,WPA2/WPA
14:b7:f8:0b:1c:37,SKYbroadband1C34,WPA2/WPA
78:c1:a7:03:9e:ec,Pebble,WPA
86:2a:a8:eb:23:c8,Aralinks_Hub1,WPA2/WPA
cc:06:77:21:70:80,zab,WPA2/WPA
cc:06:77:6e:da:80,PLDTHOMEFIBReda80,WPA2/WPA
8c:34:fd:60:c1:ea,HUAWEI-E5330-C1EA,WPA2
c8:93:46:47:ad:f2,Think_47ADF2,WPA2
c8:93:46:48:50:5b,Think_48505B,WPA2
cc:06:77:6f:30:40,SAIGON PHO1,WPA2/WPA
80:13:82:58:e6:2c,HUAWEI-E62C,WPA2
c8:93:46:48:60:c6,Think_4860C6,WPA2
f0:9f:c2:27:9d:b9,Wireless,WPA2
74:cc:39:86:00:88,PLDTHOMEFIBR_860088,WPA2/WPA
c8:93:46:48:70:90,Think_487090,WPA2
f0:98:38:07:9c:34,sjvmr,WPA2/WPA
c8:93:46:48:4c:7f,Think_484C7F,WPA2
8c:25:05:c9:46:a4,B315_946A4,WPA2/WPA
cc:06:77:21:12:88,PLDTHOMEFIBR11288,WPA2/WPA
e0:8e:3c:2d:fa:d5,bayanDSLWIFI_FAD5,WPA2/WPA
cc:06:77:5c:bd:59,OS Dong,WPA2
cc:06:77:5c:bd:58,OSPLDT2_4G,WPA2/WPA
bc:c0:0f:7b:db:c0,FIBERHOME_bdbc0,WPA2/WPA
74:cc:39:97:e5:68,FIBERHOME_7e568,WPA2/WPA
34:ba:9a:55:c5:b6,,WPA2/WPA
00:13:33:fa:b8:da,PLDTHOMEDSLWS,WPA2/WPA
44:6e:e5:5b:48:82,VIRUS,WPA2
f0:98:38:07:ce:cc,HUAWEI-sJ8b,WPA2/WPA
f0:98:38:a0:02:64,WeylandMaginhawa,WPA2/WPA
cc:06:77:6e:cf:08,PLDTHOMEFIBRecf08,WPA2/WPA
f0:98:38:72:b5:48,VERA,WPA2/WPA
00:21:29:9d:a8:2f,SpanishCoins,WPA2
2c:26:c5:1e:b3:c4,bayanDSL,WPA
48:00:33:a7:e7:a1,SKYbroadbandE79E,WPA2/WPA
f0:98:38:3e:1f:34,UITC-OFFICE,WPA2/WPA
50:04:b8:8f:95:f9,LuckyAlmera,WPA2
76:4a:a4:c9:3e:4c,CECILLE,WPA2/WPA
48:fd:8e:b8:e5:bc,HUAWEI-3Cg2,WPA2/WPA
0e:41:58:00:9f:ef,Wireless-N ext 1,WPA
bc:c0:0f:7b:c2:08,FIBERHOME_bc208,WPA2/WPA
ac:f9:70:ec:e6:08,HUAWEI-7BDP,WPA2/WPA
e4:7d:eb:03:22:2c,Aircast_Wifi_44,WPA2
88:d2:74:86:c4:cb,bayanDSLWIFI_C4CB,WPA2/WPA
fa:8f:ca:50:af:9a,,OPN
9c:6f:52:34:ff:b7,Fatpipe@Moonleaf,WPA2/WPA
b6:4e:26:4c:12:53,TFMGT Office_Guest,WPA2/WPA
5c:54:6d:43:5b:10,55TINTA,WPA2/WPA
70:8b:cd:b2:7b:60,Flower Poopoo :3 ,WPA2
cc:06:77:60:3e:98,PLDTHOMEFIBR03e98,WPA2/WPA
88:d2:74:86:c0:a5,NAIL TREATS HAND and FOOTS SPA,WPA2/WPA
b0:4e:26:4c:0e:e3,TFMGT Office,WPA2/WPA
ba:4e:26:4c:0e:e3,,WPA2
b6:4e:26:4c:0e:e3,TFMGT Office_Guest,WPA2/WPA
b0:4e:26:4c:12:53,TFMGT Office,WPA2/WPA
bc:c0:0f:cb:0d:88,PLDTHOMEFIBRb0d88,WPA2/WPA
cc:06:77:e1:1f:90,PLDTHOMEFIBR11f90,WPA2/WPA
00:e0:20:3b:00:75,Extension 3,WPA
ac:86:74:4a:09:57,‚$,WPA2
94:46:96:18:f4:c9,PLDTHOMEDSL7G7G0,WPA2/WPA
98:de:d0:cc:d4:72,K5MPCTV,WPA2
b0:c1:9e:30:5e:25,SmartBro_305E25,WPA2/WPA
18:de:d7:34:4c:cc,HUAWEI-uAu6,WPA2/WPA
2c:4d:54:20:49:f0,pids_OP,WPA2
2c:4d:54:20:49:f1,pids_Guest,WPA2
00:13:33:e8:f8:31,PLDTHOMEDSL,WPA2/WPA
f4:9e:ef:d0:b7:bc,PLDTHOMEDSL VCE,WPA2
00:13:33:e1:9b:5c,PLDTHOMEDSL,WPA2/WPA
90:61:0c:2c:e1:7d,PLDTHOMEDSL57725,WPA2/WPA
cc:06:77:22:fb:60,PLDTHOMEFIBR2fb60,WPA2/WPA
00:13:33:e3:b0:3b,PLDTHOMEDSL,WPA2/WPA
18:a6:f7:8e:ef:ac,PSCSEND-Conference,WPA2/WPA
ba:4e:26:4c:12:53,,WPA2
b0:c1:9e:49:f6:70,salt to the sea,WPA2/WPA
d0:22:be:21:f6:8d,beyond ulysses,WPA2
0c:bd:51:fb:62:e7,Smart Bro,WPA2
34:ba:9a:55:b6:dd,ZERAVLA,WPA2/WPA
9c:6f:52:35:10:66,Aji 3,WPA2/WPA
36:69:87:71:eb:69,Smartnoli,WPA2/WPA
88:d2:74:86:b6:5a,BirthdayMoBa?,WPA2/WPA
34:ba:9a:56:31:88,Farnsworth,WPA2
00:13:33:e7:6c:16,,WPA2/WPA
e0:8e:3c:2f:67:01,bayanDSLWIFI_6701,WPA2/WPA
2a:17:23:00:04:77,EVOHOTSPOT 8,OPN
28:ff:3e:3d:e8:19,bayanDSLWIFI_E819,WPA2/WPA
1a:17:23:00:04:8f,EVOHOTSPOT 3,OPN
08:17:23:00:04:8f,EVOHOTSPOT 1,OPN
0a:17:23:00:04:8f,EVOHOTSPOT 2,OPN
2a:17:23:00:04:8f,EVOHOTSPOT 4,OPN
9c:6f:52:35:1e:06,bayanDSLWIFI_1E06,WPA2/WPA
00:23:69:26:de:f7,maja,WPA2/WPA
08:17:23:00:04:77,EVOHOTSPOT 5,OPN
0a:17:23:00:04:77,EVOHOTSPOT 6,OPN
1a:17:23:00:04:77,EVOHOTSPOT 7,OPN
94:46:96:1f:01:3f,EVOLUTION-5--,WPA2/WPA
00:13:33:fa:8c:52,PLDTHOMEDSL,WPA2/WPA
94:46:96:18:f1:db,Asdfghjkl%%,WPA2/WPA
74:cc:39:bc:bc:a3,EDONG-EVOLUTION,OPN
74:cc:39:bc:bc:a2,EDONG-EVOLUTION,OPN
90:61:0c:3a:33:db,PLDTHOMEDSL13275,WPA2/WPA
e0:8e:3c:2f:6c:b9,bayanDSLWIFI_6CB9,WPA2/WPA
74:cc:39:bc:bc:a0,EDONG-EVOLUTION,OPN
e0:8e:3c:21:ce:bf,bayanDSLWIFI_CEBF,WPA2/WPA
00:13:33:f2:83:f7,PLDTHOMEDSLPrivate,WPA2/WPA
08:17:23:00:04:3f,EVOHOTSPOT 9,OPN
06:d6:aa:57:47:00,Voodoo,WPA2
88:d2:74:86:ac:73,bayanDSLWIFI_AC73,WPA2/WPA
fc:8b:97:38:ea:bf,,WPA2/WPA
c0:7e:40:73:1f:e4,PT&T Fiber,WPA2/WPA
e0:8e:3c:1b:3f:5f,bayanDSLWIFI_3F5F,WPA2/WPA
0a:17:23:00:04:39,EVOHOTSPOT 14,OPN
90:61:0c:16:a8:02,PLDTMyDSL,WPA2/WPA
0c:96:bf:79:42:87,Broadband@work,WPA2/WPA
1a:17:23:00:04:39,EVOHOTSPOT 15,OPN
2a:17:23:00:04:39,EVOHOTSPOT 16,OPN
1a:17:23:00:01:3d,EVOHOTSPOT 23,OPN
ee:1d:7f:97:9e:97,,WPA2
0a:17:23:00:01:4d,EVOHOTSPOT 34,OPN
1a:17:23:00:01:4d,EVOHOTSPOT 35,OPN
08:17:23:00:01:4d,EVOHOTSPOT 33,OPN
 
Wigle Site Unique,1193
BSSID,SSID,Site-Encryption,Last Update
00:13:33:C1:F2:FB,PLDTHOMEDSLRR,wpa2,"2017-07-15, 09:00:00 AM"
00:13:33:CF:5E:F8,PLDTHOMEDSL,wpa2,"2017-07-15, 09:00:00 AM"
00:13:33:F4:4B:E9,PLDTHOMEDSL,wpa2,"2017-10-26, 02:00:00 PM"
00:13:33:ED:58:82,PLDTHOMEDSLPraiseGOD,wpa2,"2017-10-26, 02:00:00 PM"
00:13:33:FA:C7:C1,PLDTHOMEDSL,wpa2,"2017-06-09, 01:00:00 PM"
00:13:33:FA:EF:49,PLDTHOMEDSL_Matias,wpa2,"2017-06-09, 01:00:00 PM"
00:13:33:FE:CC:B8,PLDTHOMEDSLjun,wpa2,"2017-10-26, 02:00:00 PM"
00:13:33:FE:E4:AA,PLDTHOMEDSL,wpa2,"2017-07-15, 09:00:00 AM"
00:13:33:ED:A2:BA,PLDTHOMEDSL,wpa2,"2017-07-29, 09:00:00 PM"
00:13:33:D3:4B:09,PLDTHOMEDSL,wpa2,"2017-06-09, 01:00:00 PM"
00:13:33:C0:E2:7A,PLDTHOMEDSL,wpa2,"2017-06-09, 01:00:00 PM"
00:13:33:FE:CC:AE,PLDTHOMEDSL_arhnelie,wpa2,"2017-10-15, 06:00:00 PM"
00:13:33:D6:2C:6B,PLDTHOMEDSL,wpa2,"2017-04-04, 12:00:00 PM"
00:13:33:F2:89:1A,PLDTHOMEDSL,wpa2,"2017-07-15, 09:00:00 AM"
00:13:33:F4:48:42,PLDTHOMEDSL,wpa2,"2017-07-29, 09:00:00 PM"
00:13:33:F0:A2:99,PLDTHOMEDSLNoConnection,wpa2,"2017-05-07, 01:00:00 PM"
00:13:33:E8:F6:83,PLDTHOMEDSL302,wpa2,"2017-05-07, 01:00:00 PM"
00:12:5F:08:E7:8E,Wireless Projector,unknown,"2017-05-07, 01:00:00 PM"
00:13:33:F1:1B:5C,PLDTHOMEDSL_Ai,wpa2,"2017-07-29, 09:00:00 PM"
00:13:33:F4:4B:D5,PLDTHOMEDSL,wpa2,"2017-10-26, 02:00:00 PM"
00:13:33:F6:C3:4C,PLDTHOMEDSL,wpa2,"2017-05-07, 01:00:00 PM"
00:13:33:E0:3E:83,PLDTHOMEDSL,wpa2,"2017-10-15, 06:00:00 PM"
00:13:33:FB:45:3D,None,unknown,"2017-07-15, 09:00:00 AM"
00:13:33:FC:CE:59,PLDTHOMEDSL,wpa2,"2017-07-29, 09:00:00 PM"
00:13:33:FC:D0:AC,PLDTHOMEDSL,wpa2,"2017-07-15, 09:00:00 AM"
00:13:33:E7:6A:F7,PLDTHOMEDSLamansec,wpa2,"2017-05-07, 01:00:00 PM"
00:13:33:E8:F4:DF,PLDTHOMEDSLTRIDENTWOOD,wpa2,"2017-07-15, 09:00:00 AM"
00:13:33:D6:BB:B3,PLDTHOMEDSL,wpa2,"2017-07-15, 09:00:00 AM"
00:13:33:EC:21:4C,PLDTHOMEDSL,wpa2,"2017-10-26, 02:00:00 PM"
00:13:33:EE:D8:06,None,wpa2,"2017-05-07, 01:00:00 PM"
00:13:33:FA:E3:A5,PLDTHOMEDSL,wpa2,"2017-07-15, 09:00:00 AM"
00:13:33:FA:E3:A8,None,wpa2,"2017-07-15, 09:00:00 AM"
00:13:33:FB:46:83,PLDTHOMEDSLbellabonita,wpa2,"2017-07-29, 09:00:00 PM"
00:13:33:FC:66:80,PLDTHOMEDSLACSUP,wpa2,"2017-06-09, 01:00:00 PM"
00:13:33:FE:97:66,PLDTHOMEDSLVAJ,wpa2,"2017-10-26, 02:00:00 PM"
00:13:33:FE:E0:9F,PLDTHOMEDSL,wpa2,"2017-03-22, 12:00:00 PM"
00:13:33:FE:E3:0B,PLDTHOMEDSL,wpa2,"2017-10-15, 06:00:00 PM"
00:13:33:F1:CA:A2,PLDTHOMEDSLAN,wpa2,"2017-03-03, 03:00:00 PM"
00:13:33:F4:27:EF,PLDTHOMEDSLBILL,wpa2,"2017-07-29, 09:00:00 PM"
00:13:33:E8:F1:E7,PLDTHOMEDSL,wpa2,"2017-03-03, 03:00:00 PM"
00:13:33:DB:90:5C,PLDTHOMEDSL,wpa2,"2017-07-29, 09:00:00 PM"
00:13:33:DF:CF:BB,PLDTHOMEDSL,wpa2,"2017-10-26, 02:00:00 PM"
00:18:25:03:49:C4,PLDTSMART,wpa2,"2017-05-07, 01:00:00 PM"
00:1B:2F:E2:2E:EC,saugerties2,wpa2,"2017-07-29, 09:00:00 PM"
00:18:25:05:95:D0,PLDT Smart WiFi Zone,unknown,"2017-05-07, 01:00:00 PM"
00:18:25:05:95:E0,PLDT Smart WiFi Zone,unknown,"2017-04-04, 12:00:00 PM"
00:18:25:03:49:C0,PLDT Smart WiFi Zone,none,"2017-05-07, 01:00:00 PM"
00:18:25:03:49:E0,PLDT Smart WiFi Zone,none,"2017-04-04, 12:00:00 PM"
00:18:25:03:49:F0,PLDT Smart WiFi Zone,unknown,"2017-04-04, 12:00:00 PM"
00:19:BE:80:83:AC,WiFi,wpa2,"2017-05-07, 01:00:00 PM"
00:18:4D:95:5D:B0,MRS,wpa,"2017-07-29, 09:00:00 PM"
00:1A:EF:2A:94:09,Maineden,wpa2,"2017-10-26, 02:00:00 PM"
00:1A:EF:2D:E3:24,CD-R_KING_11n,wpa2,"2017-06-09, 01:00:00 PM"
00:1A:EF:2E:AA:8D,Hybridwerx,wpa2,"2017-05-07, 01:00:00 PM"
00:18:F8:70:EE:6E,Maayusin,wpa2,"2017-06-09, 01:00:00 PM"
00:1D:92:10:DF:E3,H9300G,wpa,"2017-04-04, 12:00:00 PM"
00:18:25:03:49:C1,Magiting S2,wpa,"2017-05-07, 01:00:00 PM"
00:18:25:03:49:E1,Magiting S3,wpa,"2017-04-04, 12:00:00 PM"
00:18:25:05:95:E4,PLDTSMART,wpa2,"2017-04-04, 12:00:00 PM"
00:18:25:03:49:E4,PLDTSMART,wpa2,"2017-04-04, 12:00:00 PM"
00:18:25:03:49:F4,PLDTSMART,wpa2,"2017-04-04, 12:00:00 PM"
00:18:25:05:95:D1,Magiting S1,wpa,"2017-05-07, 01:00:00 PM"
00:18:25:05:95:D4,PLDTSMART,wpa2,"2017-05-07, 01:00:00 PM"
00:1A:EF:29:B5:F4,MMMN,wpa2,"2017-05-07, 01:00:00 PM"
00:1A:EF:48:A3:BA,MacNet,wep,"2017-03-04, 02:00:00 PM"
00:1F:FB:BA:B8:DF,HomeBro_ULTERA,wpa2,"2017-05-07, 01:00:00 PM"
00:1F:FB:BA:F8:35,DiKaMakaKonekNoh,wpa2,"2017-05-07, 01:00:00 PM"
00:21:E9:F7:89:A1,M. Marasigan (Restricted),wpa2,"2017-10-17, 12:00:00 PM"
00:1F:FB:A1:CF:B3,None,wpa2,"2017-03-16, 04:00:00 PM"
00:1F:FB:B7:C7:81,BSG_75,wpa2,"2017-10-26, 02:00:00 PM"
00:1F:FB:BA:F8:37,HomeBro_ULTERA,wpa2,"2017-05-07, 01:00:00 PM"
00:1F:FB:BB:30:8B,lorelove,wpa2,"2017-07-29, 09:00:00 PM"
00:1F:FB:BB:10:89,NEDAMLA,wpa2,"2017-05-07, 01:00:00 PM"
00:1F:FB:BA:68:87,HomeBro_ULTERA,wpa2,"2017-05-07, 01:00:00 PM"
00:1F:FB:BA:CA:63,HomeBro_ULTERA,wpa2,"2017-07-15, 09:00:00 AM"
00:1F:FB:B2:AD:B9,HomeBro_ULTERA,wpa2,"2017-10-26, 02:00:00 PM"
00:1F:FB:B7:A0:01,Ferrari Ultera,wpa2,"2017-07-15, 09:00:00 AM"
00:1F:FB:BB:34:2F,HomeBro_ULTERA,wpa2,"2017-09-21, 01:00:00 PM"
00:1C:10:C0:E6:F1,Bhebang,wpa,"2017-05-07, 01:00:00 PM"
06:19:BE:80:83:AC,WiFi - Guest,unknown,"2017-05-07, 01:00:00 PM"
00:22:3F:19:41:1C,Tonlengo,wpa,"2017-04-04, 12:00:00 PM"
00:24:A5:D7:87:D3,BuraotNET-G-AES,wpa,"2017-07-29, 09:00:00 PM"
00:23:69:10:FD:4C,Lithic Lab,wep,"2017-06-09, 01:00:00 PM"
04:A1:51:D5:FB:B8,ThePalace_2,wpa2,"2017-07-15, 09:00:00 AM"
00:26:75:E4:F0:50,YujInn 3rd floor,wpa,"2017-07-29, 09:00:00 PM"
00:26:75:EF:7C:D8,ChooseHappiness,wpa,"2017-06-09, 01:00:00 PM"
00:26:75:9A:BD:51,bayanDSLWiFi_BD51,wpa2,"2017-03-22, 12:00:00 PM"
00:26:75:F4:B3:C5,QCGAS 3,wpa2,"2017-10-17, 12:00:00 PM"
00:26:75:F4:B3:F1,AUCTUSNEW2,wpa2,"2017-10-26, 02:00:00 PM"
00:26:75:B7:6E:06,bayanDSLWiFi_6E06,wpa2,"2017-03-08, 02:00:00 AM"
00:26:75:AC:36:08,Onins,wpa2,"2017-03-11, 02:00:00 PM"
04:8D:38:A2:56:EB,k.net,wpa2,"2017-05-07, 01:00:00 PM"
00:27:15:FC:74:C1,AURA DESIRE,wpa2,"2017-03-03, 03:00:00 PM"
00:26:2F:3E:E1:CE,pogi,wpa2,"2017-06-09, 01:00:00 PM"
00:23:B1:68:E7:8A,frappuccino,wpa2,"2017-07-15, 09:00:00 AM"
08:95:2A:5D:2F:85,ReggieRage,wpa2,"2017-07-15, 09:00:00 AM"
24:A4:3C:94:E9:E9,TVE CCTV 1,wpa2,"2017-05-07, 01:00:00 PM"
0A:A6:F7:4E:72:6E,GGRDD-5G,wpa2,"2017-05-07, 01:00:00 PM"
0A:17:12:00:0A:27,13-EVOLUTION PREPAID HOT SPOT,unknown,"2017-09-21, 01:00:00 PM"
08:60:6E:CE:A7:5C,GPS,wpa2,"2017-06-09, 01:00:00 PM"
08:10:74:DC:25:D8,dd-wrt,wpa,"2017-10-26, 02:00:00 PM"
00:86:11:08:13:9E,Zara,wpa2,"2017-07-15, 09:00:00 AM"
64:A5:C3:6D:7D:94,solar_wifi,wpa2,"2017-07-29, 09:00:00 PM"
20:AA:4B:86:DD:D8,arkitek 2.4,wpa2,"2017-07-29, 09:00:00 PM"
60:AF:6D:7B:91:05,zzz,wpa2,"2017-03-16, 04:00:00 PM"
00:26:75:9A:A4:47,Virus 2.0,wpa2,"2017-05-07, 01:00:00 PM"
00:26:75:B7:BF:9B,janikielb,wpa2,"2017-05-07, 01:00:00 PM"
00:26:75:AC:28:F2,RECYCLER,wpa2,"2017-10-26, 02:00:00 PM"
00:26:75:72:22:65,Tantoco Network,wpa,"2017-06-09, 01:00:00 PM"
00:26:75:F7:27:A0,panuncialman,wpa,"2017-06-09, 01:00:00 PM"
00:26:75:F4:86:59,theRICHkids,wpa2,"2017-05-07, 01:00:00 PM"
00:26:75:E3:CB:E3,bayanDSLWiFi_CBE3,wpa2,"2017-05-07, 01:00:00 PM"
24:00:BA:EB:CC:01,HUAWEI-E5330-CC01,wpa2,"2017-03-21, 06:00:00 AM"
24:DB:AC:2E:07:63,Smart,wpa2,"2017-01-29, 06:00:00 PM"
24:09:95:07:EA:70,HUAWEI-E8231-ea70,wpa2,"2017-01-06, 12:00:00 AM"
00:B0:C0:02:77:50,DV1KIS Wireless,wpa2,"2017-07-15, 09:00:00 AM"
00:26:B4:CB:51:EB,SYNC_YU9C02XQ,wpa2,"2017-05-07, 01:00:00 PM"
00:E6:66:57:1F:D7,BBVM-amJ1cmFnYXkxMjM0,unknown,"2017-07-15, 09:00:00 AM"
00:26:B4:86:5D:60,SYNC_XT8A6ZZ4,wpa2,"2017-03-15, 05:00:00 PM"
34:8A:7B:2E:9C:F2,Keecomatsing,wpa2,"2017-07-29, 09:00:00 PM"
2C:30:33:E6:A4:79,myCure,wpa2,"2017-07-29, 09:00:00 PM"
2C:30:33:E6:A4:7A,myCure,wpa2,"2017-07-29, 09:00:00 PM"
2E:1F:23:48:B5:72,twinnie,wpa2,"2017-02-22, 11:00:00 PM"
2C:5D:93:1A:B2:38,DILNET-WIFI,unknown,"2017-10-26, 02:00:00 PM"
2C:5D:93:1A:B5:28,DILNET-WIFI,unknown,"2017-05-07, 01:00:00 PM"
2C:5D:93:1A:B5:58,DILNET-WIFI,unknown,"2017-05-07, 01:00:00 PM"
00:27:15:84:73:1E,BRhd-cnlhbmpheQ,unknown,"2017-03-21, 06:00:00 AM"
00:27:22:74:5E:2C,CHE_FLCD_LINK,wpa2,"2017-06-09, 01:00:00 PM"
32:41:7F:E1:C4:BD,jonathan's iPhone,wpa2,"2017-01-29, 06:00:00 PM"
2C:26:C5:16:92:74,Globe,wpa,"2017-05-07, 01:00:00 PM"
08:17:12:00:0A:27,12-EVOLUTION PREPAID HOT SPOT,unknown,"2017-09-21, 01:00:00 PM"
34:BF:90:39:95:78,PLDTHOMEFIBR578,wpa,"2017-07-15, 09:00:00 AM"
36:69:87:10:45:04,The One WiFi to Rule Them All,wpa2,"2017-05-07, 01:00:00 PM"
02:08:22:70:26:CD,BcFS-QGNoZXJ5bmVsQA,wep,"2017-03-26, 03:00:00 PM"
02:1A:11:F3:E0:DF,bayantel68676766666,wpa2,"2017-09-21, 01:00:00 PM"
00:90:A9:10:89:7D,SunkenGalleon5,wpa2,"2017-03-03, 03:00:00 PM"
00:9A:CD:BF:F0:18,kittykhates,wpa2,"2017-03-03, 03:00:00 PM"
2E:D7:46:8A:4B:53,Karlos?s iPhone,wpa2,"2017-06-09, 01:00:00 PM"
0C:37:DC:23:02:80,Voodoo,wep,"2017-09-21, 01:00:00 PM"
24:1F:A0:5D:38:2B,Find your own wifi,wpa2,"2017-03-03, 03:00:00 PM"
24:00:BA:25:39:21,HUAWEI-E5330-3921,wpa2,"2017-05-07, 01:00:00 PM"
08:FD:0E:E2:E1:69,AndroidAP,wpa2,"2017-09-06, 01:00:00 PM"
0C:37:DC:4B:FC:91,globeyeah,wpa2,"2017-05-07, 01:00:00 PM"
0C:F4:D5:55:99:28,Hiei@Wifi,wpa2,"2017-07-29, 09:00:00 PM"
1C:8E:5C:40:0A:95,B593_00A95,wpa2,"2017-03-24, 12:00:00 PM"
00:26:75:B7:4C:FA,NailTreats Hand&footspa,wpa2,"2017-07-29, 09:00:00 PM"
00:26:75:AB:9F:36,virus ,wpa2,"2017-05-07, 01:00:00 PM"
00:26:75:9A:C4:2C,PLDTHomeDSL,wpa2,"2017-10-26, 02:00:00 PM"
00:26:75:CA:B5:F0,globe,wpa,"2017-07-29, 09:00:00 PM"
1C:AF:F7:40:76:5E,Disabled,wpa2,"2017-05-07, 01:00:00 PM"
0A:A6:F7:4D:72:68,MIS-2G,wpa2,"2017-03-11, 02:00:00 PM"
0A:A6:F7:4D:72:6F,PHIVOLCS-2G,wpa2,"2017-03-11, 02:00:00 PM"
0A:A6:F7:4E:72:68,PHIVOLCS-5G,wpa2,"2017-05-07, 01:00:00 PM"
0A:A6:F7:4E:72:6D,OD-5G,wpa2,"2017-05-07, 01:00:00 PM"
0E:19:BE:80:83:AC,wifi ng ina mo rin!,wpa2,"2017-05-07, 01:00:00 PM"
16:36:C6:93:AA:9D,BC4b-RCBIIEUgUiBMIOKdpPCfkpU,wep,"2017-05-07, 01:00:00 PM"
24:DF:6A:24:79:A1,RAWRRR FACTOR,wpa2,"2017-06-09, 01:00:00 PM"
24:DF:6A:D2:AB:1A,Finding Dory,wpa2,"2017-05-07, 01:00:00 PM"
0E:BD:51:BD:86:0F,sophia,wpa2,"2017-03-22, 05:00:00 AM"
24:A4:3C:94:EA:FE,TVE CCTV,wpa2,"2017-03-03, 12:00:00 PM"
14:1F:78:E7:9D:95,no wifi,wpa2,"2017-03-03, 03:00:00 PM"
24:DF:6A:6D:25:FE,xhanneley20,wpa2,"2017-04-04, 12:00:00 PM"
14:32:D1:D0:1A:D6,BGNN-c2FMdGlr8J+Ymw,unknown,"2017-03-03, 12:00:00 PM"
1E:74:0D:02:3C:C8,PLDTMyDSLBizADMIN,wpa2,"2017-06-09, 01:00:00 PM"
0C:F4:D5:15:99:2C,#SmartWifi @StrEATMag,unknown,"2017-07-29, 09:00:00 PM"
18:89:5B:AA:8E:9E,Bili ka wifi mo,wpa2,"2017-07-29, 09:00:00 PM"
18:A6:F7:DF:72:6F,GDAPD-5G,wpa2,"2017-05-07, 01:00:00 PM"
0A:A6:F7:C1:73:E1,GGRDD-2G,wpa2,"2017-06-09, 01:00:00 PM"
0A:A6:F7:C2:73:E0,SOEPD-5G,wpa2,"2017-06-09, 01:00:00 PM"
08:95:2A:5E:27:04,SKYbroadbandD2D3,wpa2,"2017-06-09, 01:00:00 PM"
0A:A6:F7:4E:72:6C,SOEPD-5G,wpa2,"2017-05-07, 01:00:00 PM"
0A:A6:F7:94:73:B0,FAD-2G,wpa2,"2017-03-11, 02:00:00 PM"
0A:A6:F7:C1:73:E6,VMEPD-2G,wpa2,"2017-06-09, 01:00:00 PM"
14:DD:A9:B9:AC:0C,My Asus,wpa2,"2017-05-07, 01:00:00 PM"
0C:96:BF:43:C6:EF,OCSICNARF,wpa2,"2017-05-07, 01:00:00 PM"
2A:17:12:00:0A:27,15-EVOLUTION PREPAID HOT SPOT,unknown,"2017-09-21, 01:00:00 PM"
1C:74:0D:17:64:C0,PLDTHOMEDSL_JVD001,wpa2,"2017-06-09, 01:00:00 PM"
1C:74:0D:17:C9:A0,PLDTHOMEDSL29VC1,wpa2,"2017-06-09, 01:00:00 PM"
1A:17:12:00:0A:27,14-EVOLUTION PREPAID HOT SPOT,unknown,"2017-09-21, 01:00:00 PM"
1C:87:2C:99:BA:DF,B2yq-bWljaGVsbGUubGFiaXRhZw,unknown,"2017-03-03, 12:00:00 PM"
18:A6:F7:D1:DF:DE,TP-LINK_DFDE,wpa2,"2017-10-17, 12:00:00 PM"
18:A6:F7:45:7F:13,Morning Joggers,wpa2,"2017-03-03, 03:00:00 PM"
1C:BD:B9:B2:0E:84,Heikki,wpa2,"2017-06-09, 01:00:00 PM"
1E:CD:E5:66:C5:88,MEIZU M5,unknown,"2017-04-04, 12:00:00 PM"
32:10:E4:88:F6:7A,DRG,wpa2,"2017-06-09, 01:00:00 PM"
20:AA:4B:86:DD:DA,arkitek 5.0,wpa2,"2017-07-29, 09:00:00 PM"
24:00:BA:25:49:CB,Personal,wpa2,"2017-03-08, 02:00:00 AM"
14:DD:A9:AC:BD:AF,Chunie,wpa2,"2017-01-12, 12:00:00 PM"
34:BE:00:5F:D0:A4,AndroidA,wpa2,"2017-06-09, 01:00:00 PM"
18:A6:F7:DF:73:E2,GDAPD-2G,wpa2,"2017-06-09, 01:00:00 PM"
28:9A:FA:47:44:F8,smart wireless,wpa2,"2017-04-04, 12:00:00 PM"
36:69:87:C0:1A:13,ZTE-MF65M-1A13,wpa2,"2017-03-03, 03:00:00 PM"
36:69:87:5E:D0:18,lars wifi,wpa2,"2017-01-15, 03:00:00 PM"
36:69:87:72:1D:A3,Smart Bro_721DA3,wpa2,"2017-07-15, 09:00:00 AM"
36:69:87:9E:04:B9,Smart Bro_9E04B9,wpa2,"2017-03-24, 12:00:00 PM"
28:FF:3E:3D:DF:25,bayanDSLWIFI_DF25,wpa2,"2017-06-09, 01:00:00 PM"
38:D8:2F:2B:FE:F4,DI KA PINAPAKONNECT MAGBAYAD KA!,wpa2,"2017-05-07, 01:00:00 PM"
14:60:80:99:45:CC,bayanDSLWiFi_45CC,wpa2,"2017-05-07, 01:00:00 PM"
2C:5D:93:5A:B5:E7,island-1AB5E0,wpa2,"2017-03-22, 05:00:00 AM"
38:F8:89:47:C7:E9,JR,wpa2,"2017-05-07, 01:00:00 PM"
30:39:26:27:1D:83,bads,wpa2,"2017-06-09, 01:00:00 PM"
2A:17:12:00:0C:07,3-EVOLUTION PREPAID HOT SPOT,unknown,"2017-09-21, 01:00:00 PM"
2C:5D:93:1A:B5:98,DILNET-WIFI,unknown,"2017-01-29, 06:00:00 PM"
2C:5D:93:1A:B6:08,DILNET-WIFI,unknown,"2017-05-07, 01:00:00 PM"
24:1F:A0:5D:31:0B,HUAWEI-E5330-310B,wpa2,"2017-05-07, 01:00:00 PM"
30:F3:1D:03:02:9D,Courage,wpa2,"2017-05-07, 01:00:00 PM"
2C:5D:93:1A:B5:88,DILNET-WIFI,unknown,"2017-05-07, 01:00:00 PM"
20:A6:80:4B:8C:F9,miragestarboy,wpa2,"2017-03-03, 03:00:00 PM"
22:A9:0E:80:C5:AD,mione,wpa2,"2017-07-29, 09:00:00 PM"
1E:74:0D:02:44:18,PLDTMyDSLBizJitters,wpa2,"2017-07-29, 09:00:00 PM"
BA:09:8A:6F:81:1C,Andico_ Jairus?s iPhone,wpa2,"2017-07-29, 09:00:00 PM"
B4:75:0E:D3:D1:0C,We're All Mad Here,wpa2,"2017-07-29, 09:00:00 PM"
4C:1A:3D:22:DF:9C,OPPO A37f,unknown,"2017-10-26, 02:00:00 PM"
20:08:ED:65:AC:C5,Dao,wpa2,"2017-07-15, 09:00:00 AM"
4C:5E:0C:A2:0C:3B,BaseOne,wpa2,"2017-07-29, 09:00:00 PM"
1C:B7:2C:79:F8:88,AWESOME.RIBS,wpa2,"2017-07-29, 09:00:00 PM"
B4:5D:50:72:61:20,UP Law Student and Guest,unknown,"2017-08-07, 06:00:00 AM"
20:2B:C1:C7:34:CE,SUN Wi-Fi,wep,"2017-03-16, 04:00:00 PM"
36:69:87:F8:16:D2,Smart Bro_F816D2,wpa2,"2017-03-13, 03:00:00 PM"
36:69:87:71:EA:6A,Smart Bro_71EA6A,wep,"2017-03-03, 12:00:00 PM"
36:69:87:AC:09:C4,wifi_ng_ina,wpa2,"2017-05-07, 01:00:00 PM"
36:69:87:B2:71:EC,ZTE-MF65M-71EC,wpa2,"2017-01-29, 06:00:00 PM"
36:69:87:C0:86:A3,ZTE-MF65M-86A3,wpa2,"2017-07-15, 09:00:00 AM"
36:DE:34:08:95:59,aUnonimOus,wpa2,"2017-07-29, 09:00:00 PM"
C0:C1:C0:E7:97:61,boogle2.0,wpa2,"2017-10-26, 02:00:00 PM"
C0:C1:C0:E7:CD:05,PSCSEND_2,wpa2,"2017-05-07, 01:00:00 PM"
58:7F:66:F8:4B:10,HUAWEI-E5330-4B10,wpa2,"2017-04-04, 12:00:00 PM"
C2:9F:05:FF:85:F7,A1601,wpa2,"2017-02-22, 11:00:00 PM"
58:7F:66:79:6F:5A,HUAWEI-E5330-6F5A,wpa2,"2017-07-15, 09:00:00 AM"
50:9F:27:0C:4B:19,Sean Patrick,wpa2,"2017-01-12, 05:00:00 AM"
2A:A4:3C:7D:AF:58,Faculty@diwa,wpa2,"2017-04-04, 12:00:00 PM"
48:5A:3F:03:D0:82,Philip note3,wpa2,"2017-03-02, 06:00:00 AM"
28:FF:3E:3D:DB:B8,GUERRERO,wpa2,"2017-09-21, 01:00:00 PM"
28:FF:3E:3D:ED:06,bayanDSLWIFI,wpa2,"2017-07-15, 09:00:00 AM"
24:05:0F:19:85:B4,Starcraft II: Legacy of the Void,wpa2,"2017-10-26, 02:00:00 PM"
24:DF:6A:E6:AA:7E,Marvasia,wpa2,"2017-03-12, 06:00:00 PM"
24:DF:6A:B1:9F:40,HUAWEI-9F40,wpa2,"2017-03-12, 06:00:00 PM"
24:DF:6A:B1:9F:E4,HUAWEI-9FE4,wpa2,"2017-04-04, 12:00:00 PM"
54:B8:0A:37:FE:EB,GHGDI-guest,wpa2,"2017-10-17, 12:00:00 PM"
54:B8:0A:70:1D:2A,Dlink-Extension,wpa2,"2017-06-09, 01:00:00 PM"
B8:55:10:AE:7E:C4,20,wpa,"2017-06-09, 01:00:00 PM"
B8:55:10:98:9E:30,ASP student lounge,wpa2,"2017-05-07, 01:00:00 PM"
40:45:DA:64:C9:6E,R10,wpa2,"2017-06-09, 01:00:00 PM"
50:09:59:83:80:35,Rarest Pepe,wpa2,"2017-07-29, 09:00:00 PM"
C0:7E:40:73:21:48,PT&T Fiber,wpa2,"2017-09-23, 03:00:00 AM"
44:78:3E:F8:75:E7,AndroidAP,wpa2,"2017-03-22, 05:00:00 AM"
58:63:56:9C:7E:AA,BMtg-Q29sZW5nUXRRdPCfkpXwn5KY,unknown,"2017-03-11, 02:00:00 PM"
58:6D:8F:A5:DC:88,R_network,wpa2,"2017-10-17, 12:00:00 PM"
4E:5E:0C:A2:0C:3B,20BEE,wpa2,"2017-07-29, 09:00:00 PM"
34:CD:BE:92:66:75,Amorseco,wpa2,"2017-03-16, 04:00:00 PM"
C8:B3:73:2B:8E:5F,jasonerick-guest,unknown,"2017-05-07, 01:00:00 PM"
34:BA:9A:50:7F:F7,Smart_Bro_507FF7,wpa2,"2017-07-29, 09:00:00 PM"
34:BA:9A:50:5F:94,Andoks,wpa2,"2017-07-15, 09:00:00 AM"
34:8A:7B:EA:65:4C,BGUL-am9obnZpbmNlbnQucmFzYWxh,unknown,"2017-03-13, 03:00:00 PM"
C8:D3:A3:1B:8F:40,dlink,wpa2,"2017-07-29, 09:00:00 PM"
48:DB:50:B2:FA:07,HUAWEI-FA07,wpa2,"2017-07-29, 09:00:00 PM"
4C:81:20:92:DA:C6,PLDTHOMEDSL2DAC6,wpa2,"2017-07-15, 09:00:00 AM"
30:E1:71:9C:36:3D,DIRECT-3C-HP DeskJet 3830 series,wpa2,"2017-07-15, 09:00:00 AM"
C8:D7:19:F1:D7:52,DILNET-ATLETA1,none,"2017-03-26, 03:00:00 PM"
B0:B2:DC:AA:C8:8C,PLDTMyDSLvirus,wpa2,"2017-06-09, 01:00:00 PM"
BC:75:74:B6:0E:5B,Globe Pocket,wpa2,"2017-03-21, 06:00:00 AM"
3A:D5:47:5B:6C:B4,Kurt,wpa2,"2017-07-15, 09:00:00 AM"
38:EC:E4:CC:27:C6,BgCo-R1RTNTM2MA,unknown,"2017-10-26, 02:00:00 PM"
C8:D3:A3:1B:8F:40,dlink,wpa2,"2017-07-29, 09:00:00 PM"
BC:75:74:B6:0E:5B,Globe Pocket,wpa2,"2017-03-21, 06:00:00 AM"
C8:D7:19:F1:D7:52,DILNET-ATLETA1,none,"2017-03-26, 03:00:00 PM"
2C:E6:CC:37:B9:A8,DILNET-WIFI,unknown,"2017-10-28, 02:00:00 PM"
4C:1A:3D:22:A1:49,OPPO A37f,wpa,"2017-07-29, 09:00:00 PM"
2C:5D:93:1A:B4:F8,DILNET-WIFI,unknown,"2017-05-07, 01:00:00 PM"
2C:5D:93:1A:B5:A8,DILNET-WIFI,unknown,"2017-05-07, 01:00:00 PM"
2C:5D:93:1A:B5:D8,DILNET-WIFI,unknown,"2017-06-09, 01:00:00 PM"
2C:5D:93:1A:B6:28,DILNET-WIFI,unknown,"2017-10-28, 02:00:00 PM"
50:9F:27:94:BB:13,FHE SANTOS 530,wpa2,"2017-07-29, 09:00:00 PM"
38:D8:2F:2B:A6:74,bayanDSLWiFi_A674,wpa2,"2017-05-07, 01:00:00 PM"
38:D8:2F:2B:CD:30,#WestWoodph,wpa2,"2017-04-04, 12:00:00 PM"
38:D8:2F:22:45:8C,RONRON,wpa2,"2017-03-26, 03:00:00 PM"
38:D8:2F:22:59:B4,bayanDSLWiFi_59B4,wpa2,"2017-05-07, 01:00:00 PM"
4C:09:B4:A2:FE:BD,LMMC,wpa,"2017-03-26, 03:00:00 PM"
4C:60:DE:D0:03:EC,None,wpa2,"2017-07-29, 09:00:00 PM"
62:D9:C7:D2:82:14,IPAD.EM,wpa2,"2017-03-16, 04:00:00 PM"
50:09:59:83:7E:8D,SKYbroadband7E8A,wpa2,"2017-06-09, 01:00:00 PM"
C4:12:F5:70:5E:98,HOLYFAMILY,wpa2,"2017-07-29, 09:00:00 PM"
4C:81:20:92:E0:DE,IP1725,wpa2,"2017-05-07, 01:00:00 PM"
4C:81:20:F3:97:9B,PNRBRUDU,wpa2,"2017-07-29, 09:00:00 PM"
50:68:0A:68:70:39,HUAWEI-E5330-7039,wpa2,"2017-04-04, 12:00:00 PM"
F4:CB:52:47:6A:91,HUAWEI-6A91,wpa2,"2017-05-07, 01:00:00 PM"
50:68:0A:BD:69:1E,Cheesering,wpa2,"2017-07-15, 09:00:00 AM"
F4:CB:52:B1:35:93,HUAWEI-3593,wpa2,"2017-03-03, 03:00:00 PM"
70:5A:9E:92:6F:F4,SKYbroadband6FF1,wpa2,"2017-07-29, 09:00:00 PM"
70:9F:2D:A0:9B:E4,bayanDSLWiFi_9BE4,wpa2,"2017-10-17, 12:00:00 PM"
70:9F:2D:A0:DE:20,bayanDSLWiFi_DE20,wpa2,"2017-07-15, 09:00:00 AM"
5C:F2:86:2D:20:F0,Globe_LTE MIFI_20F0,wpa2,"2017-03-22, 12:00:00 PM"
5C:F2:86:2D:6D:10,Globe_LTE MIFI_6D10,wpa2,"2017-07-29, 09:00:00 PM"
5C:F2:86:21:B0:74,Gabriel,wpa2,"2017-01-12, 12:00:00 PM"
5C:F2:86:21:FA:F8,grandwinner,wpa2,"2017-07-29, 09:00:00 PM"
5C:F2:86:22:81:02,VirusDetected,wpa2,"2017-07-15, 09:00:00 AM"
5C:F2:86:24:6E:A8,SmartBro_246EA8,wpa2,"2017-09-21, 01:00:00 PM"
5C:F2:86:24:AF:02,hpsbbw888,wpa2,"2017-02-22, 11:00:00 PM"
5C:F2:86:25:28:61,babybear,wpa2,"2017-03-26, 03:00:00 PM"
5C:F2:86:25:29:E0,VirtualVirus,wpa2,"2017-02-26, 06:00:00 PM"
5C:F2:86:25:2A:92,WILLIAM,wpa2,"2017-10-17, 12:00:00 PM"
5C:F2:86:2B:08:5B,www.dmcihomes4u.com,wpa2,"2017-07-29, 09:00:00 PM"
5C:F2:86:25:A1:97,waddup,wpa2,"2017-03-21, 06:00:00 AM"
5C:F2:86:26:C4:44,Unidentified Network,wpa2,"2017-03-26, 03:00:00 PM"
72:70:0D:BC:09:C3,Robelle Lyn?s iPhone,wpa2,"2017-04-04, 12:00:00 PM"
60:02:92:3D:AE:B3,a8372a,wpa2,"2017-06-09, 01:00:00 PM"
74:D0:2B:42:A8:90,DimacaliWifi,wpa2,"2017-03-08, 02:00:00 AM"
74:CC:39:BC:C0:D0,PLDTHOMEFIBRcc0d0,wpa2,"2017-10-17, 12:00:00 PM"
74:CC:39:C0:F1:08,PLDTHOMEFIBR0f108,wpa2,"2017-07-29, 09:00:00 PM"
44:74:6C:C2:9C:88,saxxy,wpa2,"2017-06-09, 01:00:00 PM"
50:04:B8:0C:BD:48,HUAWEI GR3 2017,wpa2,"2017-10-15, 06:00:00 PM"
50:09:59:DB:78:3A,SKYbroadband7837,wpa2,"2017-06-09, 01:00:00 PM"
60:31:97:DC:FE:A0,PLDTMyDSLBiz57790,wpa2,"2017-10-17, 12:00:00 PM"
60:A4:4C:78:44:FD,DILG_Guest for Mobile Devices,wpa2,"2017-10-17, 12:00:00 PM"
60:83:34:0F:18:1E,HUAWEI-181E,wpa2,"2017-01-12, 12:00:00 PM"
60:83:34:4E:E1:2E,Basic Calculus,wpa2,"2017-05-07, 01:00:00 PM"
40:F3:08:55:9C:E8,Puffyk024,wpa2,"2017-02-23, 12:00:00 PM"
68:A0:F6:B7:3D:4E,Taitai,wpa2,"2017-07-29, 09:00:00 PM"
70:28:8B:48:D7:72,AndroidAP,wpa2,"2017-01-12, 12:00:00 PM"
58:70:C6:F4:43:98,nolibagtas,wpa2,"2017-10-15, 06:00:00 PM"
58:70:C6:FC:94:8B,YICarCam_fc948b,wpa2,"2017-03-08, 11:00:00 AM"
6C:8B:2F:5D:42:D8,Get Your Own Wifi,wpa2,"2017-03-03, 03:00:00 PM"
70:54:D2:43:13:E1,d0adfe,wpa2,"2017-04-04, 12:00:00 PM"
4C:1A:3D:52:93:33,OPPO A37f,wpa2,"2017-06-09, 01:00:00 PM"
7A:F5:FD:B1:F8:63,102HW-B1F862,wpa2,"2017-05-07, 01:00:00 PM"
4C:81:20:92:E1:CE,PLDTHOMEDSL2E1CE,wpa2,"2017-10-26, 02:00:00 PM"
5C:6A:80:A4:03:7B,FIGARO KALAYAAN,wpa2,"2017-10-17, 12:00:00 PM"
3C:46:D8:38:FB:6E,XV,wpa2,"2017-03-03, 12:00:00 PM"
78:24:AF:5E:27:4B,ASUS,wpa2,"2017-02-26, 06:00:00 PM"
76:4A:A4:C9:21:E6,TheEmperor,wpa2,"2017-07-29, 09:00:00 PM"
40:B8:37:11:13:2D,AICP-AP,wpa2,"2017-09-23, 03:00:00 AM"
6C:19:8F:CD:BC:42,ACTRC,wpa2,"2017-03-26, 03:00:00 PM"
7C:C7:09:C6:22:E1,Mitsubishi Wireless TV 233,unknown,"2017-03-24, 12:00:00 PM"
70:9F:2D:A0:6A:58,bayanDSLWiFi_6A58,wpa2,"2017-07-15, 09:00:00 AM"
70:9F:2D:A0:F1:20,bayanDSLWiFi_F120,wpa2,"2017-05-07, 01:00:00 PM"
70:9F:2D:A1:21:E4,bayanDSLWiFi_21E4,wpa2,"2017-05-07, 01:00:00 PM"
7C:F9:0E:E1:8E:53,AndroidAP,wpa2,"2017-03-21, 06:00:00 AM"
5C:F2:86:2D:A2:47,Kawai,wpa2,"2017-03-03, 03:00:00 PM"
5C:F2:86:2D:B4:FB,Globe_LTE MIFI_B4FB,wpa2,"2017-03-03, 03:00:00 PM"
5C:F2:86:2E:64:D9,IGLOO2707,wpa2,"2017-06-09, 01:00:00 PM"
5C:F2:86:2E:6D:EC,Globe_LTE MIFI_6DEC,wpa2,"2017-07-29, 09:00:00 PM"
58:2A:F7:30:32:07,Tinetin,wpa2,"2017-06-09, 01:00:00 PM"
70:54:D2:8F:20:07,c8edf8,wpa2,"2017-07-29, 09:00:00 PM"
88:E3:AB:0F:F4:0B,IVMPOGI,wpa2,"2017-05-07, 01:00:00 PM"
4C:AC:0A:88:9E:6A,PLDTMyDSL - EnzoWiFi,wpa2,"2017-06-09, 01:00:00 PM"
64:70:02:FB:E7:7A,bayanDSL,wpa2,"2017-05-07, 01:00:00 PM"
88:D2:74:86:D0:6E,bayanDSLWIFI_D06E,wpa2,"2017-07-15, 09:00:00 AM"
4E:66:41:B2:A2:76,AndroidAP,wpa2,"2017-01-15, 03:00:00 PM"
94:FE:22:AA:7D:6F,Dys on the Go,wpa2,"2017-01-29, 06:00:00 PM"
50:09:59:84:FE:FD,SKYbroadbandFEFA,wpa2,"2017-06-09, 01:00:00 PM"
6A:9C:70:3D:1B:6E,TARDIS,wpa2,"2017-09-23, 03:00:00 AM"
94:A7:B7:3C:FE:93,BraveHEART,wpa2,"2017-03-26, 03:00:00 PM"
52:9F:27:24:1C:B0,DIRECT-lc-Telpad Dual S_2745,wpa2,"2017-03-03, 03:00:00 PM"
98:E7:F5:A3:8F:7D,DMDigs,wpa2,"2017-07-15, 09:00:00 AM"
56:EF:92:E1:3F:31,BZcV-RFJPSURaTWluaUQ,wep,"2017-03-11, 02:00:00 PM"
58:6D:8F:59:1A:47,POGI,wpa2,"2017-06-09, 01:00:00 PM"
6A:FB:7E:84:65:5F,iPhone,wpa2,"2017-03-15, 05:00:00 PM"
3C:DF:BD:D5:44:6F,jijufreak,wpa2,"2017-05-07, 01:00:00 PM"
3C:DF:BD:D5:4C:A5,HUAWEI-E5220-4ca5,wpa2,"2017-01-09, 11:00:00 AM"
5C:A8:6A:81:F9:8C,HUAWEI-F98C,wpa2,"2017-04-04, 12:00:00 PM"
5C:A8:6A:7B:13:C7,B315_B13C7,wpa2,"2017-05-07, 01:00:00 PM"
F2:25:98:CC:B4:24,Jackie,wpa2,"2017-05-07, 01:00:00 PM"
9C:6F:52:35:14:3D,bayanDSLWIFI_143D,wpa2,"2017-10-15, 06:00:00 PM"
F2:C5:F3:84:2E:17,Arvin Jude?s iPhone,wpa2,"2017-04-04, 12:00:00 PM"
4E:66:41:41:95:55,Paulgaz10,wpa2,"2017-07-29, 09:00:00 PM"
4C:CB:F5:2A:ED:60,bayanDSLWiFi_1994,wpa2,"2017-06-09, 01:00:00 PM"
FC:8B:97:27:7C:47,PLDTMyDSL,wpa2,"2017-10-17, 12:00:00 PM"
50:9F:27:08:68:90,Samsung,wpa2,"2017-06-09, 01:00:00 PM"
FC:2D:5E:11:73:03,GLOBE_117303,wpa2,"2017-07-15, 09:00:00 AM"
FC:B4:E6:82:43:4A,SKYbroadbandBE46,wpa2,"2017-06-09, 01:00:00 PM"
FC:F5:28:3D:30:A8,PLDTMyDSL,wpa2,"2017-06-09, 01:00:00 PM"
5E:D2:1E:6B:6D:37,ElwoM-UGM=,wpa2,"2017-05-07, 01:00:00 PM"
84:16:F9:4C:AB:D6,OrangeSegment2,wpa2,"2017-07-29, 09:00:00 PM"
6C:19:8F:0C:FF:9E,autotrade.com.ph,wpa2,"2017-09-21, 01:00:00 PM"
F4:8E:92:90:5F:D5,HUAWEI-E5330-5FD5,wpa2,"2017-01-12, 12:00:00 PM"
5C:6A:80:25:F4:99,PLDTMyDSLBiz5G47880,wpa2,"2017-09-21, 01:00:00 PM"
84:1B:5E:76:29:70,Munays,wpa2,"2017-03-03, 03:00:00 PM"
54:22:F8:F1:6F:DC,bayanDSL,wpa,"2017-05-07, 01:00:00 PM"
88:9B:39:F5:B0:C5,FueI-bmVyZHBsdXNwZXJ2,unknown,"2017-04-04, 12:00:00 PM"
F4:CB:52:8D:3B:0A,HUAWEI,wpa2,"2017-05-07, 01:00:00 PM"
F4:F2:6D:96:1D:48,TP-LINK,wpa2,"2017-10-26, 02:00:00 PM"
F4:F2:6D:94:56:13,OS NET ADMIN,wpa2,"2017-07-29, 09:00:00 PM"
62:FE:1E:67:24:E9,BLX1-TmVicmU,wep,"2017-03-03, 12:00:00 PM"
54:B8:0A:37:FE:EA,GHGDI-Admin,wpa2,"2017-10-17, 12:00:00 PM"
8E:79:67:A9:FB:BE,ZTE-MF65M-FBBE,wpa2,"2017-07-15, 09:00:00 AM"
8E:79:67:7F:B2:86,Lila Padilla,wpa2,"2017-02-26, 06:00:00 PM"
8E:79:67:82:B2:71,Chakka,wpa2,"2017-03-03, 03:00:00 PM"
8E:79:67:98:FE:33,ZTE-MF65M-FE33,wpa2,"2017-07-29, 09:00:00 PM"
8E:79:67:86:C2:83,Smart Bro_86C283,wpa2,"2017-07-29, 09:00:00 PM"
8E:79:67:86:F3:8D,GayEs,wpa2,"2017-01-09, 11:00:00 AM"
FE:E9:98:BC:4A:7C,Oreto?s iPhone,wpa2,"2017-09-03, 09:00:00 AM"
56:14:73:06:82:D1,peyt,wpa2,"2017-07-15, 09:00:00 AM"
56:EF:92:D0:16:CF,BYI3-Z2VseW4xMPCfkp7wn5KW8J+Slg,wep,"2017-01-12, 12:00:00 PM"
F8:01:13:07:CE:61,HUAWEI-E5330-CE61,wpa2,"2017-04-04, 12:00:00 PM"
F8:01:13:C8:E5:B1,restricted,wpa2,"2017-06-09, 01:00:00 PM"
F8:23:B2:C4:A5:70,Globe2016,wpa2,"2017-03-12, 06:00:00 PM"
F8:23:B2:ED:C8:CC,Your Name,wpa2,"2017-05-07, 01:00:00 PM"
F8:23:B2:ED:E9:C2,HUAWEI-E9C2,wpa2,"2017-03-12, 06:00:00 PM"
60:83:34:E0:71:A6,SorryWalaNgLibre,wpa2,"2017-05-07, 01:00:00 PM"
F8:1A:67:A0:CF:9E,rda,wpa2,"2017-06-09, 01:00:00 PM"
5C:F2:86:23:D0:F9,ROLEXFEL,wpa2,"2017-07-29, 09:00:00 PM"
5C:F2:86:25:02:DB,None,wpa2,"2017-07-29, 09:00:00 PM"
5C:F2:86:25:3D:82,Cheetos_LTE,wpa2,"2017-03-04, 02:00:00 PM"
5C:F2:86:25:66:6B,SmartBro,wpa2,"2017-07-29, 09:00:00 PM"
5C:F2:86:25:73:7A,bunny,wpa2,"2017-03-03, 03:00:00 PM"
5C:F2:86:25:AA:C4,Connecting...,wpa2,"2017-10-26, 02:00:00 PM"
5C:F2:86:25:BD:BA,KP,wpa2,"2017-05-07, 01:00:00 PM"
5C:F2:86:25:C6:25,deepdream,wpa2,"2017-03-03, 03:00:00 PM"
5C:F2:86:25:F7:49,Blackavanza,wpa2,"2017-06-09, 01:00:00 PM"
5C:F2:86:26:C6:1C,Globe_LTE MIFI_C61C,wpa2,"2017-03-15, 05:00:00 AM"
60:02:92:4C:E7:1D,ad4b84,wpa2,"2017-04-04, 12:00:00 PM"
5C:A8:6A:DF:3C:B9,Police Clearance Section,wpa2,"2017-10-17, 12:00:00 PM"
5C:A8:6A:E0:13:21,Deng,wpa2,"2017-03-09, 10:00:00 AM"
74:A5:28:13:46:01,HUAWEI-E5330-4601,wpa2,"2017-01-21, 08:00:00 AM"
90:61:0C:2D:DE:F3,Negative Space Cafe,wpa2,"2017-07-29, 09:00:00 PM"
90:61:0C:2E:A5:18,PLDTHOMEDSL42264,wpa2,"2017-03-11, 02:00:00 PM"
90:61:0C:16:BA:84,PLDTMyDSL_Obet Pisonet,wpa2,"2017-03-03, 03:00:00 PM"
68:72:51:6C:52:4A,None,wpa2,"2017-07-29, 09:00:00 PM"
68:7F:74:08:79:0A,Osec,wpa2,"2017-03-11, 02:00:00 PM"
F0:25:B7:0C:E8:96,Galaxy Note 3,wpa2,"2017-07-15, 09:00:00 AM"
90:61:0C:11:F8:33,PLDTMyDSL3DogsFran,wpa2,"2017-10-26, 02:00:00 PM"
90:61:0C:12:02:8B,None,wpa2,"2017-10-26, 02:00:00 PM"
90:61:0C:0E:54:AD,PLDTMyDSLbrgyUPcampus,wpa2,"2017-05-07, 01:00:00 PM"
90:61:0C:0E:B4:CC,PLDTMyDSL,wpa2,"2017-04-04, 12:00:00 PM"
6A:BF:6B:4E:F6:A5,Louie T.?s iPhone,wpa2,"2017-07-29, 09:00:00 PM"
58:70:C6:FD:81:B8,avanza_dashcam,wpa2,"2017-04-04, 12:00:00 PM"
94:46:96:17:00:8D,BlueZoom,wpa2,"2017-05-07, 01:00:00 PM"
94:46:96:18:04:4C,HulaanMoPasswordKo,wpa2,"2017-07-29, 09:00:00 PM"
94:46:96:18:F4:CE,PLDTHOMEDSL4D4H0,wpa2,"2017-05-07, 01:00:00 PM"
94:46:96:19:28:27,PLDTHOMEDSLHQHK0,wpa2,"2017-07-15, 09:00:00 AM"
94:46:96:1D:43:C2,PLDTHOMEDSLMRMC0,wpa2,"2017-10-26, 02:00:00 PM"
94:46:96:1D:4A:ED,PLDTHOMEDSL3P3P0,wpa2,"2017-10-26, 02:00:00 PM"
94:46:96:1E:9C:E0,PLDTHOMEDSLGNGS0,wpa2,"2017-06-09, 01:00:00 PM"
94:46:96:13:AB:5B,PLDTHOMEDSLN9N90,wpa2,"2017-06-09, 01:00:00 PM"
94:A7:B7:26:4F:B2,bayanDSLWIFI_4FB2,wpa2,"2017-04-04, 12:00:00 PM"
4C:F9:5D:85:C1:70,nextpagestudios,wpa2,"2017-06-09, 01:00:00 PM"
50:09:59:DB:10:56,SKYbroadband1053,wpa2,"2017-06-09, 01:00:00 PM"
24:DF:6A:B3:E3:6A,HUAWEI-E5330-E36A,wpa2,"2017-11-12, 04:00:00 PM"
6E:72:E7:DB:C1:24,BLUE BETTY,wpa2,"2017-02-23, 12:00:00 PM"
6E:74:BF:B1:E3:74,Virus,wpa2,"2017-07-15, 09:00:00 AM"
58:6D:8F:08:9A:37,FunnyHorse,wpa2,"2017-05-07, 01:00:00 PM"
6E:94:F8:CA:4F:80,Maria Elizabeth,wpa2,"2017-03-06, 02:00:00 AM"
84:38:38:AE:37:BA,ElwinGalaxyS5,wpa2,"2017-07-29, 09:00:00 PM"
6C:F3:73:55:75:00,j.coconut,wpa2,"2017-02-26, 06:00:00 PM"
88:DE:A9:DB:DA:7B,None,wpa2,"2017-06-09, 01:00:00 PM"
8C:25:05:2E:69:A2,HUAWEI-69A2,wpa2,"2017-10-26, 02:00:00 PM"
8C:34:FD:86:CF:8C,HUAWEI-E5330-CF8C,wpa2,"2017-02-22, 11:00:00 PM"
9C:A9:E4:9A:F9:EF,NAHDALSNEHPETS,wpa2,"2017-03-03, 03:00:00 PM"
84:16:F9:ED:66:3C,TD-W8901N_D663C,wpa2,"2017-07-29, 09:00:00 PM"
9C:C1:72:C0:32:0E,HUAWEI-E5330-320E,wpa2,"2017-03-03, 12:00:00 PM"
9A:0C:A5:BB:03:6E,mike hotspot,wpa2,"2017-03-21, 06:00:00 AM"
7C:05:07:22:78:08,A TASTE OF HEAVEN,wpa2,"2017-07-29, 09:00:00 PM"
88:61:5A:00:06:93,Meron_LYTV_000693,wep,"2017-05-07, 01:00:00 PM"
7A:E8:B6:D4:11:58,uFi_D41158,wpa2,"2017-07-29, 09:00:00 PM"
94:A7:B7:26:69:9D,ketchum,wpa2,"2017-10-26, 02:00:00 PM"
94:A7:B7:26:73:A3,Ernest_bayanDSLWiFi,wpa2,"2017-04-04, 12:00:00 PM"
94:A7:B7:3D:0C:CE,bayanDSLWIFI_0CCE,wpa2,"2017-05-07, 01:00:00 PM"
CC:1A:FA:96:FE:40,Prontera,wpa2,"2017-03-26, 03:00:00 PM"
5C:F2:86:21:CB:BA,ICW_WiFi,wpa2,"2017-01-15, 03:00:00 PM"
5C:F2:86:22:5B:40,Alfred,wpa2,"2017-07-15, 09:00:00 AM"
5C:F2:86:24:CD:49,jmcruz,wpa2,"2017-03-08, 02:00:00 AM"
5C:F2:86:24:DC:F0,SmartBro_24DCF0,wpa2,"2017-03-09, 10:00:00 AM"
5C:F2:86:25:17:65,5stardriver,wpa2,"2017-01-15, 03:00:00 PM"
5C:F2:86:25:4F:2D,VIVO,wpa2,"2017-05-23, 04:00:00 PM"
5C:F2:86:25:4F:E4,SmartBro_254FE4,wpa2,"2017-04-04, 12:00:00 PM"
5C:F2:86:25:77:B4,PepperoniPizza,wpa2,"2017-04-04, 12:00:00 PM"
5C:F2:86:25:79:26,CCC,wpa2,"2017-05-07, 01:00:00 PM"
5C:F2:86:25:7D:87,Avanza-E2016,wpa2,"2017-06-09, 01:00:00 PM"
5C:F2:86:25:87:99,joannasmart,wpa2,"2017-03-03, 03:00:00 PM"
5C:F2:86:25:C3:B1,Holla,wpa2,"2017-07-29, 09:00:00 PM"
5C:F2:86:26:BF:65,Jasvin,wpa2,"2017-07-29, 09:00:00 PM"
5C:F2:86:2E:E0:77,The Multiverse,wpa2,"2017-07-29, 09:00:00 PM"
5C:F2:86:2B:8F:2D,Globe_LTE MIFI_8F2D,wpa2,"2017-01-12, 12:00:00 PM"
5C:F2:86:2D:24:52,Globe_LTE MIFI_2452,wpa2,"2017-03-03, 03:00:00 PM"
5C:F3:70:29:8B:3D,DrivePro50,wpa2,"2017-03-03, 12:00:00 PM"
5C:F2:86:27:B8:B1,Morgoth,wpa2,"2017-03-16, 04:00:00 PM"
60:31:97:13:BC:FC,PLDTMyDSLBiz5GBCFA0,wpa2,"2017-07-29, 09:00:00 PM"
60:31:97:11:21:E5,PLDTMyDSLBiz21E40,wpa2,"2017-10-17, 12:00:00 PM"
60:21:C0:71:20:D6,Miggylicious,wpa2,"2017-01-29, 06:00:00 PM"
74:4A:A4:69:7B:1D,15C,wpa2,"2017-07-15, 09:00:00 AM"
60:02:92:4D:B9:1F,adf6c9,wpa2,"2017-06-09, 01:00:00 PM"
98:E7:F5:A3:35:09,Globe,wpa2,"2017-03-26, 03:00:00 PM"
98:E7:F5:93:FF:0E,Smartbro,wpa2,"2017-05-07, 01:00:00 PM"
74:CC:39:BB:51:38,AFMaginhawaOffice,wpa2,"2017-07-29, 09:00:00 PM"
C8:3A:35:F9:D2:30,boogle2.0,wpa2,"2017-10-26, 02:00:00 PM"
7C:7D:3D:99:C8:C8,MeySiponSi.....,wpa2,"2017-03-03, 03:00:00 PM"
72:70:0D:DA:C9:9C,Felix?s iPhone,wpa2,"2017-06-09, 01:00:00 PM"
70:28:8B:6D:6E:74,None,wpa2,"2017-05-07, 01:00:00 PM"
6E:57:CA:91:CF:12,PoePhone,wpa2,"2017-03-08, 02:00:00 AM"
A2:32:99:95:5C:02,Bwcw-Y2hhbm1hcmtjYXNhbmFyZXM,wep,"2017-03-15, 05:00:00 PM"
70:9F:2D:A0:B1:48,bayanDSLWiFi_B148,wpa2,"2017-05-07, 01:00:00 PM"
9C:E6:E7:EE:BA:6E,B1R3-UmVtb2xhciBGYW1pbHkuLi4u,unknown,"2017-05-07, 01:00:00 PM"
70:9F:2D:A0:41:78,Aurora ,wpa2,"2017-03-26, 03:00:00 PM"
7C:7D:3D:0C:B0:49,HUAWEI-E5330-B049,wpa2,"2017-03-03, 12:00:00 PM"
CC:7B:35:CF:6B:FC,bayanDSLWiFi_6BFC,wpa2,"2017-03-03, 12:00:00 PM"
64:D9:54:09:94:E0,None,wpa2,"2017-06-09, 01:00:00 PM"
74:A5:28:34:88:A7,HUAWEI-E5330-88A7,wpa2,"2017-01-15, 03:00:00 PM"
7C:C7:09:C6:3E:D3,Mitsubishi Wireless TV 327,unknown,"2017-03-26, 03:00:00 PM"
7C:C7:09:FF:AD:33,Chevrolet,wpa2,"2017-02-23, 12:00:00 PM"
68:05:71:5C:C1:EA,Globe Ko To!,wpa2,"2017-03-03, 12:00:00 PM"
C8:3A:35:33:FE:98,jtsmanukan,wpa2,"2017-06-09, 01:00:00 PM"
80:13:82:58:ED:04,Cheeseburger,wpa2,"2017-03-26, 03:00:00 PM"
7C:11:CB:6F:09:09,searching...,wpa2,"2017-07-29, 09:00:00 PM"
6C:5C:14:23:49:26,Althea joy,wpa2,"2017-09-21, 01:00:00 PM"
7C:46:85:5B:A6:65,joier,wpa2,"2017-07-15, 09:00:00 AM"
C8:D7:19:DA:83:02,KALAYAAN,wpa2,"2017-10-17, 12:00:00 PM"
6C:3B:6B:F4:DE:73,B1,wpa2,"2017-10-26, 02:00:00 PM"
78:44:76:21:A4:78,Entei,wpa2,"2017-03-11, 02:00:00 PM"
D0:B2:C4:57:23:67,arbalest,wpa2,"2017-07-29, 09:00:00 PM"
D0:5B:A8:8F:65:60,oredina,wpa2,"2017-03-22, 05:00:00 AM"
D0:7A:B5:0E:4D:97,matriano_wifi,wpa2,"2017-06-09, 01:00:00 PM"
D0:17:C2:B0:17:10,TheLostBread_GUEST,wpa2,"2017-07-29, 09:00:00 PM"
D6:D9:19:CE:BA:07,goprohero4,wpa2,"2017-06-09, 01:00:00 PM"
A2:EC:80:F3:4F:A4,binsent,wpa2,"2017-04-04, 12:00:00 PM"
A2:EC:80:F3:BA:32,smart_rsc,wpa2,"2017-07-29, 09:00:00 PM"
60:A4:4C:78:44:FE,AysusNako,wpa,"2017-10-17, 12:00:00 PM"
74:CC:39:BB:FB:98,Sneaks & Snacks,wpa2,"2017-07-29, 09:00:00 PM"
C4:A8:1D:8F:7F:51,tsunami,unknown,"2017-03-06, 02:00:00 AM"
C4:E9:84:5F:6C:08,HOLYFAMILY,wpa2,"2017-07-29, 09:00:00 PM"
84:16:F9:ED:7E:AC,34E MAAYUSIN,wpa2,"2017-06-09, 01:00:00 PM"
76:4A:A4:F1:3E:58,None,wpa2,"2017-07-29, 09:00:00 PM"
76:4A:A4:C9:21:E9,chuchu,wpa2,"2017-10-28, 02:00:00 PM"
8C:EB:C6:93:4D:5C,QURTNISS,wpa2,"2017-10-26, 02:00:00 PM"
80:13:82:63:C5:4C,HUAWEI-E5330-C54C,wpa2,"2017-05-07, 01:00:00 PM"
8E:79:67:86:C4:17,connect ka?,wpa2,"2017-07-29, 09:00:00 PM"
C8:D7:19:07:EB:5D,Rofiles-Wifi,wpa2,"2017-03-03, 03:00:00 PM"
82:CF:41:23:B3:22,BwSP-QTY5MA,unknown,"2017-03-08, 02:00:00 AM"
88:3F:D3:2B:B7:DC,COOL BEANS,wpa2,"2017-07-29, 09:00:00 PM"
8C:44:35:08:2B:2E,Tenda_082B2E,wpa2,"2017-04-04, 12:00:00 PM"
80:71:7A:E5:03:54,evian2017,wpa2,"2017-07-29, 09:00:00 PM"
80:71:7A:F0:96:49,HUAWEI-E5330-9649,wpa2,"2017-07-15, 09:00:00 AM"
8E:79:67:99:0B:28,Saturday,wpa2,"2017-05-07, 01:00:00 PM"
74:A5:28:B7:62:F0,HUAWEI-E5330-62F0,wpa2,"2017-07-15, 09:00:00 AM"
90:61:0C:12:02:8C,BOOMBOXX,wpa2,"2017-10-26, 02:00:00 PM"
90:61:0C:18:05:AD,PLDTMyDSL-D.N.D,wpa2,"2017-06-09, 01:00:00 PM"
90:61:0C:33:54:D8,PLDTHOMEREPEATER354D8,wpa2,"2017-05-07, 01:00:00 PM"
80:2A:A8:41:E8:2A,Wireless,wpa2,"2017-06-09, 01:00:00 PM"
E0:91:F5:77:71:88,Rofiles,wpa2,"2017-05-07, 01:00:00 PM"
84:16:F9:4C:AB:D4,OrangeSegment1,wpa2,"2017-07-29, 09:00:00 PM"
84:16:F9:35:53:12,IT-36-01,wpa2,"2017-10-17, 12:00:00 PM"
E0:8E:3C:21:D3:73,Purple Cedar,wpa2,"2017-06-09, 01:00:00 PM"
E0:8E:3C:21:D9:C7,bayanDSLWIFI_D9C7,wpa2,"2017-05-07, 01:00:00 PM"
E0:8E:3C:22:4D:3B,Khulit,wpa2,"2017-09-23, 03:00:00 AM"
E0:8E:3C:22:66:1F,PSCSEND,wpa2,"2017-05-07, 01:00:00 PM"
E0:8E:3C:22:66:5F,bayanDSLWIFI_665F,wpa2,"2017-05-07, 01:00:00 PM"
92:21:81:40:EB:91,BODn-YWxiZXJ0IGF1c3RyaWE,wep,"2017-03-08, 02:00:00 AM"
E0:8E:3C:1F:E2:EF,bayanDSLWIFI_E2EF,wpa2,"2017-05-07, 01:00:00 PM"
E0:8E:3C:20:0B:77,bayanDSLWIFI_0B77,wpa2,"2017-07-29, 09:00:00 PM"
E0:8E:3C:20:12:83,bayanDSLWIFI_1283,wpa2,"2017-05-07, 01:00:00 PM"
E0:8E:3C:20:14:47,Nephilim,wpa2,"2017-07-29, 09:00:00 PM"
E0:8E:3C:21:38:B7,Jay Sebastian,wpa2,"2017-03-03, 03:00:00 PM"
E0:8E:3C:21:4E:8F,bayanDSLWIFI_4E8F,wpa2,"2017-05-07, 01:00:00 PM"
E0:8E:3C:1A:5E:4F,Loading...,wpa2,"2017-05-07, 01:00:00 PM"
E0:8E:3C:1A:6F:37,bayanDSLWIFI_6F37,wpa2,"2017-06-09, 01:00:00 PM"
E0:8E:3C:1A:D1:4F,juan,wpa2,"2017-02-22, 11:00:00 PM"
D8:5D:4C:DE:A0:18,delapaz,wpa2,"2017-05-07, 01:00:00 PM"
94:46:96:18:07:21,PLDTHOMEDSLH9H40,wpa2,"2017-09-21, 01:00:00 PM"
94:46:96:1D:43:AE,PLDTHOMEDSLJNJS0,wpa2,"2017-07-29, 09:00:00 PM"
94:46:96:1E:18:B0,sleepingchild,wpa2,"2017-10-26, 02:00:00 PM"
94:46:96:1E:F2:58,PLDTHOMEDSL6H6D0,wpa2,"2017-05-07, 01:00:00 PM"
94:46:96:1F:94:6A,PLDTHOMEDSLD6DB0,wpa2,"2017-09-21, 01:00:00 PM"
94:46:96:20:B5:2F,PLDTHOMEDSLPPPP0,wpa2,"2017-06-09, 01:00:00 PM"
94:46:96:13:AD:77,HomeNetworkOK,wpa2,"2017-06-09, 01:00:00 PM"
94:46:96:14:B7:58,PLDTHOMEDSLMZMZ0,wpa2,"2017-06-09, 01:00:00 PM"
90:61:0C:2C:82:76,VIRUS,wpa2,"2017-10-17, 12:00:00 PM"
90:61:0C:2C:E2:9F,PLDTHOMEDSL58015,wpa2,"2017-06-09, 01:00:00 PM"
90:61:0C:2D:DE:F4,NSC,wpa2,"2017-07-29, 09:00:00 PM"
90:61:0C:2E:A7:39,PLDTHOMEDSL42809,wpa2,"2017-06-09, 01:00:00 PM"
90:61:0C:2E:B3:70,PLDTHOMEDSL45936,wpa2,"2017-07-15, 09:00:00 AM"
DC:09:4C:BF:BC:5A,Globe_Guest_Wifi,wpa2,"2017-03-03, 03:00:00 PM"
88:DC:96:18:8A:CC,FHGWF-KAL,wpa2,"2017-10-17, 12:00:00 PM"
9E:A9:E4:D0:C9:D9,Hola,wpa2,"2017-03-03, 03:00:00 PM"
9E:A9:E4:D4:BD:8F,May Wifi Ako Mainggit Ka,wpa2,"2017-01-17, 04:00:00 AM"
9E:D2:1E:BD:67:5C,DIRECT-G7-BRAVIA,wpa2,"2017-03-03, 03:00:00 PM"
88:D2:74:86:A6:67,bayanDSLWIFI_A667,wpa2,"2017-10-26, 02:00:00 PM"
88:D2:74:86:A9:16,bayanDSLWIFI_A916,wpa2,"2017-10-26, 02:00:00 PM"
78:54:2E:5A:75:C8,dlink,wpa2,"2017-06-09, 01:00:00 PM"
88:AD:D2:BA:8B:E8,BQ3i-ZmFpdGg,unknown,"2017-06-09, 01:00:00 PM"
E4:77:23:A5:CF:CC,WIFIZONE,wpa2,"2017-01-29, 06:00:00 PM"
80:29:94:67:88:41,SKYbroadband883E,wpa2,"2017-06-09, 01:00:00 PM"
80:29:94:67:BA:CD,SKYbroadbandBACA,wpa2,"2017-03-11, 02:00:00 PM"
DE:53:60:72:DC:6F,DIRECT-QVJAMESmsRK,wpa2,"2017-01-29, 06:00:00 PM"
98:E7:F5:90:29:EA,RONNIE,wpa2,"2017-10-26, 02:00:00 PM"
A4:2B:B0:C1:4E:B5,SKYbroadband7B2C_EXT,wpa2,"2017-07-29, 09:00:00 PM"
9A:0C:A5:BB:14:62,Obtaining IP address,wpa2,"2017-03-26, 03:00:00 PM"
DC:D9:16:3F:2B:79,HUAWEI-2B79,wpa2,"2017-04-04, 12:00:00 PM"
DC:EE:06:8D:FB:5F,PJKIM,wpa2,"2017-05-07, 01:00:00 PM"
DC:EE:06:95:49:1F,CherryBlossoms,wpa2,"2017-07-15, 09:00:00 AM"
DC:EE:06:C0:1E:1C,staph me,wpa2,"2017-07-29, 09:00:00 PM"
DC:EE:06:CF:7D:5C,wifiqtoh,wpa2,"2017-06-09, 01:00:00 PM"
DC:EE:06:CF:A3:C4,Do Not Connect,wpa2,"2017-03-13, 03:00:00 PM"
DC:EE:06:C0:73:08,Smart_Bro_C07308,wep,"2017-01-12, 05:00:00 AM"
84:9F:B5:3E:81:8C,wifidental,wpa2,"2017-07-15, 09:00:00 AM"
D2:5B:A8:9B:6C:06,TBT,wpa2,"2017-06-09, 01:00:00 PM"
D2:5B:A8:F5:07:9C,baby scarlett,wpa2,"2017-03-11, 02:00:00 PM"
D0:5B:A8:E3:12:4B,Carpe diem ,wpa2,"2017-03-06, 02:00:00 AM"
94:46:96:16:11:00,PLDTHOMEDSL.GIZA,wpa2,"2017-06-09, 01:00:00 PM"
94:46:96:0E:E5:AB,PLDTHOMEDSL,wpa2,"2017-05-07, 01:00:00 PM"
94:46:96:17:0F:C4,PLDTHOMEDSLH0HM0,wpa2,"2017-06-09, 01:00:00 PM"
94:46:96:1C:E2:C9,PLDTHOMEDSLN0NW0,wpa2,"2017-10-26, 02:00:00 PM"
94:46:96:1F:B8:E1,PLDTHOMEDSLDHDN0,wpa2,"2017-10-28, 02:00:00 PM"
94:46:96:20:28:B7,TrinomaFreeWifi,wpa2,"2017-07-15, 09:00:00 AM"
94:46:96:20:6A:43,PLDTHOMEDSLLBLU0,wpa2,"2017-07-29, 09:00:00 PM"
70:5A:0F:58:C6:F9,DIRECT-F8-HP DeskJet 5820 series,wpa2,"2017-03-03, 03:00:00 PM"
70:5A:9E:DA:57:29,SKYbroadband5726,wpa2,"2017-07-29, 09:00:00 PM"
E0:8E:3C:1B:65:B7,Calma family,wpa2,"2017-10-26, 02:00:00 PM"
AA:A6:68:B4:B4:8C,Smart Bro_B4B48C,wpa2,"2017-05-07, 01:00:00 PM"
AA:A6:68:21:E0:D8,ACTRC2017,wpa2,"2017-10-28, 02:00:00 PM"
AA:A6:68:68:B3:CC,Smart Bro_68B3CC,wpa2,"2017-03-13, 03:00:00 PM"
AA:A6:68:23:A9:D6,NO INTERNET ACCESS,wpa2,"2017-07-15, 09:00:00 AM"
9C:6F:52:35:02:4C,bayanDSLWIFI_024C,wpa2,"2017-09-21, 01:00:00 PM"
AA:A6:68:28:91:C7,sun bro,wpa2,"2017-01-29, 06:00:00 PM"
80:13:82:A6:68:6A,HUAWEI-E5330-686A,wpa2,"2017-09-21, 01:00:00 PM"
80:13:82:55:7D:CA,WIFI MOTO,wpa2,"2017-05-07, 01:00:00 PM"
B0:C5:54:2E:2C:7E,dlink-2C7E,unknown,"2017-07-29, 09:00:00 PM"
A2:32:99:C4:71:84,Oxyjen,wpa2,"2017-06-09, 01:00:00 PM"
9C:C1:72:FA:CA:D7,drop_it_like_its_hotspot,wpa2,"2017-04-04, 12:00:00 PM"
AE:5F:3E:FD:7D:E0,s7EDGIE,wpa2,"2017-07-29, 09:00:00 PM"
AE:61:EA:ED:67:EF,iPhone,wpa2,"2017-07-15, 09:00:00 AM"
94:10:3E:99:98:00,Router1,wpa2,"2017-04-04, 12:00:00 PM"
8C:EB:C6:CD:C8:F7,B315_DC8F7,wpa2,"2017-07-15, 09:00:00 AM"
8C:DC:D4:68:7B:5D,HP-Print-5D-Deskjet 4640 series,unknown,"2017-10-17, 12:00:00 PM"
AA:A6:68:7C:AF:D1,art3mis,wpa2,"2017-07-15, 09:00:00 AM"
C8:D7:19:B6:F3:2A,Linksys_Javellana,wpa2,"2017-06-09, 01:00:00 PM"
90:61:0C:12:97:F3,PLDTMyDSL_JandB,wpa2,"2017-03-24, 12:00:00 PM"
90:61:0C:10:50:B2,PLDTMyDSL,wpa2,"2017-07-15, 09:00:00 AM"
90:61:0C:16:5B:4D,PLDTMyDSL_Cuico,wpa2,"2017-06-09, 01:00:00 PM"
90:61:0C:16:C9:A0,PLDTMyDSLtrstan,wpa2,"2017-06-09, 01:00:00 PM"
90:61:0C:2C:D5:54,PLDTHOMEDSL54612,wpa2,"2017-07-29, 09:00:00 PM"
90:61:0C:2C:E2:9E,PLDTHOMEDSL58014,wpa2,"2017-05-07, 01:00:00 PM"
AA:E8:7F:0E:BE:30,Mikka Loraine ??,wpa2,"2017-03-26, 03:00:00 PM"
AA:A6:68:B5:03:E1,TanLoveYeng,wpa2,"2017-09-21, 01:00:00 PM"
AA:A6:68:B9:6F:8F,Mokang,wpa2,"2017-03-26, 03:00:00 PM"
90:61:0C:16:5B:4D,PLDTMyDSL_Cuico,wpa2,"2017-06-09, 01:00:00 PM"
90:61:0C:16:C9:A0,PLDTMyDSLtrstan,wpa2,"2017-06-09, 01:00:00 PM"
90:61:0C:2C:D5:54,PLDTHOMEDSL54612,wpa2,"2017-07-29, 09:00:00 PM"
90:61:0C:2C:E2:9E,PLDTHOMEDSL58014,wpa2,"2017-05-07, 01:00:00 PM"
AA:E8:7F:0E:BE:30,Mikka Loraine ??,wpa2,"2017-03-26, 03:00:00 PM"
AA:A6:68:B5:03:E1,TanLoveYeng,wpa2,"2017-09-21, 01:00:00 PM"
AA:A6:68:B9:6F:8F,Mokang,wpa2,"2017-03-26, 03:00:00 PM"
9E:A9:E4:DB:AF:CC,janca,wpa2,"2017-06-09, 01:00:00 PM"
9E:A9:E4:9C:C6:F0,AMOR,wpa2,"2017-05-07, 01:00:00 PM"
D0:65:CA:92:77:90,HUAWEI-7790,wpa2,"2017-07-29, 09:00:00 PM"
BE:54:36:D5:D7:EF,Pam's iPhone,wpa2,"2017-03-09, 10:00:00 AM"
84:55:A5:6A:C1:83,AndroidAP,wpa2,"2017-07-29, 09:00:00 PM"
9C:5C:8E:A8:D9:16,Blackmamba,wpa2,"2017-07-29, 09:00:00 PM"
C0:7E:40:61:05:53,PT&T Fiber,wpa2,"2017-10-26, 02:00:00 PM"
98:E7:F5:93:E0:D2,ReMiDi4,wpa2,"2017-04-04, 12:00:00 PM"
98:E7:F5:94:07:8A,Deans office,wpa2,"2017-03-03, 03:00:00 PM"
C2:9F:05:E2:B5:48,A1601,wpa2,"2017-03-04, 02:00:00 PM"
00:07:26:28:C8:66,PLDTMyDSL,wpa2,"2017-07-29, 09:00:00 PM"
98:E7:F5:45:67:68,wifi,wpa2,"2017-05-07, 01:00:00 PM"
C4:07:2F:65:7D:DA,HUAWEI-E5330-7DDA,wpa2,"2017-02-23, 12:00:00 PM"
9C:A9:E4:9A:E3:BF,4G Lite,wpa2,"2017-06-09, 01:00:00 PM"
9C:A5:C0:F5:FF:D5,vincent,wpa2,"2017-01-12, 12:00:00 PM"
9C:A9:E4:05:44:AE,Connecting...,wpa2,"2017-01-29, 06:00:00 PM"
9C:A9:E4:06:0A:5B,MamaBearNet,wpa2,"2017-03-03, 12:00:00 PM"
9C:A9:E4:06:24:B7,Sun Wi-Fi_0624B6,unknown,"2017-07-15, 09:00:00 AM"
A0:8D:16:CC:3D:E0,Mantol,wpa2,"2017-06-09, 01:00:00 PM"
A2:EC:80:F7:F0:4F,DM3sarabia,wpa2,"2017-05-07, 01:00:00 PM"
C8:38:70:BD:6A:8A,AndroidAP,wpa2,"2017-02-28, 12:00:00 PM"
C0:A0:BB:21:AC:6A,Tambakan,wpa2,"2017-06-09, 01:00:00 PM"
A0:0B:BA:51:94:A6,Shoo.shoo,wpa2,"2017-07-15, 09:00:00 AM"
CC:61:E5:49:20:DB,Moto G (4) 4191,wpa2,"2017-07-29, 09:00:00 PM"
CC:79:CF:F2:ED:9A,Mitsubishi Wireless TV 564,unknown,"2017-07-15, 09:00:00 AM"
CC:A2:23:A1:11:6C,HUAWEI-ZVKMCY,wpa2,"2017-06-09, 01:00:00 PM"
A0:8C:FD:0D:68:44,DIRECT-3D-HP DeskJet 3830 series,wpa2,"2017-04-04, 12:00:00 PM"
D0:FF:98:DB:E3:E5,HUAWEI-E3E5,wpa2,"2017-07-15, 09:00:00 AM"
D2:5B:A8:32:A2:7C,scan,wpa2,"2017-03-03, 03:00:00 PM"
D2:5B:A8:B0:3F:66,Hack_me_if_u_can,wpa2,"2017-04-04, 12:00:00 PM"
C0:7E:40:73:1F:2C,PT&T Fiber,wpa2,"2017-10-26, 02:00:00 PM"
C4:07:2F:65:6B:EC,do_the_roll,wpa2,"2017-07-15, 09:00:00 AM"
D4:40:F0:F6:C4:28,GLOBE TATTO,wpa2,"2017-07-29, 09:00:00 PM"
AA:A6:68:DD:5D:EF,Komeiji Koishi,wpa2,"2017-05-07, 01:00:00 PM"
AA:A6:68:78:23:F9,Smart Bro_kiko,wpa2,"2017-03-11, 02:00:00 PM"
9E:A9:E4:E2:DE:7C,Caleb Haas,wpa2,"2017-06-09, 01:00:00 PM"
9E:A9:E4:D4:D4:42,Smart Bro_D4D442,wpa2,"2017-03-03, 03:00:00 PM"
9C:A9:E4:9A:F0:81,galacticserver,wpa2,"2017-03-02, 06:00:00 AM"
A6:BA:76:4C:A5:23,huwat,wpa2,"2017-06-09, 01:00:00 PM"
DC:EE:06:8F:0A:7B,None,wpa2,"2017-07-15, 09:00:00 AM"
DC:EE:06:C0:7E:74,Virus,wpa2,"2017-03-22, 12:00:00 PM"
DC:EE:06:CF:8D:28,thea09,wpa2,"2017-03-11, 02:00:00 PM"
DC:D9:16:AE:49:A8,None,wpa2,"2017-03-03, 03:00:00 PM"
C4:62:EA:81:F8:55,AndroidAP,wpa2,"2017-01-29, 06:00:00 PM"
A4:2B:B0:C1:4C:87,SKYbroadband7B2C_EXT,wpa2,"2017-07-29, 09:00:00 PM"
CC:3A:61:50:13:EA,AndroidAP,wpa2,"2017-10-26, 02:00:00 PM"
E0:8E:3C:16:58:8D,cosme,wpa2,"2017-07-15, 09:00:00 AM"
E0:8E:3C:1A:88:57,bayanDSLWIFI_8857,wpa2,"2017-07-29, 09:00:00 PM"
E0:8E:3C:1A:8A:27,MOORE,wpa2,"2017-04-04, 12:00:00 PM"
E0:8E:3C:1A:CB:77,bayanDSLWIFI_CB77,wpa2,"2017-07-15, 09:00:00 AM"
E0:8E:3C:1A:D4:D3,Wakaranay,wpa2,"2017-10-26, 02:00:00 PM"
E0:8E:3C:1A:ED:7F,Cupcakes by Gremlins,wpa2,"2017-07-29, 09:00:00 PM"
E0:8E:3C:1A:EE:1B,bayanDSLWIFI_EE1B,wpa2,"2017-03-03, 03:00:00 PM"
E0:8E:3C:22:3C:83,bayanDSLWIFI_3C83,wpa2,"2017-10-26, 02:00:00 PM"
E0:8E:3C:20:FC:4B,VenTriumfante,wpa,"2017-06-09, 01:00:00 PM"
E0:8E:3C:20:07:D3,whyFi,wpa2,"2017-05-07, 01:00:00 PM"
A8:7C:01:94:5B:56,Kit's Samsung Galaxy A5,wpa2,"2017-03-26, 03:00:00 PM"
CC:79:CF:2E:F3:E0,WiFiConnect 317,unknown,"2017-06-09, 01:00:00 PM"
AA:A6:68:21:E7:FF,Ttung,wpa2,"2017-05-07, 01:00:00 PM"
AA:A6:68:DA:63:3C,shuurei1109,wpa2,"2017-05-07, 01:00:00 PM"
AA:A6:68:9B:BF:52,CETA24,wpa2,"2017-05-07, 01:00:00 PM"
AA:A6:68:B3:13:70,Smart Bro_B31370,wpa2,"2017-01-29, 06:00:00 PM"
AA:A6:68:B4:7F:03,CJKULITZ,wpa2,"2017-03-22, 05:00:00 AM"
AA:A6:68:B4:A3:FE,BiLi ka,wpa2,"2017-03-11, 02:00:00 PM"
AA:A6:68:BF:0B:25,SM Free Wifi,wpa2,"2017-03-03, 03:00:00 PM"
AA:A6:68:78:3B:75,Glennabelle,wpa2,"2017-03-03, 03:00:00 PM"
AA:A6:68:2C:F7:32,Ninaluis,wpa2,"2017-07-15, 09:00:00 AM"
AA:A6:68:2D:19:C7,Wifi,wpa2,"2017-07-29, 09:00:00 PM"
C0:EE:FB:EE:58:B8,OnePlus3,wpa2,"2017-04-04, 12:00:00 PM"
C4:12:F5:4D:E8:F1,Kalayaan,wpa2,"2017-03-26, 03:00:00 PM"
A4:71:74:4D:82:05,B315_D8205,wpa2,"2017-10-17, 12:00:00 PM"
C4:07:2F:F1:28:31,HUAWEI-E5330-2831,wpa2,"2017-03-16, 04:00:00 PM"
C4:07:2F:F2:B8:D3,RRCP LEGIT 2017,wpa2,"2017-03-21, 06:00:00 AM"
CC:1A:FA:97:46:FC,SOBC,wpa,"2017-04-04, 12:00:00 PM"
C8:D7:19:F1:D9:82,Centennial Office,wpa2,"2017-03-15, 05:00:00 AM"
C8:B3:73:2B:8E:5E,jasonerick,wpa2,"2017-05-07, 01:00:00 PM"
C4:6E:1F:EA:E8:ED,Itemhound,wpa2,"2017-10-17, 12:00:00 PM"
C0:BD:D1:47:AB:7F,By6k-am9lbC5qYXVjbw,unknown,"2017-03-11, 02:00:00 PM"
A4:71:74:4A:E3:E8,HUAWEI-E3E8,wpa2,"2017-03-03, 03:00:00 PM"
C4:E9:84:77:C4:58,TP-LINK_C458,wpa2,"2017-07-15, 09:00:00 AM"
C8:F2:30:29:07:7F,_Beadel,wpa,"2017-06-09, 01:00:00 PM"
B0:B2:DC:73:53:C4,PLDTMyDSL,wpa,"2017-05-07, 01:00:00 PM"
D2:5B:A8:F4:FE:99,TRESKELION,wpa2,"2017-05-07, 01:00:00 PM"
D2:5B:A8:A7:96:4D,blccccccc,wpa2,"2017-03-16, 04:00:00 PM"
D2:5B:A8:A7:99:AC,Bohbies,wpa2,"2017-03-22, 12:00:00 PM"
D2:5B:A8:5E:9C:77,Sun Wi-Fi_5E9C77,wep,"2017-01-29, 06:00:00 PM"
D2:5B:A8:8F:66:80,jowi.cruz,wpa2,"2017-01-15, 03:00:00 PM"
E4:6F:13:64:48:34,INFECT,wpa2,"2017-10-15, 06:00:00 PM"
E4:6F:13:7E:74:72,Evangelista Net,wpa2,"2017-05-07, 01:00:00 PM"
E4:8D:8C:FB:3D:C2,CVL_Propagation test,unknown,"2017-09-30, 02:00:00 AM"
C8:D7:19:B6:F3:2C,Linksys_Javellana-guest,unknown,"2017-06-09, 01:00:00 PM"
E4:7D:EB:01:DD:5A,LBS CAMERA,wpa2,"2017-07-29, 09:00:00 PM"
E4:7D:EB:01:E3:9D,P01I-E39D,wpa2,"2017-06-09, 01:00:00 PM"
E6:B3:01:19:C4:E0,Bosen? iPhone,wpa2,"2017-05-07, 01:00:00 PM"
0C:D6:BD:5B:95:CA,TrojanVirus,wpa2,"2017-03-03, 03:00:00 PM"
B0:EE:7B:94:73:31,None,wpa2,"2017-06-09, 01:00:00 PM"
B4:30:52:E0:47:9A,OXO ORIGINAL,wpa2,"2017-07-29, 09:00:00 PM"
B4:30:52:34:E0:7B,SMARTBRO89,wpa2,"2017-06-09, 01:00:00 PM"
B4:30:52:0D:6E:5B,Jansen,wpa2,"2017-03-26, 03:00:00 PM"
18:1E:78:99:A2:80,PLDTHOMEDSL,wpa2,"2017-05-07, 01:00:00 PM"
0A:A6:F7:C1:73:E5,FAD-2G,wpa2,"2017-06-09, 01:00:00 PM"
D0:7A:B5:72:84:CE,HUAWEI-E5220-84ce,wpa2,"2017-01-21, 08:00:00 AM"
0E:12:62:85:60:B4,TheEmperor,wpa2,"2017-03-03, 12:00:00 PM"
BE:3A:EA:8D:23:AD,hansy,wpa2,"2017-10-26, 02:00:00 PM"
D0:BF:9C:70:6F:A2,HP-Print-A2-Deskjet 3540 series,wpa2,"2017-07-15, 09:00:00 AM"
00:04:ED:1E:7B:01,MDROA35,none,"2017-07-15, 09:00:00 AM"
14:1F:78:40:71:FD,Ganda,wpa2,"2017-06-09, 01:00:00 PM"
B8:08:D7:40:8D:2F,globewifi,wpa2,"2017-03-26, 03:00:00 PM"
10:D3:8A:1F:04:CE,kills,wpa2,"2017-03-03, 03:00:00 PM"
DC:09:4C:54:7D:46,None,wpa2,"2017-07-15, 09:00:00 AM"
C0:BD:D1:83:A5:96,Valar Morghulis,wpa2,"2017-07-15, 09:00:00 AM"
14:AB:F0:47:F3:F0,*EDVIRAY*,wpa2,"2017-06-09, 01:00:00 PM"
D4:A1:48:6E:17:76,SEPULTURA,wpa2,"2017-05-07, 01:00:00 PM"
B8:8D:12:5F:72:31,clanhub,wpa2,"2017-03-11, 02:00:00 PM"
D8:55:A3:61:C7:6C,GOTOMI,wpa2,"2017-07-15, 09:00:00 AM"
14:B9:68:10:7D:91,kgdcaloy,wpa2,"2017-05-07, 01:00:00 PM"
BC:C0:0F:1F:C2:F0,PLDTHOMEFIBRfc2f0,wpa2,"2017-06-09, 01:00:00 PM"
BC:C0:0F:BE:9D:48,PLDTHOMEFIBRe9d48,wpa2,"2017-06-09, 01:00:00 PM"
BC:C0:0F:2E:44:20,PLDTHOMEFIBRe4420,wpa2,"2017-07-15, 09:00:00 AM"
E0:8E:3C:1A:4D:6F,bayanDSLWIFI_4D6F,wpa2,"2017-03-16, 04:00:00 PM"
E0:8E:3C:1A:BF:73,likhadiwa,wpa2,"2017-10-28, 02:00:00 PM"
E0:8E:3C:1A:CF:43,bayanDSLWIFI_CF43,wpa2,"2017-09-21, 01:00:00 PM"
E0:8E:3C:1A:D0:FF,bayanDSLWIFI_D0FF,wpa2,"2017-03-26, 03:00:00 PM"
E0:8E:3C:1A:D1:0F,BUSET ANG BAGAL!,wpa2,"2017-09-23, 03:00:00 AM"
E0:8E:3C:1A:F5:13,Virus Detected,wpa2,"2017-07-15, 09:00:00 AM"
E0:8E:3C:1B:3F:13,bayanDSLWIFI_3F13,wpa2,"2017-05-07, 01:00:00 PM"
E0:8E:3C:1B:6F:2F,Hybrid,wpa2,"2017-05-07, 01:00:00 PM"
E0:8E:3C:21:E5:1F,bayanDSLWIFI_E51F,wpa2,"2017-05-07, 01:00:00 PM"
E0:8E:3C:22:21:0B,I.P.G,wpa2,"2017-10-17, 12:00:00 PM"
E0:8E:3C:22:44:0B,UPNET,wpa2,"2017-05-07, 01:00:00 PM"
E0:8E:3C:22:4E:CF,bayanDSLWIFI_4ECF,wpa2,"2017-10-26, 02:00:00 PM"
E0:8E:3C:1F:EA:E7,Argo,wpa2,"2017-05-07, 01:00:00 PM"
E0:8E:3C:1F:FE:1F,Kadamay,wpa2,"2017-05-07, 01:00:00 PM"
E0:8E:3C:20:15:3F,Bhongga_store,wpa2,"2017-07-29, 09:00:00 PM"
E0:8E:3C:20:FA:4B,Nobody,wpa,"2017-06-09, 01:00:00 PM"
E0:8E:3C:21:38:87,PSCSEND,wpa2,"2017-03-03, 03:00:00 PM"
E0:8E:3C:04:BA:DF,shana,wpa2,"2017-05-07, 01:00:00 PM"
10:BF:48:B2:97:AC,Zentea,wpa2,"2017-07-29, 09:00:00 PM"
D2:5B:A8:91:B5:1D,BAGYO,wpa2,"2017-04-04, 12:00:00 PM"
D2:5B:A8:F9:8D:FC,Smart Bro_F98DFC,wpa2,"2017-10-28, 02:00:00 PM"
1C:74:0D:1A:64:48,PLDTHOMEDSLKenjie,wpa2,"2017-03-15, 05:00:00 AM"
1C:67:58:F9:8F:57,pansit lumen,wpa2,"2017-06-09, 01:00:00 PM"
BE:6C:21:7A:CC:19,Roden's iPhone,wpa2,"2017-03-03, 03:00:00 PM"
1A:E3:BC:2C:E3:EE,SAPPS_anniebriones346-ic3,wep,"2017-03-21, 06:00:00 AM"
E4:58:E7:24:A0:50,Samsung Tab,wpa2,"2017-07-29, 09:00:00 PM"
20:A6:80:44:28:79,ONE,wpa2,"2017-02-28, 12:00:00 PM"
E0:A3:AC:51:52:D6,HUAWEI-52D6,wpa2,"2017-05-07, 01:00:00 PM"
E0:8E:3C:16:7B:11,bayanDSLWIFI_7B11,wpa2,"2017-06-09, 01:00:00 PM"
E0:8E:3C:1F:C5:47,bayanDSLWIFI_C547,wpa2,"2017-06-09, 01:00:00 PM"
E0:8E:3C:1F:D0:8B,None,wpa2,"2017-05-07, 01:00:00 PM"
E0:8E:3C:1F:F7:E3,molina,wpa2,"2017-03-26, 03:00:00 PM"
E0:8E:3C:1A:7C:CB,bayanDSLWIFI_7CCB,wpa2,"2017-07-29, 09:00:00 PM"
20:AA:4B:1D:8B:3C,RedLion,wpa2,"2017-03-03, 03:00:00 PM"
DC:EE:06:CF:C4:94,DG_2016,wpa2,"2017-03-21, 11:00:00 AM"
DC:EE:06:8D:B9:C7,Bazingaaa,wpa2,"2017-05-07, 01:00:00 PM"
DC:EE:06:C0:26:FC,Restricted connection2,wpa2,"2017-03-03, 03:00:00 PM"
DC:09:4C:32:77:03,HUAWEI-E5330-7703,wpa2,"2017-03-21, 06:00:00 AM"
E4:77:23:A6:13:70,karl benedict,wpa2,"2017-03-11, 02:00:00 PM"
E4:77:23:9D:6D:74,ACTMJ,wpa2,"2017-03-15, 05:00:00 AM"
BC:76:5E:CF:ED:06,AndroidAP,wpa2,"2017-04-04, 12:00:00 PM"
1C:B7:2C:79:F8:8C,AWESOME.RIBS_5G,wpa2,"2017-07-29, 09:00:00 PM"
20:25:64:C6:7D:F5,96266b,wpa2,"2017-06-09, 01:00:00 PM"
E4:77:23:A5:4F:60,bayanDSLWiFi_4F60,wpa2,"2017-05-07, 01:00:00 PM"
94:FB:B2:59:AA:48,PLDTHOMEDSL,wpa2,"2017-05-07, 01:00:00 PM"
E4:7D:EB:01:D6:DD,PakyuKaInaMo,wpa2,"2017-05-07, 01:00:00 PM"
94:A7:B7:26:4A:DD,bayanDSLWIFI_4ADD,wpa2,"2017-10-17, 12:00:00 PM"
94:A7:B7:26:4D:F6,Zaril ,wpa2,"2017-07-29, 09:00:00 PM"
94:A7:B7:26:76:FE,TestWiFi,wpa2,"2017-05-07, 01:00:00 PM"
8C:34:FD:D3:BE:E2,HUAWEI-E5330-BEE2,wpa2,"2017-07-29, 09:00:00 PM"
24:C9:A1:1B:DC:78,Free_iGov_WiFi,none,"2017-03-15, 05:00:00 PM"
EC:8A:4C:A6:12:DC,bayandsl,wpa2,"2017-03-03, 03:00:00 PM"
22:A9:0E:8C:92:76,UNA,wpa2,"2017-05-07, 01:00:00 PM"
EC:9B:F3:4A:04:C9,BnGn-TWFjaGluZSBHdW4gS2VsbHk,unknown,"2017-06-09, 01:00:00 PM"
EC:1F:72:E9:C2:93,Trojan,wpa2,"2017-05-07, 01:00:00 PM"
E8:CD:2D:AC:53:75,HUAWEI-E5776-5375,wpa2,"2017-05-07, 01:00:00 PM"
90:5F:2E:67:E0:8D,mysystem1,wpa2,"2017-07-29, 09:00:00 PM"
90:61:0C:35:41:C0,PLDTHOMEDSL_Padeau,wpa2,"2017-10-26, 02:00:00 PM"
90:61:0C:2E:92:75,PLDTHOMEDSL_FLORIE,wpa2,"2017-07-15, 09:00:00 AM"
90:61:0C:2C:E2:93,PLDTHOMEDSLVirusdetected,wpa2,"2017-10-26, 02:00:00 PM"
90:61:0C:2C:E2:A0,Benz_wifi,wpa2,"2017-06-09, 01:00:00 PM"
90:61:0C:1F:AA:1C,PLDTHOMEDSL_iFARM,wpa2,"2017-10-17, 12:00:00 PM"
EC:1F:72:C5:86:09,AndroidAP,wpa2,"2017-03-03, 12:00:00 PM"
EC:9B:F3:94:EA:ED,AndroidAP,wpa2,"2017-05-07, 01:00:00 PM"
28:92:4A:14:56:18,HOLYFAMILY,wpa2,"2017-07-29, 09:00:00 PM"
EC:08:6B:82:DB:D8,amom,wpa2,"2017-09-21, 01:00:00 PM"
EE:1D:7F:68:14:88,uFi_681488,wpa2,"2017-07-29, 09:00:00 PM"
EE:1D:7F:73:42:15,Smart Bro_8678,wpa2,"2017-07-29, 09:00:00 PM"
EC:08:6B:6B:80:BD,29 Marilag St.,wpa2,"2017-03-11, 02:00:00 PM"
EC:8A:4C:A6:7E:8C,bayanDSLWiFi_7E8C,wpa2,"2017-10-26, 02:00:00 PM"
EC:8A:4C:A6:83:B0,bayanDSLWiFi_83B0,wpa2,"2017-07-29, 09:00:00 PM"
F0:98:38:07:A3:70,Pazzo brew bar,wpa2,"2017-07-29, 09:00:00 PM"
8C:79:67:C1:25:A5,GLOBE_C125A5,wpa2,"2017-05-07, 01:00:00 PM"
8C:79:67:CD:7A:12,.......,wpa2,"2017-05-07, 01:00:00 PM"
00:00:02:DA:B8:92,TatanTel2xEdwin,wpa2,"2017-03-15, 05:00:00 AM"
E0:8E:3C:21:EB:7B,Suplado,wpa2,"2017-09-21, 01:00:00 PM"
E0:8E:3C:21:F4:8B,romel and ninyo,wpa2,"2017-01-29, 06:00:00 PM"
E0:8E:3C:22:00:F3,yamaha,wpa2,"2017-04-04, 12:00:00 PM"
E0:8E:3C:22:44:AB,bayanDSLWIFI_44AB,wpa2,"2017-10-26, 02:00:00 PM"
E0:8E:3C:2A:07:E0,Aztech5068_A07E0,wpa,"2017-07-29, 09:00:00 PM"
22:6D:52:64:E3:87,Mamba,wpa2,"2017-03-16, 04:00:00 PM"
E0:8E:3C:04:EE:07,bayanDSLWIFI_EE07,wpa2,"2017-05-07, 01:00:00 PM"
8E:34:FD:DB:69:5A,AkinLAN,wpa2,"2017-03-26, 03:00:00 PM"
1E:74:0D:02:A3:50,PLDTMyDSLBizViva_Z,wpa2,"2017-06-09, 01:00:00 PM"
8E:79:67:3F:C4:2D,konektado,wpa2,"2017-01-12, 12:00:00 PM"
EE:1D:7F:A2:67:6A,Smart Bro_A2676A,wep,"2017-03-03, 12:00:00 PM"
EE:1D:7F:90:5D:F2,uFi_905DF2,wpa2,"2017-03-03, 12:00:00 PM"
88:D2:74:86:B1:70,bayanDSLWIFI_B170,wpa2,"2017-10-26, 02:00:00 PM"
88:D2:74:86:B6:B0,bayanDSLWIFI_B6B0,wpa2,"2017-10-26, 02:00:00 PM"
24:09:95:B3:06:DB,BABYLITA,wpa2,"2017-04-04, 12:00:00 PM"
F4:8E:92:05:1E:76,danica,wpa2,"2017-03-03, 03:00:00 PM"
F4:9E:EF:D1:5D:4C,PLDTHOMEDSL15D4C,wpa2,"2017-06-09, 01:00:00 PM"
F8:D1:11:24:FA:50,teddy2,wpa2,"2017-03-11, 02:00:00 PM"
EC:8C:A2:70:FF:28,Hiei@Wifi,wpa2,"2017-07-29, 09:00:00 PM"
EC:8C:A2:70:FF:2C,Hiei@Wifi,wpa2,"2017-07-29, 09:00:00 PM"
2E:0E:3D:D3:F0:AB,AndroidADP,wpa2,"2017-03-03, 03:00:00 PM"
E4:18:6B:C0:6D:98,trojan.ex,wpa2,"2017-10-17, 12:00:00 PM"
9C:A9:E4:DB:40:92,ZTE_MF90_DB4092,wpa2,"2017-03-16, 04:00:00 PM"
9C:A9:E4:DB:4C:8C,ZTE_MF90_DB4C8C,wpa2,"2017-07-15, 09:00:00 AM"
2C:26:C5:17:F4:E0,Tisay,wpa,"2017-07-29, 09:00:00 PM"
E8:61:7E:8D:13:D7,PS4-D0131101B5C1,wpa2,"2017-04-04, 12:00:00 PM"
46:04:44:82:B7:E7,BgIt-QTMzdw,wep,"2017-01-15, 03:00:00 PM"
00:26:75:F4:9D:11,japoypogi,wpa2,"2017-07-15, 09:00:00 AM"
00:26:75:F6:01:38,Aztech5018_6013A,wpa,"2017-07-29, 09:00:00 PM"
08:95:2A:89:35:37,SKYbroadbandA450,wpa2,"2017-07-29, 09:00:00 PM"
44:6E:E5:37:38:87,HUAWEI-3887,wpa2,"2017-05-07, 01:00:00 PM"
08:95:2A:5D:30:5A,SKYbroadband0338,wpa2,"2017-06-09, 01:00:00 PM"
40:45:DA:27:CF:AC,hotspot mo to,unknown,"2017-05-07, 01:00:00 PM"
08:21:EF:05:34:C9,BF81-c29uaWFkZWxhcGF6NTA,unknown,"2017-03-22, 05:00:00 AM"
3C:DF:BD:A8:D4:A4,HX97u.I_v4.076,wpa2,"2017-09-21, 01:00:00 PM"
06:02:1F:13:05:D5,HUAWEI-E5372-05D4,wpa2,"2017-05-07, 01:00:00 PM"
08:10:73:47:1E:66,wifi-cdrking_471e66,unknown,"2017-05-07, 01:00:00 PM"
8E:79:67:A9:6E:DC,ZTE-MF65M-6EDC,wpa2,"2017-03-26, 03:00:00 PM"
8E:79:67:A9:B8:E5,ZTE-MF65M-B8E5,wpa2,"2017-03-16, 04:00:00 PM"
8E:79:67:93:50:44,Almond,wpa2,"2017-06-09, 01:00:00 PM"
8E:79:67:86:F1:FD,krolithikah,wpa2,"2017-05-07, 01:00:00 PM"
8E:79:67:50:2F:D7,Smart Bro_502FD7,wep,"2017-01-29, 06:00:00 PM"
8E:79:67:81:39:C0,Smart Bro_8139C0,wep,"2017-07-29, 09:00:00 PM"
8E:79:67:82:AA:C9,Macky13,wpa2,"2017-05-07, 01:00:00 PM"
8E:79:67:86:E9:03,Smart Bro_86E903,wpa2,"2017-03-11, 02:00:00 PM"
8E:79:67:5A:31:5E,Aldwin 3G,wpa2,"2017-04-04, 12:00:00 PM"
8C:79:67:B5:26:0F,GLOBE_B5260F,wpa2,"2017-03-03, 03:00:00 PM"
48:13:7E:B5:FD:F6,None,wpa2,"2017-07-29, 09:00:00 PM"
14:B7:F8:0B:38:33,Chibutt,wpa2,"2017-07-29, 09:00:00 PM"
14:B7:F8:0B:44:97,SKYbroadband4494,wpa2,"2017-07-29, 09:00:00 PM"
84:16:F9:37:CA:F6,ADMIN,wpa2,"2017-06-09, 01:00:00 PM"
14:B9:68:81:1A:DC,SMART-BRO-1ADC,wpa2,"2017-03-26, 03:00:00 PM"
04:18:D6:56:26:86,BRGYUPAP2,unknown,"2017-03-03, 03:00:00 PM"
14:CF:92:A6:92:A4,Walanghiya,wpa2,"2017-03-03, 12:00:00 PM"
88:32:9B:6F:AA:B8,Santos,wpa2,"2017-02-22, 11:00:00 PM"
36:69:87:4D:71:4D,Tababoy,wpa2,"2017-07-15, 09:00:00 AM"
36:69:87:0F:20:14,wifikotoh,wpa2,"2017-03-12, 06:00:00 PM"
36:69:87:29:B3:38,GoodVibesLang,wpa2,"2017-04-04, 12:00:00 PM"
36:69:87:A1:A6:57,neon-s,wpa2,"2017-07-29, 09:00:00 PM"
36:69:87:B3:5E:BC,mobillo,wpa2,"2017-05-07, 01:00:00 PM"
86:98:66:7D:EB:0D,AndroidAP,wpa2,"2017-04-04, 12:00:00 PM"
88:AD:D2:45:F1:93,BvRc-bWhlcmFuZHJldw,unknown,"2017-04-04, 12:00:00 PM"
88:D2:74:86:B7:7D,bayanDSLWIFI_B77D,wpa2,"2017-10-15, 06:00:00 PM"
88:D2:74:86:C4:14,I Believe Wi Can Fi,wpa2,"2017-10-26, 02:00:00 PM"
88:AD:D2:EC:B5:E2,Lancylot,wpa2,"2017-03-15, 05:00:00 PM"
88:AD:D2:B1:C6:42,AndroidAP,wpa2,"2017-01-15, 03:00:00 PM"
90:61:0C:12:02:8D,VALONES_GUEST,wpa2,"2017-10-26, 02:00:00 PM"
90:61:0C:12:BA:3A,PLDTMyDSL,wpa2,"2017-05-07, 01:00:00 PM"
90:61:0C:1D:0B:21,Globe DSL,wpa2,"2017-03-11, 02:00:00 PM"
48:F8:B3:39:A6:E2,OrangeCedar,wpa2,"2017-06-09, 01:00:00 PM"
48:F8:B3:39:A6:E3,OrangeCedar-guest,unknown,"2017-06-09, 01:00:00 PM"
90:61:0C:0D:3B:AB,PLDTMyDSL,wpa2,"2017-06-09, 01:00:00 PM"
0C:D6:BD:3F:B8:77,HUAWEI-E5330-B877,wpa2,"2017-03-03, 03:00:00 PM"
90:61:0C:2E:02:5D,PLDTHOMEDSL9c,wpa2,"2017-05-07, 01:00:00 PM"
90:61:0C:33:AA:70,PLDTHOMEDSL43632,wpa2,"2017-07-29, 09:00:00 PM"
90:61:0C:35:45:A1,M E R C U R I O,wpa2,"2017-10-15, 06:00:00 PM"
90:61:0C:2C:E1:E4,PLDTHOMEDSL57828_MDV,wpa2,"2017-06-09, 01:00:00 PM"
90:61:0C:2C:E2:A1,SM_BAGUIO,wpa2,"2017-06-09, 01:00:00 PM"
0E:12:62:7F:B3:7C,Pancake,wpa2,"2017-07-15, 09:00:00 AM"
0C:F4:D5:55:99:2C,Hiei@Wifi,wpa2,"2017-07-29, 09:00:00 PM"
0C:F4:D5:15:99:28,#SmartWifi @StrEATMag,unknown,"2017-07-29, 09:00:00 PM"
02:08:22:00:BD:06,BOLj-cm8ua2VhdGluZzE5Nzc,wep,"2017-03-03, 03:00:00 PM"
58:70:C6:FA:EE:CC,YICarCam_faeecc,wpa2,"2017-03-03, 12:00:00 PM"
50:68:0A:A0:A6:81,HabagatWiFi,wpa2,"2017-01-29, 06:00:00 PM"
54:22:F8:F1:83:40,bayanDSL,wpa,"2017-05-07, 01:00:00 PM"
94:A7:B7:3D:01:90,TwinxGuileRyzenRiza,wpa2,"2017-07-29, 09:00:00 PM"
94:A7:B7:26:47:1B,bayanDSLWIFI_471B,wpa2,"2017-05-07, 01:00:00 PM"
94:A7:B7:26:71:7F,bayanDSLWIFI_717F,wpa2,"2017-07-15, 09:00:00 AM"
0A:A6:F7:4D:72:69,FAD-2G,wpa2,"2017-03-11, 02:00:00 PM"
0A:A6:F7:4E:72:69,MIS-5G,wpa2,"2017-05-07, 01:00:00 PM"
0A:A6:F7:4E:72:6B,VMEPD-5G,wpa2,"2017-05-07, 01:00:00 PM"
94:FE:22:F0:A0:1F,HUAWEI-E5330-A01F,wpa2,"2017-01-12, 12:00:00 PM"
94:FE:22:F0:A7:AF,HUAWEI-E5330-A7AF,wpa2,"2017-07-15, 09:00:00 AM"
0A:19:BE:80:83:AC,wifi ng ina mo!,wpa2,"2017-05-07, 01:00:00 PM"
00:27:15:0C:D1:F8,BiGW-UGhvbmU,unknown,"2017-03-08, 02:00:00 AM"
00:26:B4:3D:78:36,SYNC_00000000,wpa2,"2017-03-15, 05:00:00 AM"
1A:4F:32:66:EB:BB,V2X-2098,wpa2,"2017-02-26, 06:00:00 PM"
00:26:75:AB:A2:33,Wifibashaeee,wpa2,"2017-05-07, 01:00:00 PM"
00:26:75:AB:B3:F9,EMP,wpa2,"2017-07-29, 09:00:00 PM"
00:26:75:AC:30:22,bayanDSL,wpa2,"2017-05-07, 01:00:00 PM"
50:9F:27:0C:47:39,The Cabotage  Realty,wpa2,"2017-05-07, 01:00:00 PM"
50:68:0A:BD:AE:C6,HUAWEI-E5330-AEC6,wpa2,"2017-05-07, 01:00:00 PM"
00:26:75:F9:CE:D6,Free Wifi,wpa2,"2017-05-07, 01:00:00 PM"
00:26:75:F4:4D:45,VIRUSDETECTED,wpa2,"2017-07-29, 09:00:00 PM"
00:26:75:AC:01:3D,bayanDSLWiFi_013D,wpa2,"2017-07-29, 09:00:00 PM"
1A:A6:F7:75:7F:13,Public WiFi,wpa2,"2017-03-03, 03:00:00 PM"
5C:D9:98:5E:C1:28,MIGUEL,wpa,"2017-06-09, 01:00:00 PM"
5C:A8:6A:49:AD:E8,HUAWEI-ADE8,wpa2,"2017-03-26, 03:00:00 PM"
18:A6:F7:EA:A2:02,2nd Floor,wpa2,"2017-07-29, 09:00:00 PM"
1C:67:58:BD:D6:07,HUAWEI-E5330-D607,wpa2,"2017-08-16, 04:00:00 PM"
1C:67:58:25:34:A1,Shishi,wpa2,"2017-07-15, 09:00:00 AM"
14:1F:78:97:20:DE,markylicious,wpa2,"2017-07-29, 09:00:00 PM"
14:60:80:99:1A:44,bayanDSLWiFi_1A44,wpa2,"2017-05-07, 01:00:00 PM"
04:8C:07:88:4B:28,MyPhone my82 DTV Wi-Fi hotspot,wpa2,"2017-03-16, 04:00:00 PM"
1A:4F:32:45:96:6B,DIRECT-Jx-BRAVIA,wpa2,"2017-07-29, 09:00:00 PM"
14:AB:F0:4D:9D:80,ARRIS-9D82,wpa2,"2017-07-29, 09:00:00 PM"
5C:F2:86:2D:A5:7F,Ryza02,wpa2,"2017-04-04, 12:00:00 PM"
5C:F2:86:2D:C8:93,Globe_LTE MIFI_C893,wpa2,"2017-03-08, 02:00:00 AM"
5C:F2:86:2E:63:C4,Luvsky,wpa2,"2017-06-09, 01:00:00 PM"
5C:F2:86:2E:C5:49,Globe_LTE MIFI_C549,wpa2,"2017-07-29, 09:00:00 PM"
5C:F2:86:2D:1C:B1,WEL LTE,wpa2,"2017-03-03, 03:00:00 PM"
5C:F2:86:2B:58:07,Globe_LTE MIFI_5807,wpa2,"2017-03-22, 05:00:00 AM"
5C:F2:86:25:57:F2,ELLA,wpa2,"2017-10-26, 02:00:00 PM"
5C:F2:86:25:66:9F,BIGBOY,wpa2,"2017-08-30, 04:00:00 PM"
5C:F2:86:25:7A:58,LAINEZCONDE,wpa2,"2017-05-07, 01:00:00 PM"
5C:F2:86:27:C6:BE,Dampa sa Commonwealth,wpa2,"2017-03-24, 12:00:00 PM"
D2:5B:A8:23:08:CC,R2,wpa2,"2017-05-07, 01:00:00 PM"
1C:74:0D:19:23:B8,PLDTHOMEDSLMikeAbee,wpa2,"2017-05-07, 01:00:00 PM"
38:D8:2F:22:7C:44,Cratouz,wpa2,"2017-03-26, 03:00:00 PM"
38:D8:2F:2B:CF:28,System,wpa2,"2017-05-07, 01:00:00 PM"
74:23:44:F3:44:4F,B6Ka-Tmlja28,wpa2,"2017-03-03, 12:00:00 PM"
72:EC:E4:3B:00:1E,iPhone,wpa2,"2017-04-04, 12:00:00 PM"
00:90:A9:0E:55:0D,CallaoMan 5,wpa2,"2017-07-29, 09:00:00 PM"
00:87:01:4A:C8:48,Bst1-bmFkaW5lbHVzdHJl8J+YmPCfmJg,unknown,"2017-06-09, 01:00:00 PM"
70:9F:2D:A0:29:50,bayanDSLWiFi_2950,wpa2,"2017-05-07, 01:00:00 PM"
70:9F:2D:A1:41:7C,bayanDSLWiFi_417C,wpa2,"2017-07-15, 09:00:00 AM"
DC:EE:06:C0:96:68,skye,wep,"2017-03-09, 10:00:00 AM"
00:D0:41:CF:0F:1F,SAPIDO_RB-1632_cf0f20,wep,"2017-03-08, 02:00:00 AM"
00:D0:41:CF:F7:DA,SAPIDO_RB-1632_cff7db,wep,"2017-05-24, 02:00:00 PM"
2E:F0:A2:64:14:E8,JoSa,wpa2,"2017-07-29, 09:00:00 PM"
80:71:7A:E9:5A:C1,Caramels,wpa2,"2017-01-29, 06:00:00 PM"
08:10:73:63:33:68,ACPRINTS,wpa,"2017-04-04, 12:00:00 PM"
08:10:74:68:C0:CA,IMVA,wpa,"2017-06-09, 01:00:00 PM"
D8:37:BE:FD:64:53,PLDTHOMEDSLEntresibling,wpa2,"2017-10-17, 12:00:00 PM"
00:90:A9:10:93:EB,CalataganPot,wpa2,"2017-07-29, 09:00:00 PM"
00:B0:C0:01:99:68,RoadSafetyLab,wpa2,"2017-06-09, 01:00:00 PM"
34:8A:7B:4D:38:A2,CM.02.02,wpa2,"2017-07-29, 09:00:00 PM"
34:97:F6:BC:B9:37,My ASUS,wpa2,"2017-03-13, 03:00:00 PM"
74:CC:39:BA:CD:F0,MBOSOFFICE,wpa2,"2017-07-29, 09:00:00 PM"
74:CC:39:BB:51:60,PLDTHOMEFIBRb5160,wpa2,"2017-07-29, 09:00:00 PM"
74:CC:39:C1:02:B8,PLDTHOMEFIBR102b8,wpa2,"2017-10-17, 12:00:00 PM"
00:27:15:28:98:2D,BttS-bW9kZXJud2FyejAx,unknown,"2017-03-11, 02:00:00 PM"
00:27:15:85:43:1E,BdDh-bWo,unknown,"2017-03-11, 02:00:00 PM"
02:08:22:EC:E9:69,titikyu ;),wpa2,"2017-03-03, 03:00:00 PM"
02:15:99:B6:54:C8,DIRECT-tgSCX-3400,wpa2,"2017-03-03, 03:00:00 PM"
DC:09:4C:B5:B3:39,WGS84_Major-Axis,wpa2,"2017-05-07, 01:00:00 PM"
DC:EE:06:11:A5:8F,Bong992186,wpa2,"2017-07-29, 09:00:00 PM"
4C:09:B4:A2:FA:AD,no free wifi for you,wpa,"2017-10-26, 02:00:00 PM"
C0:A0:BB:21:AC:68,Lizada,wpa2,"2017-06-09, 01:00:00 PM"
00:9A:CD:43:3B:82,FJM_WIFI,wpa2,"2017-03-10, 11:00:00 AM"
24:DF:6A:B3:F5:06,HUAWEI-E5330-F506,wpa2,"2017-03-03, 12:00:00 PM"
48:DB:50:21:5E:BE,LAN Before Time,wpa2,"2017-04-04, 12:00:00 PM"
48:00:33:62:4A:5D,SKYbroadband4A5A,wpa2,"2017-06-09, 01:00:00 PM"
7C:7D:3D:0C:4F:C3,HUAWEI-E5330-4FC3,wpa2,"2017-06-09, 01:00:00 PM"
7C:C7:09:C6:48:AE,Mitsubishi Wireless TV 478,unknown,"2017-07-29, 09:00:00 PM"
36:69:87:5E:9F:6A,VIRUS,wpa2,"2017-02-23, 12:00:00 PM"
36:69:87:89:12:DD,Lanchaw Bin,wpa2,"2017-02-23, 12:00:00 PM"
36:69:87:B3:46:89,ZTE-MF65M-4689,wpa2,"2017-03-03, 12:00:00 PM"
36:69:87:AB:B5:DF,Lyon,wpa2,"2017-03-13, 03:00:00 PM"
36:69:87:AB:F5:7C,Smart Bro_ABF57C,wpa2,"2017-03-22, 05:00:00 AM"
36:69:87:2A:37:C8,Flip,wpa2,"2017-01-29, 06:00:00 PM"
38:46:08:F3:47:24,bayanDSL,wpa,"2017-07-15, 09:00:00 AM"
4C:5E:0C:5E:99:C9,incognito,wpa2,"2017-07-15, 09:00:00 AM"
72:81:EB:82:E7:39,Macky's iPhone,wpa2,"2017-03-13, 03:00:00 PM"
72:81:EB:AC:48:7D,Jeremy,wpa2,"2017-06-09, 01:00:00 PM"
2C:5D:93:1A:B5:68,DILNET-WIFI,unknown,"2017-10-28, 02:00:00 PM"
2C:5D:93:1A:B5:C8,DILNET-WIFI,unknown,"2017-05-07, 01:00:00 PM"
2C:5D:93:1A:B6:58,DILNET-WIFI,unknown,"2017-10-28, 02:00:00 PM"
4C:81:20:F3:33:63,BlueZoom Water Refilling,wpa2,"2017-10-26, 02:00:00 PM"
C0:56:27:31:25:49,Saturn,wpa2,"2017-10-28, 02:00:00 PM"
50:F0:D3:5B:9A:98,Androidj7,wpa2,"2017-07-29, 09:00:00 PM"
62:33:1A:BF:89:9A,Karla Mae?s iPhone,wpa2,"2017-04-04, 12:00:00 PM"
50:9F:27:0D:FC:2A,sugarcane,wpa2,"2017-07-29, 09:00:00 PM"
04:18:D6:56:28:E1,BrgyUPAP1,unknown,"2017-06-09, 01:00:00 PM"
34:14:5F:33:B5:B5,BgfN-cmx3YW5nYWc,unknown,"2017-01-29, 06:00:00 PM"
5C:F2:86:21:96:EA,CCTV,wpa2,"2017-07-29, 09:00:00 PM"
5C:F2:86:21:A2:37,RDA110,wpa2,"2017-07-29, 09:00:00 PM"
5C:F2:86:22:84:6A,Keanuexconde,wpa2,"2017-09-23, 03:00:00 AM"
5C:F2:86:22:A9:51,GLENDA MENDOZA,wpa2,"2017-01-21, 08:00:00 AM"
5C:F2:86:24:32:00,KEWELL-LOUISE,wpa2,"2017-05-07, 01:00:00 PM"
5C:F2:86:24:35:D3,WRxBioceuticalsInc,wpa2,"2017-07-29, 09:00:00 PM"
5C:F2:86:25:3C:C9,RUDY,wpa2,"2017-07-15, 09:00:00 AM"
5C:F2:86:25:5B:2C,maan,wpa2,"2017-01-12, 12:00:00 PM"
5C:F2:86:25:5C:DB,RSMARTWIFI,wpa2,"2017-07-15, 09:00:00 AM"
5C:F2:86:25:61:20,Macapia,wpa2,"2017-03-26, 03:00:00 PM"
5C:F2:86:25:8D:AA,Tope,wpa2,"2017-07-15, 09:00:00 AM"
5C:F2:86:25:AD:8E,Joesiah,wpa2,"2017-09-21, 01:00:00 PM"
5C:F2:86:25:B3:81,Shayne,wpa2,"2017-07-29, 09:00:00 PM"
5C:F2:86:25:CB:16,CONNECTED,wpa2,"2017-10-15, 06:00:00 PM"
5C:F2:86:26:A4:4A,Globe_LTE MIFI_A44A,wpa2,"2017-07-29, 09:00:00 PM"
5C:F2:86:27:ED:AA,Globe_LTE MIFI_EDAA,wpa2,"2017-03-03, 03:00:00 PM"
5E:4B:D6:A7:18:53,Connectify-me,wpa2,"2017-05-07, 01:00:00 PM"
48:DB:50:8A:7B:A4,HUAWEI-E5330-7BA4,wpa2,"2017-03-15, 05:00:00 AM"
BA:01:A7:55:04:9D,iPad,wpa2,"2017-03-21, 06:00:00 AM"
5C:6A:80:19:96:AA,MarketMatters,wpa2,"2017-10-17, 12:00:00 PM"
5C:6A:80:19:EC:8A,ADMINCONFIDENTIAL,wpa2,"2017-10-17, 12:00:00 PM"
5C:6A:80:1A:25:C7,PLDTMyDSLBiz5G34670,wpa2,"2017-07-29, 09:00:00 PM"
0C:BD:51:F3:44:7D,ContinuingMandamus,wpa2,"2017-07-15, 09:00:00 AM"
60:31:97:DC:E7:F0,The Wander  Space,wpa2,"2017-06-09, 01:00:00 PM"
60:31:97:13:BC:FB,PLDTMyDSLBiz::ToTheNines,wpa2,"2017-07-29, 09:00:00 PM"
0C:B3:19:4B:D6:E3,Bk56-bWFydmluZGVtaWwxMjg,unknown,"2017-04-04, 12:00:00 PM"
48:00:33:62:3D:01,SKYbroadband3CFE,wpa2,"2017-06-09, 01:00:00 PM"
48:00:33:62:97:E9,SKYMAGINHAWA,wpa2,"2017-07-29, 09:00:00 PM"
CC:2D:83:55:B8:7A,B6X0-QXJseW4,unknown,"2017-01-09, 11:00:00 AM"
0C:D6:BD:41:BE:83,Beeline_BE83,wpa2,"2017-03-11, 02:00:00 PM"
D4:6E:5C:1B:24:C9,HUAWEI-E5220-24c9,wpa2,"2017-07-29, 09:00:00 PM"
60:02:92:3E:CC:6B,a862d1,wpa2,"2017-06-09, 01:00:00 PM"
60:02:92:3E:D5:67,a85688,wpa2,"2017-06-09, 01:00:00 PM"
5C:F2:86:23:C8:B2,CanullasWifi,wpa2,"2017-07-29, 09:00:00 PM"
5C:F2:86:23:E5:C0,AssCurrTech,wpa2,"2017-07-29, 09:00:00 PM"
5C:F2:86:24:A9:A2,RogelioCFernandez,wpa2,"2017-03-11, 02:00:00 PM"
5C:F2:86:25:26:11,SPRINGBARS,wpa2,"2017-06-09, 01:00:00 PM"
08:EC:A9:25:A7:5A,AndroidAP,wpa2,"2017-02-22, 11:00:00 PM"
0A:A6:F7:4D:72:6A,VMEPD-2G,wpa2,"2017-03-11, 02:00:00 PM"
0A:A6:F7:4D:72:6D,GGRDD-2G,wpa2,"2017-03-11, 02:00:00 PM"
0A:A6:F7:4E:72:6A,FAD-5G,wpa2,"2017-05-07, 01:00:00 PM"
0A:A6:F7:C1:73:E3,PHIVOLCS-2G,wpa2,"2017-06-09, 01:00:00 PM"
0A:A6:F7:C1:73:E7,SOEPD-2G,wpa2,"2017-06-09, 01:00:00 PM"
6A:60:BC:3A:EF:75,Kath's iPhone,wpa2,"2017-03-09, 10:00:00 AM"
94:46:96:13:AA:8E,PLDTHOMEDSLF0FW0,wpa2,"2017-05-07, 01:00:00 PM"
94:46:96:15:25:15,hejri2017,wpa2,"2017-07-29, 09:00:00 PM"
94:46:96:16:49:6D,PLDTHOMEDSLKO,wpa2,"2017-03-16, 04:00:00 PM"
94:46:96:16:4A:6C,PLDTHOMEDSLHTH20,wpa2,"2017-01-29, 06:00:00 PM"
94:46:96:0E:28:4B,PLDTHOMEDSL,wpa2,"2017-03-03, 03:00:00 PM"
60:31:97:93:3E:3D,PLDTMyDSLBiz5G3E3B0,wpa2,"2017-03-06, 02:00:00 AM"
94:A7:B7:26:63:0D,WHY PIE,wpa2,"2017-05-07, 01:00:00 PM"
94:A7:B7:26:70:A7,MPerando,wpa2,"2017-05-07, 01:00:00 PM"
94:A7:B7:26:71:05,Jhin,wpa2,"2017-07-29, 09:00:00 PM"
6E:3B:6B:F4:DE:73,WIFI,wpa2,"2017-10-26, 02:00:00 PM"
94:A7:B7:3C:DD:6D,UPNET CAFE,wpa2,"2017-01-29, 06:00:00 PM"
94:A7:B7:3C:F9:7C,55tinta,wpa2,"2017-07-29, 09:00:00 PM"
60:83:34:CA:14:93,USED,wpa2,"2017-02-22, 11:00:00 PM"
EE:1D:7F:97:8A:E3,shelay_wifi,wpa2,"2017-07-15, 09:00:00 AM"
EE:1D:7F:68:19:FF,No Wifi,wpa2,"2017-02-22, 11:00:00 PM"
EE:1D:7F:BA:36:2D,King Albert,wpa2,"2017-07-15, 09:00:00 AM"
8C:0D:76:AF:F5:69,Baby,wpa2,"2017-05-07, 01:00:00 PM"
8C:79:67:A2:03:B8,GLOBE_A203B8,wpa2,"2017-07-29, 09:00:00 PM"
8C:79:67:52:AB:8F,Dcaves,wpa2,"2017-04-04, 12:00:00 PM"
8C:0E:E3:11:01:F6,FIND7,wpa2,"2017-06-09, 01:00:00 PM"
D0:7A:B5:8A:24:00,ediwaw,wpa2,"2017-10-15, 06:00:00 PM"
D0:17:C2:B0:17:14,TheLostBreadADMIN,wpa2,"2017-07-29, 09:00:00 PM"
8C:34:FD:CA:22:45,pb,wpa2,"2017-07-29, 09:00:00 PM"
8C:34:FD:CA:22:45,pb,wpa2,"2017-07-29, 09:00:00 PM"
8C:34:FD:68:E9:B2,PMCJ Mobile Wifi,wpa2,"2017-01-29, 06:00:00 PM"
8C:34:FD:42:DE:0D,HUAWEI-E5330-DE0D,wpa2,"2017-03-03, 03:00:00 PM"
8C:18:D9:66:52:D5,Mitsubishi Wireless TV 285,unknown,"2017-06-09, 01:00:00 PM"
8C:18:D9:67:78:2D,Mitsubishi Wireless TV 181,unknown,"2017-05-07, 01:00:00 PM"
E0:8E:3C:20:10:0B,bayanDSLWIFI_100B,wpa2,"2017-09-21, 01:00:00 PM"
E0:8E:3C:20:18:17,bayanDSLWIFI_1817,wpa2,"2017-05-07, 01:00:00 PM"
E0:8E:3C:19:9C:BB,Aztech5068_99CBB,wpa,"2017-07-29, 09:00:00 PM"
E0:8E:3C:1A:61:4B,RTJDESIGNERS,wpa2,"2017-07-29, 09:00:00 PM"
E0:8E:3C:1A:86:D7,bayanDSLWIFI_86D7,wpa2,"2017-06-09, 01:00:00 PM"
E0:8E:3C:1A:CE:7B,Aztech,wpa2,"2017-01-12, 12:00:00 PM"
E0:8E:3C:1A:D0:27,bayanDSLWIFI_D027,wpa2,"2017-05-07, 01:00:00 PM"
E0:8E:3C:1A:E5:4B,yuriyumi,wpa2,"2017-06-09, 01:00:00 PM"
E0:8E:3C:1A:EB:83,Tong's World,wpa2,"2017-05-07, 01:00:00 PM"
E0:8E:3C:1B:3E:83,amihan,wpa2,"2017-05-07, 01:00:00 PM"
E0:8E:3C:1B:8A:33,bayanDSLWIFI_8A33,wpa2,"2017-05-07, 01:00:00 PM"
E0:8E:3C:21:4C:23,SMFreeWifi,wpa2,"2017-07-29, 09:00:00 PM"
E0:8E:3C:21:50:AB,bayanDSLWIFI_50AB,wpa2,"2017-05-07, 01:00:00 PM"
E0:8E:3C:21:61:4F,bayanDSLWIFI_614F,wpa2,"2017-07-29, 09:00:00 PM"
E0:8E:3C:16:54:E9,bayanDSLWIFI_54E9,wpa2,"2017-10-26, 02:00:00 PM"
E0:8E:3C:16:76:65,eragon,wpa2,"2017-10-26, 02:00:00 PM"
E0:8E:3C:06:03:47,bayanDSLWIFI_0347,wpa2,"2017-06-09, 01:00:00 PM"
E0:8E:3C:21:DD:BB,bayanDSLWIFI_DDBB,wpa2,"2017-05-07, 01:00:00 PM"
E0:8E:3C:22:26:C3,MHI OFFICE,wpa2,"2017-07-29, 09:00:00 PM"
E0:8E:3C:22:59:A7,Spybutt,wpa2,"2017-07-29, 09:00:00 PM"
EA:50:8B:E2:1B:BE,DIRECT-BV-Galaxy S6,wpa2,"2017-06-09, 01:00:00 PM"
88:61:5A:32:08:96,WiTV_0320896,unknown,"2017-03-03, 03:00:00 PM"
E0:A3:AC:DA:95:C2,Jets04,wpa2,"2017-07-29, 09:00:00 PM"
60:83:34:4D:F8:13,joyce,wpa2,"2017-09-21, 01:00:00 PM"
8E:79:67:B3:13:C2,zero.3,wpa2,"2017-03-03, 12:00:00 PM"
8E:79:67:86:DC:26,Smart Bro_86DC26,wpa2,"2017-04-04, 12:00:00 PM"
8E:79:67:93:30:2E,ZTE_93302E,wpa2,"2017-03-03, 03:00:00 PM"
90:1D:27:77:44:0B,PLDT Negosyo Boost_Educ,wpa2,"2017-03-21, 06:00:00 AM"
8E:F5:A3:BA:96:CA,H-spot,wpa2,"2017-07-15, 09:00:00 AM"
E4:7D:EB:01:DC:F6,DARNA,wpa2,"2017-07-15, 09:00:00 AM"
84:A8:E4:B1:09:4C,ArianePerry,wpa2,"2017-01-29, 06:00:00 PM"
E4:77:23:A5:4E:04,BOBO's PIZZERIA,wpa2,"2017-04-04, 12:00:00 PM"
E4:77:23:9D:6E:9C,encrypt,wpa2,"2017-03-03, 03:00:00 PM"
F2:C1:F1:17:93:0E,iPhone,wpa2,"2017-06-09, 01:00:00 PM"
84:16:F9:B4:5B:70,hindi nila alam,wpa2,"2017-07-29, 09:00:00 PM"
90:F6:52:30:CB:26,For Programmer Only,wpa2,"2017-03-03, 03:00:00 PM"
F4:9E:EF:A0:FB:84,PLDTHOMEDSL0FB84,wpa2,"2017-06-09, 01:00:00 PM"
F4:42:8F:E0:CE:18,AndroidAP,wpa2,"2017-01-15, 03:00:00 PM"
62:FE:1E:D3:DC:40,BK7c-bGV2eS5zYXJhdXM,unknown,"2017-06-09, 01:00:00 PM"
60:E3:27:48:DA:09,Northern House,wpa2,"2017-07-15, 09:00:00 AM"
E8:50:8B:B7:40:0B,AndroidAP,wpa2,"2017-03-26, 03:00:00 PM"
F0:98:38:07:A6:4C,Armstrong,wpa2,"2017-07-15, 09:00:00 AM"
AE:FD:EC:E7:50:F1,The iPad,wpa2,"2017-03-16, 04:00:00 PM"
EC:8A:4C:94:89:39,bayanDSLWiFi_8939,wpa2,"2017-03-03, 03:00:00 PM"
EC:8A:4C:94:C0:05,Searching...,wpa2,"2017-03-03, 03:00:00 PM"
EC:08:6B:6B:81:AE,bobocpindongan,wpa2,"2017-06-09, 01:00:00 PM"
B8:55:10:2A:01:68,lynus,wpa2,"2017-07-15, 09:00:00 AM"
EC:1F:72:EA:11:48,Anteeewn,wpa2,"2017-06-09, 01:00:00 PM"
EC:8A:4C:A6:09:D8,bayanDSLWiFi_09D8,wpa2,"2017-07-29, 09:00:00 PM"
BA:09:8A:83:88:46,tugaff.j iPhone,wpa2,"2017-07-29, 09:00:00 PM"
FA:62:14:45:28:77,Jonina,wpa2,"2017-05-07, 01:00:00 PM"
AA:A6:68:2D:22:7F,Chinito Boy,wpa2,"2017-03-08, 02:00:00 AM"
EE:78:5F:21:A9:A6,Riza and Raphie   ;),wpa2,"2017-01-07, 11:00:00 PM"
A2:91:69:E7:AB:19,Mikh's Android,wpa2,"2017-03-15, 05:00:00 PM"
EE:1D:7F:90:69:6D,uFi_90696D,wpa2,"2017-07-29, 09:00:00 PM"
EE:1D:7F:64:B9:07,bitoy,wpa2,"2017-02-22, 11:00:00 PM"
EE:1D:7F:68:13:DF,uFi_6813DF,wpa2,"2017-04-04, 12:00:00 PM"
A4:7E:39:AE:62:C0,bayanDSLWiFi_62C0,wpa2,"2017-03-03, 03:00:00 PM"
F0:79:59:2A:22:62,yeng,wpa2,"2017-03-09, 10:00:00 AM"
B2:60:F1:44:28:D8,iPhone,wpa2,"2017-10-17, 12:00:00 PM"
F8:01:13:CB:0B:F9,TaNSan,wpa2,"2017-03-03, 12:00:00 PM"
AA:A6:68:DA:44:BD,rosima,wpa2,"2017-06-09, 01:00:00 PM"
AA:A6:68:DA:50:33,........................,wpa2,"2017-10-15, 06:00:00 PM"
FC:DB:B3:EA:F9:01,TheTrees,wpa2,"2017-04-04, 12:00:00 PM"
A4:71:74:4D:7A:99,B315_D7A99,wpa2,"2017-07-15, 09:00:00 AM"
AA:A6:68:51:94:DE,Sun2016,wpa2,"2017-03-04, 02:00:00 PM"
AA:A6:68:4A:79:B8,DKNY,wpa2,"2017-07-15, 09:00:00 AM"
AA:A6:68:33:86:3F,Pinoy Big Sister,wpa2,"2017-01-21, 08:00:00 AM"
F4:9E:EF:D0:B6:30,PLDTHOMEDSL Twi-Fi Zone,wpa2,"2017-05-07, 01:00:00 PM"
AA:A6:68:DD:47:44,baetweeds,wpa2,"2017-06-09, 01:00:00 PM"
AA:A6:68:B9:73:11,Smart Bro_B97311,wpa2,"2017-07-15, 09:00:00 AM"
F4:CB:52:8D:4A:32,HUAWEI-4A32,wpa2,"2017-07-15, 09:00:00 AM"
FC:8B:97:35:42:57,PLDTMyDSL,wpa2,"2017-07-15, 09:00:00 AM"
FC:8B:97:27:80:B6,PLDTMyDSL,wpa2,"2017-03-26, 03:00:00 PM"
F4:F2:6D:96:1D:49,TP-LINK,wpa2,"2017-10-26, 02:00:00 PM"
F4:F2:6D:94:56:12,OrangeSegment2,wpa2,"2017-07-29, 09:00:00 PM"
F4:F2:6D:0F:9A:83,Connectify-me,wpa2,"2017-01-29, 06:00:00 PM"
EC:1D:7F:E7:13:EE,JLI 8824,wpa2,"2017-08-30, 04:00:00 PM"
A8:A6:68:E0:1A:38,Sexystoner,wpa2,"2017-06-09, 01:00:00 PM"
A8:A6:68:E0:25:DF,DiNET,wpa2,"2017-07-15, 09:00:00 AM"
FA:8F:CA:51:D7:CD,None,unknown,"2017-10-26, 02:00:00 PM"
EE:1D:7F:BA:3C:4A,Smart Bro_BA3C4A,wpa2,"2017-04-04, 12:00:00 PM"
AC:D1:B8:53:DC:36,HP-Print-36-LaserJet 400 color,unknown,"2017-05-07, 01:00:00 PM"
EC:8A:4C:A6:1C:C0,Blue Zoom Water Refilling,wpa2,"2017-03-21, 06:00:00 AM"
EC:8C:A2:30:FF:2C,#SmartWifi @StrEATMag,unknown,"2017-07-29, 09:00:00 PM"
F4:CB:52:6A:4F:62,HUAWEI-4F62,wpa2,"2017-01-09, 11:00:00 AM"
F4:CB:52:B0:E0:53,HUAWEI-E053,wpa2,"2017-03-15, 05:00:00 PM"
F4:9F:F3:35:2B:13,HUAWEI_G6-L11_FC64,wpa2,"2017-07-15, 09:00:00 AM"
F8:D1:11:2E:F5:EA,UNITY_CORE,wpa2,"2017-06-09, 01:00:00 PM"
EE:1D:7F:BA:3C:4A,Smart Bro_BA3C4A,wpa2,"2017-04-04, 12:00:00 PM"
FA:8F:CA:93:2D:E8,None,unknown,"2017-07-29, 09:00:00 PM"
FC:3F:7C:4C:B4:36,kengienicole,wpa2,"2017-03-04, 02:00:00 PM"
FC:3F:7C:C4:41:29,B315_44129,wpa2,"2017-03-03, 03:00:00 PM"
FC:3F:7C:C4:A6:83,seymore ambrose marco,wpa2,"2017-03-22, 05:00:00 AM"
FC:8B:97:35:83:D3,PLDTMyDSL,wpa2,"2017-05-07, 01:00:00 PM"
BC:98:89:9C:F0:E0,PLDTHOMEFIBRnoentry,wpa2,"2017-07-15, 09:00:00 AM"
FE:2D:5E:0F:A9:E2,kianUNDERGROUNDtattoo,wpa2,"2017-07-29, 09:00:00 PM"
FC:B4:E6:A9:08:75,njb wifi,wpa,"2017-07-29, 09:00:00 PM"
FC:B4:E6:82:30:F0,SKYbroadband7B2C,wpa2,"2017-07-29, 09:00:00 PM"
F4:9F:F3:70:F5:13,GreyGrey,wpa2,"2017-04-04, 12:00:00 PM"
F2:C5:F3:75:36:19,History Has Its Eyes On You,wpa2,"2017-07-15, 09:00:00 AM"
EE:25:EF:45:13:8D,iPhone_rjc,wpa2,"2017-06-09, 01:00:00 PM"
