Common,260
BSSID,SSID,Encryption,Channel
00:13:33:d6:39:fe,PLDTHOMEDSLKJFC,WPA2/WPA,2
d4:61:2e:5f:a2:46,Tags Wifi,WPA2,6
c0:21:0d:94:57:1d,WiFiConnect 864,OPN,36
d0:6e:0e:49:d6:86,EMDWiFi2,WPA2,6
d4:6e:0e:49:d6:86,EstateMgmt,WPA,6
34:0a:6d:10:28:a3,MMBC314,WPA2,7
ec:43:f6:bb:52:9b,PLDTMyDSLBiz1,WPA2/WPA,11
d8:5d:4c:ff:6d:08,WiFi,WPA2/WPA,11
74:ea:3a:df:99:36,CIED WiFi,WPA2/WPA,11
38:a2:8c:fb:42:35,WiFiConnect 321,OPN,36
f0:25:b7:11:29:24,AndroidAP2924,WPA2,6
4c:25:78:d0:84:42,D03-yj18q,WPA2,6
88:61:5a:16:66:41,Meron_166641,WEP,1
cc:79:cf:68:9d:74,WiFiConnect 310,OPN,36
74:a5:28:fd:0c:36,AdventureFreeWi-Fi,WPA2/WPA,11
8c:dc:d4:e0:80:9d,HP-Print-9D-Deskjet 2540 series,WPA2,6
38:a2:8c:7c:eb:51,Mitsubishi Wireless TV 849,OPN,36
ec:43:f6:49:02:10,,WPA,11
00:13:33:c1:f7:4c,PLDTHOMEDSL,WPA2/WPA,11
58:70:c6:02:63:7a,YICarCam_02637a,WPA2,5
58:70:c6:f5:68:b4,YICarCamera,WPA2,5
9c:e0:63:20:2e:9c,AndroidAP,WPA2,48
08:78:08:48:a2:50,AndroidAP,WPA2,1
a0:8c:fd:98:48:bf,DIRECT-69-HP DeskJet 3630 series,WPA2,6
00:23:69:2c:65:2d,ALUGLOBE,WEP,6
36:69:87:f2:5f:8b,FCMJ,WPA2,6
00:21:29:7b:5c:54,BalaiTalakayan,WPA,6
54:b8:0a:36:61:68,Central,WPA2/WPA,11
00:13:33:ed:40:b8,PLDTHOMEDSLjbtvelandria,WPA2/WPA,1
94:46:96:1d:48:72,PLDTHOMEDSL4J4E0,WPA2/WPA,5
2c:44:fd:be:96:fd,HP-Print-FD-Deskjet 2540 series,WPA2,6
5e:f4:ab:36:7c:a0,PLDTMyDSLBiz,WPA2/WPA,11
00:13:33:f6:c3:47,PLDTHOMEDSLkidlat,WPA2/WPA,11
fc:8b:97:35:83:6a,PLDTMyDSL,WPA2/WPA,11
d0:b2:c4:56:a3:0f,SKYbroadbandA30C,WPA2/WPA,11
a0:ab:1b:96:58:e0,Cumm4Me,WPA2/WPA,1
a0:ab:1b:96:58:e1,Stingray-G,WPA2/WPA,1
9c:d6:43:4b:26:df,PigPen,WPA2/WPA,2
78:c1:a7:05:c5:5c,LUCAS INTERNET,WPA,2
90:61:0c:2e:b3:11,PLDTHOMEDSLchurchill,WPA2/WPA,1
78:c1:a7:05:24:a4,JnYglobe,WPA,6
00:13:33:d3:4a:ff,PLDTHOMEDSL,WPA2/WPA,11
90:61:0c:1f:66:ba,PLDTHOMEDSL,WPA2/WPA,11
90:61:0c:1f:66:5a,PLDTHOMEDSL,WPA2/WPA,11
2c:4d:54:d9:fd:68,Dunby,WPA2,6
9c:6f:52:1c:a6:73,ZTEH108N_CA673,WPA,6
00:13:33:e7:96:ad,PLDTHOMEDSL,WPA2/WPA,11
00:26:75:dd:54:cc,Tresmarias,WPA,11
00:13:33:c6:69:4c,PLDTHOMEDSL,WPA2/WPA,11
94:fb:b2:59:aa:60,PLDTHOMEDSL,WPA2/WPA,11
5a:e3:47:f8:8c:b1,LDC_SAP_LENOVO-PC,WPA2,11
00:13:33:f5:c1:54,PLDTHOMEDSL_AF5Y,WPA2/WPA,11
c8:d3:a3:6f:65:84,dvt555,WPA2/WPA,1
14:b7:f8:0b:8d:9f,Tantoco AirPort Extreme,WPA2/WPA,1
98:de:d0:be:64:29,TP-LINK_6429,WPA2,2
4c:81:20:f3:29:bb,PLDTHOMEDSL329BB,WPA2/WPA,1
94:46:96:1c:f6:15,E,WPA2/WPA,1
48:00:33:62:3a:75,SKYbroadband3A72,WPA2/WPA,1
ec:f3:42:23:20:1c,jensen,WPA,6
a4:2b:b0:ce:06:51,TP-LINK_0651,WPA2/WPA,6
94:0e:6b:57:19:3d,get off my wifi,WPA2,10
a4:2b:b0:f8:9e:87,PLDTHOMEDSL_AF5Y_EXT,WPA2/WPA,11
e8:de:27:9a:b3:d8,NAFS,WPA2/WPA,11
80:29:94:68:33:81,SKYbroadband337E,WPA2/WPA,11
00:13:33:ce:c7:b8,PLDTHOMEDSL,WPA2/WPA,11
50:c7:bf:7b:19:d4,TP-LINK MALINIS,WPA2/WPA,11
08:95:2a:89:3c:6a,SKYbroadband4321,WPA2/WPA,1
80:29:94:68:33:f5,SKYbroadband33F2,WPA2/WPA,1
18:d6:c7:23:95:10,admin,WPA2/WPA,6
50:09:59:83:82:81,"(Alporha and Rodriguez, 2016)",WPA2/WPA,6
00:1f:fb:ac:7e:9d,HomeBro_ULTERA,WPA2,11
00:18:f8:a4:31:fb,GPF,WPA,11
88:3f:d3:06:77:64,HUAWEI-68pF,WPA2/WPA,10
00:1f:fb:ba:d2:8b,LynKoCus6-07,WPA2,11
48:00:33:62:32:59,SKYbroadband3256,WPA2/WPA,1
50:09:59:85:b9:e5,SKYbroadbandB9E2,WPA2/WPA,1
48:00:33:f3:09:3d,SKYbroadband093A,WPA2/WPA,1
18:de:d7:34:79:6c,HUAWEI-kc87,WPA2/WPA,2
f4:e3:fb:e5:49:fc,XRZ-850,WPA2/WPA,5
58:70:c6:f7:42:4d,YICarCam_F7424D,WPA2,6
f8:32:e4:b2:07:70,HOLYFAMILY,WPA2,11
1c:74:0d:17:c9:74,UNITY_SOURCE,WPA2/WPA,11
48:00:33:62:31:0d,SKYbroadband310A,WPA2/WPA,11
e0:8e:3c:18:90:f8,PoohCorner,WPA,11
f6:9f:c2:b5:f1:b4,Aralinks_Faculty,WPA2/WPA,11
00:13:33:e1:c7:e9,PLDTHOMEDSL,WPA2/WPA,11
00:13:33:e1:c7:ec,,WPA2/WPA,11
20:25:64:cb:84:7e,979384,WPA2/WPA,1
3a:1c:23:00:4b:aa,SmartBro-004baa,OPN,1
f6:9f:c2:57:be:90,Aralinks_Hub2,WPA2/WPA,1
50:09:59:84:f1:91,SKYbroadbandF18E,WPA2/WPA,1
48:00:33:62:8a:79,SKYbroadband8A76,WPA2/WPA,1
e0:8e:3c:21:e8:eb,HOLYFAMILY,WPA2/WPA,1
8c:18:d9:71:91:1b,Mitsubishi Wireless TV 908,OPN,6
fc:b4:e6:82:43:85,SKYbroadbandABA4,WPA2/WPA,6
bc:c0:0f:7b:d7:c0,FIBERHOME_bd7c0,WPA2/WPA,5
00:19:be:81:32:e2,Altai_Wifi,WPA2,6
14:b7:f8:0b:41:fb,SKYbroadband41F8,WPA2/WPA,6
4c:f9:5d:85:9a:fc,RBCTY1,WPA2/WPA,6
18:a6:f7:76:35:da,TP,WPA2/WPA,10
90:61:0c:16:73:f9,PLDTMyDSL,WPA2/WPA,11
d2:5b:a8:f8:d5:d9,PadrePio,WPA2/WPA,11
00:26:75:79:72:04,ThePlaceToBe,WPA2,11
14:b7:f8:0b:1c:37,SKYbroadband1C34,WPA2/WPA,1
78:c1:a7:03:9e:ec,Pebble,WPA,1
86:2a:a8:eb:23:c8,Aralinks_Hub1,WPA2/WPA,1
1e:74:0d:02:42:c0,PLDTMyDSLBiz,WPA2/WPA,1
cc:06:77:6e:da:80,PLDTHOMEFIBReda80,WPA2/WPA,6
8c:34:fd:60:c1:ea,HUAWEI-E5330-C1EA,WPA2,7
c8:93:46:47:ad:f2,Think_47ADF2,WPA2,6
cc:06:77:6f:30:40,SAIGON PHO1,WPA2/WPA,7
80:13:82:58:e6:2c,HUAWEI-E62C,WPA2,8
c8:93:46:48:60:c6,Think_4860C6,WPA2,10
90:61:0c:2d:88:5b,Nuat Thai 80 Maginhawa,WPA2,11
90:61:0c:2d:d3:09,tom&jerry,WPA2,11
c8:93:46:48:70:90,Think_487090,WPA2,11
80:2a:a8:41:e9:d6,Wireless,WPA2,11
c8:93:46:48:4c:7f,Think_484C7F,WPA2,11
0e:41:58:01:1d:a3,5GB/s-3,WPA2,11
a4:2b:b0:d9:10:26,,WPA2/WPA,11
48:f8:b3:0f:d9:65,MotorGirl,WPA2,1
ec:8c:a2:30:ff:28,#SmartWifi @StrEATMag,OPN,1
f4:f2:6d:94:56:14,OrangeSegment1,WPA2,1
e0:8e:3c:2d:fa:d5,bayanDSLWIFI_FAD5,WPA2/WPA,1
cc:06:77:5c:bd:59,OS Dong,WPA2,1
cc:06:77:5c:bd:58,OSPLDT2_4G,WPA2/WPA,1
34:ba:9a:55:c5:b6,,WPA2/WPA,4
00:13:33:ea:7b:21,trendzoneqc,WPA2/WPA,5
94:46:96:17:00:3d,PLDTHOMEDSL7M7R0,WPA2/WPA,5
00:13:33:ea:7b:20,PLDTHOMEDSLadmin,WPA2/WPA,5
00:90:a9:10:89:7c,GuestWiFi,WPA2,6
00:90:a9:10:89:7b,SunkenGalleon,WPA2,6
14:ab:f0:4c:c1:b0,,WPA2,6
44:6e:e5:5b:48:82,VIRUS,WPA2,6
f0:98:38:07:ce:cc,HUAWEI-sJ8b,WPA2/WPA,7
00:90:a9:0e:55:0b,CallaoMan,WPA2,11
00:21:29:9d:a8:2f,SpanishCoins,WPA2,11
00:13:33:df:9b:b8,PLDTHOMEDSL,WPA2/WPA,11
2c:26:c5:1e:b3:c4,bayanDSL,WPA,11
90:61:0c:11:8d:26,PLDTMyDSL,WPA2/WPA,11
94:46:96:1d:46:ce,PLDTHOMEDSLUJU40,WPA2/WPA,11
00:13:33:e1:63:df,PLDTHOMEDSL,WPA2/WPA,11
ee:1d:7f:a1:32:b7,DANNAH,WPA2/WPA,1
48:00:33:a7:e7:a1,SKYbroadbandE79E,WPA2/WPA,1
50:04:b8:8f:95:f9,LuckyAlmera,WPA2,6
76:4a:a4:c9:3e:4c,CECILLE,WPA2/WPA,6
ac:86:74:4a:09:52,CloudTrax,OPN,5
0e:41:58:00:9f:ef,Wireless-N ext 1,WPA,6
bc:c0:0f:7b:c2:08,FIBERHOME_bc208,WPA2/WPA,7
ac:f9:70:ec:e6:08,HUAWEI-7BDP,WPA2/WPA,6
88:d2:74:86:c4:cb,bayanDSLWIFI_C4CB,WPA2/WPA,11
38:d8:2f:22:3d:48,bayanDSLWiFi_3D48,WPA2/WPA,10
00:13:33:e1:c9:15,PLDTHOMEDSL,WPA2/WPA,11
fa:8f:ca:50:af:9a,,OPN,11
9c:6f:52:34:ff:b7,Fatpipe@Moonleaf,WPA2/WPA,11
e0:8e:3c:21:45:ff,bayanDSLWIFI_45FF,WPA2/WPA,11
00:13:33:c0:57:33,PLDTHOMEDSL,WPA2/WPA,11
f0:98:38:f9:14:28,Fiber200,WPA2/WPA,1
70:8b:cd:b2:7b:60,Flower Poopoo :3 ,WPA2,1
cc:06:77:60:3e:98,PLDTHOMEFIBR03e98,WPA2/WPA,1
88:d2:74:86:c0:a5,NAIL TREATS HAND and FOOTS SPA,WPA2/WPA,1
ba:4e:26:4c:0e:e3,,WPA2,2
cc:1a:fa:97:cf:b8,bayanDSL,WPA,4
ac:86:74:4a:09:53,,WPA2/WPA,5
cc:06:77:e1:1f:90,PLDTHOMEFIBR11f90,WPA2/WPA,5
00:e0:20:3b:00:75,Extension 3,WPA,6
b0:c1:9e:30:5e:25,SmartBro_305E25,WPA2/WPA,7
00:13:33:dc:91:af,PLDTHOMEDSLDAL1,WPA2/WPA,11
00:13:33:e8:f8:31,PLDTHOMEDSL,WPA2/WPA,11
00:13:33:e1:9b:5c,PLDTHOMEDSL,WPA2/WPA,11
90:61:0c:2a:47:af,Marco,WPA2,11
90:61:0c:2c:e1:7d,PLDTHOMEDSL57725,WPA2/WPA,1
cc:06:77:22:fb:60,PLDTHOMEFIBR2fb60,WPA2/WPA,5
00:24:01:b8:d1:9d,FRANCISCO-PC_Network,WPA2,6
00:13:33:ea:87:f5,PLDTHOMEDSL,WPA2/WPA,11
00:13:33:e3:b0:3b,PLDTHOMEDSL,WPA2/WPA,11
00:13:33:c6:d0:da,PLDTHOMEDSL,WPA2/WPA,11
90:61:0c:2e:02:f3,PLDTHOMEDSL00755,WPA2/WPA,11
90:61:0c:2e:02:f4,,WPA2/WPA,11
90:61:0c:2e:d5:16,PLDTHOMEDSL54550,WPA2/WPA,11
e0:8e:3c:1f:e9:c3,PSCSEND-Office,WPA2/WPA,1
e4:77:23:a5:9a:84,RMotel Bayan,WPA2/WPA,1
cc:06:77:63:37:90,Estivlings,WPA2/WPA,1
e0:8e:3c:21:f2:cb,bayanDSLWIFI_F2CB,WPA2/WPA,1
18:a6:f7:8e:ef:ac,PSCSEND-Conference,WPA2/WPA,1
e0:8e:3c:22:1c:23,bayanDSLWIFI_1C23,WPA2/WPA,1
00:13:33:f4:2a:f6,PLDTHOMEDSL,WPA2/WPA,6
b0:c1:9e:49:f6:70,salt to the sea,WPA2/WPA,6
d0:22:be:21:f6:8d,beyond ulysses,WPA2,6
00:13:33:fc:69:69,PLDTHOMEDSLGRABTAPSI,WPA2/WPA,6
94:46:96:18:f3:11,PLDTHOMEDSL7Y7Y0,WPA2/WPA,7
e8:cd:2d:7f:11:4d,glyph,WPA2/WPA,8
9c:6f:52:35:10:66,Aji 3,WPA2/WPA,11
00:13:33:fa:e4:77,,WPA2/WPA,1
00:1f:fb:a5:21:19,jennyjuly06,WPA2,1
00:13:33:ed:62:7d,PLDTHOMEDSL,WPA2/WPA,1
e8:94:f6:e1:ba:30,Extension,WPA2,5
88:d2:74:86:b6:5a,BirthdayMoBa?,WPA2/WPA,5
00:13:33:f4:2a:f7,,WPA2/WPA,6
34:ba:9a:56:31:88,Farnsworth,WPA2,7
60:31:97:33:82:60,Saturn_Boss,WPA2/WPA,7
e0:8e:3c:2f:67:01,bayanDSLWIFI_6701,WPA2/WPA,11
00:13:33:e1:98:5f,PLDTHOMEDSLsanji,WPA2/WPA,11
40:cb:a8:90:46:e2,Broadband@work,WPA2/WPA,11
94:46:96:1e:9b:87,PLDTHOMEDSLW3WH0,WPA2/WPA,1
90:61:0c:35:8c:13,PLDTHOMEDSL35859,WPA2/WPA,1
e0:8e:3c:1a:f6:63,bayanDSLWIFI_F663,WPA2/WPA,1
e0:8e:3c:20:17:8f,bayanDSLWIFI_178F,WPA2/WPA,1
94:46:96:0e:28:69,PLDTHOMEDSLanamaria,WPA2/WPA,2
2a:17:23:00:04:77,EVOHOTSPOT 8,OPN,6
28:ff:3e:3d:e8:19,bayanDSLWIFI_E819,WPA2/WPA,10
e0:8e:3c:1a:e6:07,bayanDSLWIFI_E607,WPA2/WPA,10
00:13:33:d4:a9:4f,PLDTHOMEDSL,WPA2/WPA,11
94:46:96:1e:f1:2c,PLDTHOMEDSL2Y2Y0,WPA2/WPA,11
1a:17:23:00:04:8f,EVOHOTSPOT 3,OPN,1
08:17:23:00:04:8f,EVOHOTSPOT 1,OPN,1
0a:17:23:00:04:8f,EVOHOTSPOT 2,OPN,1
e0:8e:3c:1a:ca:2f,bayanDSLWIFI_CA2F,WPA2/WPA,1
2a:17:23:00:04:8f,EVOHOTSPOT 4,OPN,1
9c:6f:52:35:1e:06,bayanDSLWIFI_1E06,WPA2/WPA,2
00:23:69:26:de:f7,maja,WPA2/WPA,5
94:fe:22:b1:b6:14,WEST PHILIPPINE SEA,WPA2/WPA,5
94:46:96:19:6c:10,PLDTHOMEDSL_CRES,WPA2/WPA,4
08:17:23:00:04:77,EVOHOTSPOT 5,OPN,6
0a:17:23:00:04:77,EVOHOTSPOT 6,OPN,6
1a:17:23:00:04:77,EVOHOTSPOT 7,OPN,6
94:46:96:1f:01:3f,EVOLUTION-5--,WPA2/WPA,10
00:13:33:fd:b7:fb,PLDTHOMEDSLLUCERO,WPA2/WPA,11
90:61:0c:19:b5:a9,,WPA2/WPA,11
74:cc:39:bc:bc:a3,EDONG-EVOLUTION,OPN,10
74:cc:39:bc:bc:a2,EDONG-EVOLUTION,OPN,10
90:61:0c:3a:33:db,PLDTHOMEDSL13275,WPA2/WPA,1
74:cc:39:bc:bc:a0,EDONG-EVOLUTION,OPN,10
00:13:33:f2:83:f7,PLDTHOMEDSLPrivate,WPA2/WPA,6
60:83:34:cb:8d:ff,HUAWEI-8DFF,WPA2,5
5c:6a:80:25:f4:98,PLDTMYDSL,WPA2/WPA,6
08:17:23:00:04:3f,EVOHOTSPOT 9,OPN,6
06:d6:aa:57:47:00,Voodoo,WPA2,6
88:d2:74:86:ac:73,bayanDSLWIFI_AC73,WPA2/WPA,6
fc:8b:97:38:ea:bb,PLDTMyDSL,WPA2,11
fc:8b:97:38:ea:bf,,WPA2/WPA,11
94:a7:b7:3c:ee:9b,Virus,WPA2/WPA,11
8c:eb:c6:ee:8d:e2,SODOPtradinginc,WPA2/WPA,10
c0:7e:40:73:1f:e4,PT&T Fiber,WPA2/WPA,11
28:ff:3e:3d:ea:e6,bayanDSLWIFI_EAE6,WPA2/WPA,10
5a:8b:f3:70:7b:30,PLDTMyDSLBiz3MobileWiFi-62EA,WPA,11
5a:8b:f3:70:7b:33,PLDTMyDSLBiz3,WPA2/WPA,11
e0:8e:3c:1b:3f:5f,bayanDSLWIFI_3F5F,WPA2/WPA,11
0a:17:23:00:04:39,EVOHOTSPOT 14,OPN,11
90:61:0c:36:0c:7d,PLDTHOMEDSL03197,WPA2/WPA,11
90:61:0c:16:a8:02,PLDTMyDSL,WPA2/WPA,11
0c:96:bf:79:42:87,Broadband@work,WPA2/WPA,11
1a:17:23:00:04:39,EVOHOTSPOT 15,OPN,11
2a:17:23:00:04:39,EVOHOTSPOT 16,OPN,11
6c:3b:6b:4c:3f:d9,pgp personal,WPA2,1
e0:8e:3c:1a:d7:1f,Francisco,WPA2,1
0a:17:23:00:01:4d,EVOHOTSPOT 34,OPN,1
e6:8d:8c:55:5e:73,Panthera Hotspot,OPN,1
1a:17:23:00:01:4d,EVOHOTSPOT 35,OPN,1
08:17:23:00:01:4d,EVOHOTSPOT 33,OPN,1
1-13,101
BSSID,SSID,Encryption,Channel
50:c7:bf:d8:62:57,NHA-WiFi-Guest,WPA2/WPA,3
50:c7:bf:d8:60:9a,NHA-WiFi-Guest,WPA2/WPA,4
5c:6a:80:a3:70:6f,OGM2017,WPA2/WPA,9
50:c7:bf:d8:60:52,NHA-WiFi-Guest,WPA2/WPA,10
c0:25:e9:06:2c:16,vmowifi,WPA2,3
50:c7:bf:d8:61:31,NHA-WiFi-Guest,WPA2/WPA,4
00:23:cd:da:11:50,Luv's WiFi,WPA2/WPA,11
5c:f2:86:22:08:72,WIFIKO,WPA2/WPA,8
94:0e:6b:a8:0c:ba,Smooch LTE,WPA2,4
cc:79:cf:2e:f4:bb,WiFiConnect 717,OPN,36
14:91:82:14:e4:12,IsidroGlobe,WPA2/WPA,9
8e:79:67:b2:dd:0f,ZTE-MF65M-DD0F,WPA2,13
bc:c0:0f:7b:a5:30,FIBERHOME_ba530,WPA2/WPA,2
90:61:0c:2e:99:ff,PLDTHOMEDSL39423,WPA2/WPA,5
88:3f:d3:05:bd:94,IsidroGlobe,WPA2/WPA,9
c4:e9:84:30:a3:ac,TP-LINK_A3AC,WPA2,9
e0:8e:3c:22:2d:d7,bayanDSLWIFI_2DD7,WPA2/WPA,1
c4:12:f5:75:e3:8a,bilan,WPA2/WPA,3
f0:98:38:3d:eb:48,HUAWEI,WPA2/WPA,4
4c:81:20:f3:93:6f,malupadilla,WPA2/WPA,5
78:c1:a7:24:51:96,Java Black,WPA,6
88:d2:74:86:ac:19,bayanDSLWIFI_AC19,WPA2/WPA,8
c8:d3:a3:15:b2:98,KOALA,WPA2/WPA,13
48:db:50:d0:09:cd,HUAWEI-E5330-09CD,WPA2,2
fc:8b:97:31:78:7d,Pocket-Repeater,OPN,4
a8:0c:63:7c:08:ce,aj,WPA2,4
a8:0c:63:7c:08:cf,HUAWEI-08CE_Guest,WPA2,4
48:7b:6b:f0:72:f8,ACEJ FAM,WPA2/WPA,9
fa:8f:ca:51:06:86,,OPN,9
30:e1:71:05:7d:ea,DIRECT-E9-HP DeskJet 3630 series,WPA2,6
88:3f:d3:2d:db:70,GPF-Globe,WPA2/WPA,8
28:92:4a:14:9f:84,HOLYFAMILY,WPA2/WPA,13
14:60:80:99:0d:80,bayanDSLWiFi,WPA2/WPA,13
bc:c0:0f:bf:79:80,PLDTHOMEFIBRf7980,WPA2/WPA,8
48:f8:b3:a9:6d:bc,HFSPrivate,WPA2/WPA,8
84:16:f9:35:36:c2,Pazzo Brew Bar,WPA2,9
c8:93:46:48:4c:ae,Think_484CAE,WPA2,10
a0:ab:1b:76:31:7c,kitchenweb,WPA2/WPA,11
00:1a:ef:48:8a:d3,HOLYFAMILY,WPA2/WPA,2
cc:06:77:21:70:80,zab,WPA2/WPA,3
c8:93:46:48:50:5b,Think_48505B,WPA2,7
1c:74:0d:17:57:88,PLDTHOMEDSL3SQBI,WPA2/WPA,8
00:1a:ef:48:77:0b,TROJAN VIRUS!,WPA2,9
f0:9f:c2:27:9d:b9,Wireless,WPA2,9
74:cc:39:86:00:88,PLDTHOMEFIBR_860088,WPA2/WPA,9
f0:98:38:07:9c:34,sjvmr,WPA2/WPA,10
8c:25:05:c9:46:a4,B315_946A4,WPA2/WPA,10
cc:06:77:21:12:88,PLDTHOMEFIBR11288,WPA2/WPA,11
bc:c0:0f:7b:db:c0,FIBERHOME_bdbc0,WPA2/WPA,2
74:cc:39:97:e5:68,FIBERHOME_7e568,WPA2/WPA,2
00:13:33:fa:b8:da,PLDTHOMEDSLWS,WPA2/WPA,3
f0:98:38:a0:02:64,WeylandMaginhawa,WPA2/WPA,8
bc:c0:0f:1e:90:90,PLDTHOMEFIBRe9090,WPA2/WPA,8
cc:06:77:6e:cf:08,PLDTHOMEFIBRecf08,WPA2/WPA,9
f0:98:38:72:b5:48,VERA,WPA2/WPA,9
30:b5:c2:b5:33:12,FatPipe@BosCoffee,OPN,13
50:68:0a:c4:fc:88,HUAWEI-E5330-FC88,WPA2,3
f0:98:38:3e:1f:34,UITC-OFFICE,WPA2/WPA,4
48:fd:8e:b8:e5:bc,HUAWEI-3Cg2,WPA2/WPA,5
74:cc:39:ca:35:38,PLDTHOMEFIBRa3538,WPA2/WPA,9
e4:7d:eb:03:22:2c,Aircast_Wifi_44,WPA2,10
c0:56:27:90:c5:57,LAWPD,WPA2/WPA,10
dc:09:4c:14:29:cf,Monmon,WPA2/WPA,10
b6:4e:26:4c:12:53,TFMGT Office_Guest,WPA2/WPA,2
5c:54:6d:43:5b:10,55TINTA,WPA2/WPA,1
b0:4e:26:4c:0e:e3,TFMGT Office,WPA2/WPA,2
74:cc:39:bb:7e:50,Anytime Fitness Maginhawa,WPA2/WPA,2
b6:4e:26:4c:0e:e3,TFMGT Office_Guest,WPA2/WPA,2
b0:4e:26:4c:12:53,TFMGT Office,WPA2/WPA,2
5c:6a:80:1a:25:c6,Snow Creme,WPA2/WPA,3
bc:c0:0f:cb:0d:88,PLDTHOMEFIBRb0d88,WPA2/WPA,5
ac:86:74:4a:09:57,‚$,WPA2,0
94:46:96:18:f4:c9,PLDTHOMEDSL7G7G0,WPA2/WPA,5
98:de:d0:cc:d4:72,K5MPCTV,WPA2,5
18:de:d7:34:4c:cc,HUAWEI-uAu6,WPA2/WPA,9
2c:4d:54:20:49:f0,pids_OP,WPA2,9
2c:4d:54:20:49:f1,pids_Guest,WPA2,9
f4:9e:ef:d0:b7:bc,PLDTHOMEDSL VCE,WPA2,11
20:25:64:c6:89:a5,963c41,WPA2/WPA,1
28:10:7b:f1:02:bc,Diliman Bible Church,WPA2/WPA,2
ba:4e:26:4c:12:53,,WPA2,2
0c:bd:51:fb:62:e7,Smart Bro,WPA2,6
34:ba:9a:55:b6:dd,ZERAVLA,WPA2/WPA,9
36:69:87:71:eb:69,Smartnoli,WPA2/WPA,13
00:13:33:e7:6c:14,,WPA2/WPA,8
00:13:33:e7:6c:15,,WPA2/WPA,8
00:13:33:e7:6c:16,,WPA2/WPA,8
1c:74:0d:1a:d8:a0,LITOS,WPA2/WPA,9
9c:6f:52:35:1b:b5,bayanDSLWIFI_1BB5,WPA2/WPA,10
00:13:33:d2:49:c5,PLDTHOMEDSL,WPA2/WPA,10
e0:8e:3c:1a:f7:97,bayanDSLWIFI_F797,WPA2/WPA,10
14:60:80:99:51:7c,mendoza,WPA2/WPA,3
00:13:33:fa:8c:52,PLDTHOMEDSL,WPA2/WPA,10
94:46:96:18:f1:db,Asdfghjkl%%,WPA2/WPA,11
e0:8e:3c:2f:6c:b9,bayanDSLWIFI_6CB9,WPA2/WPA,1
e0:8e:3c:21:ce:bf,bayanDSLWIFI_CEBF,WPA2/WPA,3
1a:17:23:00:01:3d,EVOHOTSPOT 23,OPN,11
ee:1d:7f:97:9e:97,,WPA2,13
1a:17:12:00:0c:07,2-EVOLUTION PREPAID HOT SPOT,OPN,13
08:17:12:00:0c:07,0-EVOLUTION PREPAID HOT SPOT,OPN,13
0a:17:12:00:0c:07,1-EVOLUTION PREPAID HOT SPOT,OPN,13
"1,6,11",112
BSSID,SSID,Encryption,Channel
ea:43:f6:49:02:10,PLDTMYDSLBiz,WPA,11
e6:43:f6:49:02:10,RocketJump4G,WPA,11
3c:46:d8:25:05:bb,TP-LINK_M7350_2505BB,WPA2/WPA,1
78:44:76:21:7a:cc,CRIO2,WPA2,11
08:23:b2:fc:09:18,Nogie,WPA2,11
f0:98:38:9f:fd:28,HUAWEI-yJc8,WPA2/WPA,1
88:3f:d3:05:e7:d0,HUAWEI-6443,WPA2/WPA,11
00:13:33:e8:fb:10,PLDTHOMEDSL-Profood,WPA2/WPA,11
94:fe:22:b1:95:df,TUCP OFFICE,WPA2/WPA,6
88:3f:d3:06:29:38,HUAWEI-Bn7b,WPA2/WPA,5
9c:6f:52:1c:a8:af,Meisha 0911,WPA,1
00:13:33:ea:82:fa,PLDTHOMEDSL,WPA2/WPA,11
00:1f:fb:ac:64:8b,Macaraeg,WPA2,11
90:61:0c:39:d2:6e,PLDTHOMEDSL53870,WPA2/WPA,11
1c:af:f7:17:a3:d2,abad,WPA2/WPA,11
00:13:33:e5:fb:d6,PLDTHOMEDSL,WPA2/WPA,11
00:13:33:e5:f9:e2,PLDTHOMEDSLironman,WPA2/WPA,11
00:13:33:ce:c7:95,PLDTHOMEDSLservants,WPA2/WPA,11
80:29:94:68:33:d5,SKYbroadband33D2,WPA2/WPA,1
08:95:2a:5b:4b:f4,SKYbroadband3003,WPA2/WPA,6
fc:b4:e6:4a:ca:db,SKYbroadband1860,WPA2/WPA,1
00:26:75:f7:20:e4,benz,WPA,10
cc:5d:4e:ac:d7:08,PLDTMyDSL19,WPA2/WPA,11
48:00:33:62:30:f1,BayangMalusog,WPA2/WPA,1
d4:7b:b0:53:b8:ab,Chewboiboi,WPA2/WPA,1
90:61:0c:31:9a:fc,PLDTHOMEDSLPoodle,WPA2,1
88:d2:74:86:a6:b7,bayanDSLWIFI_A6B7,WPA2/WPA,11
00:13:33:e5:fd:e8,PLDTHOMEDSL,WPA2/WPA,11
f8:d1:11:83:78:44,Virus Detected,WPA2/WPA,1
88:3f:d3:06:29:6c,DESKARTE,WPA2/WPA,1
b0:b2:dc:aa:c8:8c,PLDTMyDSLvirus,WPA2/WPA,11
48:00:33:62:3d:01,SKYbroadband3CFE,WPA2/WPA,11
32:cd:a7:f4:e7:de,DIRECT-TcM2070 Series,WPA2,1
00:13:33:f4:27:ef,PLDTHOMEDSLBILL,WPA2/WPA,1
1c:b7:2c:79:f8:88,AWESOME.RIBS,WPA2,1
7a:31:c1:75:6c:83,iPhone,WPA2,1
cc:06:77:60:2f:88,PLDTHOMEFIBR02f88,WPA2/WPA,1
00:24:01:18:ad:e1,HOLYFAMILY,WPA2/WPA,6
cc:06:77:60:54:f8,fibr1,WPA2/WPA,1
78:c1:a7:24:27:66,Ragnarok1017,WPA,1
08:95:2a:e4:85:d8,SKYbroadband624F,WPA2/WPA,11
90:61:0c:33:aa:70,PLDTHOMEDSL43632,WPA2/WPA,11
08:95:2a:89:35:37,SKYbroadbandA450,WPA2/WPA,6
70:5a:9e:da:57:29,SKYbroadband5726,WPA2/WPA,11
e0:8e:3c:1a:88:57,METEORO,WPA2/WPA,1
c8:93:46:48:56:58,Think_485658,WPA2,1
a0:f3:c1:a4:4d:8a,Elenita,WPA2/WPA,6
90:61:0c:39:f2:a4,PLDTHOMEDSL62116,WPA2/WPA,1
c8:93:46:cc:21:05,Think_CC2105,WPA2/WPA,6
c8:93:46:cc:21:da,Think_CC21DA,WPA2/WPA,6
36:69:87:a1:89:8f,NATOR 1O,WPA2/WPA,1
1e:74:0d:02:3c:c8,PLDTMyDSLBizADMIN,WPA2/WPA,1
5c:6a:80:a3:6f:37,UNDER THE SEA,WPA2/WPA,7
14:ab:f0:4d:9d:80,ARRIS-9D82,WPA2,6
0c:f4:d5:15:99:28,#SmartWifi @StrEATMag,OPN,11
a4:2b:b0:c1:4c:87,SKYbroadband7B2C_EXT,WPA2/WPA,11
84:1b:5e:76:29:70,Munays,WPA2/WPA,11
a4:2b:b0:c1:4e:b5,SKYbroadband7B2C_EXT,WPA2/WPA,11
f0:98:38:07:78:bc,8386CGA,WPA2/WPA,7
38:46:08:f3:47:24,bayanDSL,WPA,11
e0:8e:3c:19:9c:bb,Aztech5068_99CBB,WPA,11
4c:81:20:f3:97:9b,PNRBRUDU,WPA2/WPA,11
00:90:a9:10:93:eb,CalataganPot,WPA2,11
70:5a:9e:84:02:80,MariaClare,WPA2/WPA,11
74:cc:39:bb:51:38,AFMaginhawaOffice,WPA2/WPA,11
1a:4f:32:45:96:6b,DIRECT-Jx-BRAVIA,WPA2,1
14:b7:f8:0b:38:33,Chibutt,WPA2/WPA,1
90:61:0c:37:67:ff,PLDTHOMEDSL26623,WPA2/WPA,1
74:cc:39:bb:51:60,PLDTHOMEFIBRb5160,WPA2/WPA,11
08:10:74:61:0e:4a,daddy_shiony,WPA2/WPA,11
74:cc:39:ba:cd:f0,,WPA2/WPA,1
00:18:4d:95:5d:b0,MRS,WPA,11
9c:6f:52:34:ff:b6,Zentea,WPA2/WPA,11
94:65:2d:23:6e:a5,FD-04,OPN,11
00:13:33:dc:c2:92,PLDTHOMEDSLLVMANN,WPA2/WPA,11
84:16:f9:ed:7d:f4,flyff for fun,WPA2/WPA,1
84:c9:b2:52:16:e9,A4 Site,WPA2/WPA,6
00:13:33:fb:45:3c,,OPN,1
00:13:33:fb:45:39,PLDTHOMEDSL,WPA2/WPA,1
00:13:33:fb:45:3b,,OPN,1
28:ff:3e:3d:de:c0,chase,WPA2/WPA,1
90:61:0c:3a:34:15,Friends,WPA2/WPA,6
00:26:75:f4:b3:f1,AUCTUSNEW2,WPA2,6
00:13:33:e8:f4:df,PLDTHOMEDSLTRIDENTWOOD,WPA2/WPA,11
28:ff:3e:3d:de:9d,bayanDSLWIFI_DE9D,WPA2/WPA,1
00:13:33:fe:e4:aa,PLDTHOMEDSL,WPA2/WPA,11
90:61:0c:41:05:05,PLDTHOMEDSL01285,WPA2/WPA,11
94:a7:b7:26:71:7f,bayanDSLWIFI_717F,WPA2/WPA,11
00:e0:20:60:71:69,Estivlings_Ext1,WPA2,1
00:13:33:c1:f2:fb,PLDTHOMEDSLRR,WPA2/WPA,11
c0:56:27:31:25:49,Saturn,WPA2,11
40:b0:34:dd:f7:c4,DIRECT-C3-HP DeskJet 4670 series,WPA2,6
34:ce:00:1a:56:cd,Northern House_plus,WPA2/WPA,11
bc:76:5e:58:51:c5,Samsung tab,WPA2,6
e0:8e:3c:1b:65:b7,Calma family,WPA2/WPA,1
34:ba:9a:56:04:e1,Smart_Bro_5604E1,WPA2,6
e0:8e:3c:2f:45:a5,Esmula,WPA2/WPA,11
c0:7e:40:7a:8a:01,PT&T Fiber,WPA2/WPA,11
74:cc:39:bc:bc:a1,EDONG-EVOLUTION,OPN,10
e0:8e:3c:1a:cf:43,bayanDSLWIFI_CF43,WPA2/WPA,1
1a:17:23:00:04:3f,EVOHOTSPOT 11,OPN,6
94:46:96:1e:f0:46,PLDTHOMEDSLJ4J90,WPA2/WPA,7
0a:17:23:00:04:3f,EVOHOTSPOT 10,OPN,6
2a:17:23:00:04:3f,EVOHOTSPOT 12,OPN,6
08:17:23:00:04:39,EVOHOTSPOT 13,OPN,11
bc:96:80:dc:cc:36,PLDTMyDSL,WPA2/WPA,11
2a:17:23:00:01:4d,EVOHOTSPOT 36,OPN,1
6c:19:8f:0c:ff:9e,autotrade.com.ph,WPA2/WPA,5
0a:17:23:00:02:85,EVOHOTSPOT 30,OPN,6
1a:17:23:00:02:85,EVOHOTSPOT 31,OPN,6
c0:7e:40:73:21:48,PT&T Fiber,WPA2/WPA,11
e0:8e:3c:1a:da:b3,Kapitbahay,WPA2/WPA,1
