Common,168
BSSID,SSID,Wigle-Encryption,RPi-Encryption,Wigle-Channel,RPi-Channel,Wigle Avg RSSI,RPi Avg RSSI
d4:61:2e:5f:a2:46,Tags Wifi,[WPA2-PSK-CCMP][ESS],WPA2,6,6,-80,-77
58:70:c6:02:63:7a,YICarCam_02637a,[WPA2-PSK-CCMP][WPS][ESS],WPA2,5,5,-83,-74
08:23:b2:fc:09:18,Nogie,[WPA2-PSK-CCMP][ESS],WPA2,11,11,-86,-90
58:70:c6:f5:68:b4,YICarCamera,[WPA2-PSK-CCMP][WPS][ESS],WPA2,5,5,-85,-75
9c:e0:63:20:2e:9c,AndroidAP,[WPA2-PSK-CCMP][ESS],WPA2,6,48,-91,-91
08:78:08:48:a2:50,AndroidAP,[WPA2-PSK-CCMP][ESS],WPA2,1,1,-88,-85
d8:5d:4c:ff:6d:08,WiFi,[WPA-PSK-CCMP+TKIP][WPA2-PSK-CCMP+TKIP-preauth][ESS],WPA2/WPA,11,11,-82,-89
88:3f:d3:05:e7:d0,HUAWEI-6443,[WPA-PSK-CCMP+TKIP][WPA2-PSK-CCMP+TKIP][ESS],WPA2/WPA,11,11,-88,-89
88:3f:d3:06:29:38,HUAWEI-Bn7b,[WPA-PSK-CCMP+TKIP][WPA2-PSK-CCMP+TKIP][ESS],WPA2/WPA,7,5,-85,-87
54:b8:0a:36:61:68,Central,[WPA-PSK-CCMP+TKIP][WPA2-PSK-CCMP+TKIP][WPS][ESS],WPA2/WPA,11,11,-77,-79
9c:6f:52:1c:a8:af,Meisha 0911,[WPA-PSK-CCMP+TKIP][WPS][ESS],WPA,1,1,-83,-80
00:13:33:ed:40:b8,PLDTHOMEDSLjbtvelandria,[WPA-PSK-CCMP+TKIP][WPA2-PSK-CCMP+TKIP][ESS],WPA2/WPA,1,1,-86,-86
94:46:96:1d:48:72,PLDTHOMEDSL4J4E0,[WPA-PSK-CCMP+TKIP][WPA2-PSK-CCMP+TKIP][ESS],WPA2/WPA,5,5,-81,-84
00:21:29:7b:5c:54,BalaiTalakayan,[WPA-PSK-TKIP][WPS][ESS],WPA,6,6,-90,-85
90:61:0c:39:d2:6e,PLDTHOMEDSL53870,[WPA-PSK-CCMP+TKIP][WPA2-PSK-CCMP+TKIP][ESS],WPA2/WPA,11,11,-75,-84
00:1f:fb:ac:64:8b,Macaraeg,[WPA2-PSK-CCMP][WPS][ESS],WPA2,10,11,-82,-88
5e:f4:ab:36:7c:a0,PLDTMyDSLBiz,[WPA-PSK-CCMP+TKIP][WPA2-PSK-CCMP+TKIP][ESS],WPA2/WPA,11,11,-83,-85
2c:44:fd:be:96:fd,HP-Print-FD-Deskjet 2540 series,[WPA2-PSK-CCMP][ESS],WPA2,6,6,-86,-86
78:c1:a7:05:c5:5c,LUCAS INTERNET,[WPA-PSK-CCMP+TKIP][ESS],WPA,2,2,-75,-71
a0:ab:1b:96:58:e0,Cumm4Me,[WPA-PSK-CCMP+TKIP][WPA2-PSK-CCMP+TKIP][WPS][ESS],WPA2/WPA,1,1,-81,-80
9c:d6:43:4b:26:df,PigPen,[WPA-PSK-CCMP+TKIP][WPA2-PSK-CCMP+TKIP][WPS][ESS],WPA2/WPA,2,2,-78,-73
fc:8b:97:35:83:6a,PLDTMyDSL,[WPA-PSK-CCMP+TKIP][WPA2-PSK-CCMP+TKIP][WPS][ESS],WPA2/WPA,11,11,-82,-85
a0:ab:1b:96:58:e1,Stingray-G,[WPA-PSK-CCMP+TKIP][WPA2-PSK-CCMP+TKIP][ESS],WPA2/WPA,1,1,-81,-79
00:13:33:d3:4a:ff,PLDTHOMEDSL,[WPA-PSK-CCMP+TKIP][WPA2-PSK-CCMP+TKIP][ESS],WPA2/WPA,11,11,-82,-83
90:61:0c:1f:66:ba,PLDTHOMEDSL,[WPA-PSK-CCMP+TKIP][WPA2-PSK-CCMP+TKIP][WPS][ESS],WPA2/WPA,11,11,-77,-82
90:61:0c:1f:66:5a,PLDTHOMEDSL,[WPA-PSK-CCMP+TKIP][WPA2-PSK-CCMP+TKIP][WPS][ESS],WPA2/WPA,11,11,-82,-84
78:c1:a7:05:24:a4,JnYglobe,[WPA-PSK-CCMP+TKIP][ESS],WPA,6,6,-87,-88
00:13:33:e5:f9:e2,PLDTHOMEDSLironman,[WPA-PSK-CCMP+TKIP][WPA2-PSK-CCMP+TKIP][ESS],WPA2/WPA,11,11,-82,-90
d0:b2:c4:56:a3:0f,SKYbroadbandA30C,[WPA-PSK-CCMP+TKIP][WPA2-PSK-CCMP+TKIP][ESS],WPA2/WPA,11,11,-86,-89
00:13:33:c6:69:4c,PLDTHOMEDSL,[WPA-PSK-CCMP+TKIP][WPA2-PSK-CCMP+TKIP][ESS],WPA2/WPA,11,11,-83,-87
00:13:33:e7:96:ad,PLDTHOMEDSL,[WPA-PSK-CCMP+TKIP][WPA2-PSK-CCMP+TKIP][ESS],WPA2/WPA,11,11,-79,-84
9c:6f:52:1c:a6:73,ZTEH108N_CA673,[WPA-PSK-CCMP+TKIP][WPS][ESS],WPA,6,6,-81,-88
94:fb:b2:59:aa:60,PLDTHOMEDSL,[WPA-PSK-CCMP+TKIP][WPA2-PSK-CCMP+TKIP][WPS][ESS],WPA2/WPA,11,11,-79,-82
c8:d3:a3:6f:65:84,dvt555,[WPA-PSK-CCMP+TKIP][WPA2-PSK-CCMP+TKIP][WPS][ESS],WPA2/WPA,1,1,-83,-86
e8:de:27:9a:b3:d8,NAFS,[WPS][ESS],WPA2/WPA,11,11,-81,-83
00:13:33:f5:c1:54,PLDTHOMEDSL_AF5Y,[WPA-PSK-CCMP+TKIP][WPA2-PSK-CCMP+TKIP][ESS],WPA2/WPA,1,11,-86,-86
ec:f3:42:23:20:1c,jensen,[WPA-PSK-CCMP+TKIP][ESS],WPA,6,6,-87,-86
2c:4d:54:d9:fd:68,Dunby,[WPA2-PSK-CCMP][WPS][ESS],WPA2,3,6,-74,-81
fc:b4:e6:4a:ca:db,SKYbroadband1860,[WPA-PSK-CCMP+TKIP][WPA2-PSK-CCMP+TKIP][WPS][ESS],WPA2/WPA,1,1,-83,-87
14:b7:f8:0b:8d:9f,Tantoco AirPort Extreme,[WPA-PSK-CCMP+TKIP][WPA2-PSK-CCMP+TKIP][ESS],WPA2/WPA,6,1,-84,-85
98:de:d0:be:64:29,TP-LINK_6429,[WPA2-PSK-CCMP][WPS][ESS],WPA2,2,2,-83,-76
00:26:75:f7:20:e4,benz,[WPA-PSK-CCMP+TKIP][ESS],WPA,10,10,-87,-82
94:46:96:1c:f6:15,E,[WPA-PSK-CCMP+TKIP][WPA2-PSK-CCMP+TKIP][ESS],WPA2/WPA,1,1,-82,-89
48:00:33:62:3a:75,SKYbroadband3A72,[WPA-PSK-CCMP+TKIP][WPA2-PSK-CCMP+TKIP][ESS],WPA2/WPA,1,1,-80,-80
94:0e:6b:57:19:3d,get off my wifi,[WPA2-PSK-CCMP][ESS],WPA2,10,10,-80,-81
cc:5d:4e:ac:d7:08,PLDTMyDSL19,[WPA-PSK-CCMP+TKIP][WPA2-PSK-CCMP+TKIP][ESS],WPA2/WPA,11,11,-82,-88
5a:e3:47:f8:8c:b1,LDC_SAP_LENOVO-PC,[WPA2-PSK-CCMP][ESS],WPA2,11,11,-83,-83
48:00:33:62:30:f1,SKYbroadband30EE,[WPA-PSK-CCMP+TKIP][WPA2-PSK-CCMP+TKIP][ESS],WPA2/WPA,1,1,-80,-83
4c:81:20:f3:29:bb,PLDTHOMEDSL329BB,[WPA-PSK-CCMP+TKIP][WPA2-PSK-CCMP+TKIP][WPS][ESS],WPA2/WPA,6,1,-88,-84
d4:7b:b0:53:b8:ab,Chewboiboi,[WPA-PSK-CCMP+TKIP][WPA2-PSK-CCMP+TKIP][WPS][ESS],WPA2/WPA,1,1,-86,-90
00:1f:fb:ac:7e:9d,HomeBro_ULTERA,[WPA2-PSK-CCMP][WPS][ESS],WPA2,11,11,-75,-81
50:c7:bf:7b:19:d4,TP-LINK MALINIS,[WPA-PSK-CCMP][WPA2-PSK-CCMP][WPS][ESS],WPA2/WPA,11,11,-82,-88
08:95:2a:89:3c:6a,SKYbroadband4321,[WPA-PSK-CCMP+TKIP][WPA2-PSK-CCMP+TKIP][WPS][ESS],WPA2/WPA,1,1,-84,-83
80:29:94:68:33:f5,SKYbroadband33F2,[WPA-PSK-CCMP+TKIP][WPA2-PSK-CCMP+TKIP][ESS],WPA2/WPA,1,1,-84,-84
a4:2b:b0:f8:9e:87,PLDTHOMEDSL_AF5Y_EXT,[WPA-PSK-CCMP+TKIP][WPA2-PSK-CCMP+TKIP][WPS][ESS],WPA2/WPA,1,11,-83,-85
80:29:94:68:33:81,SKYbroadband337E,[WPA-PSK-CCMP+TKIP][WPA2-PSK-CCMP+TKIP][ESS],WPA2/WPA,11,11,-78,-85
f8:d1:11:83:78:44,Virus Detected,[WPA-PSK-CCMP+TKIP][WPA2-PSK-CCMP+TKIP][WPS][ESS],WPA2/WPA,1,1,-82,-83
00:13:33:ce:c7:b8,PLDTHOMEDSL,[WPA-PSK-CCMP+TKIP][WPA2-PSK-CCMP+TKIP][ESS],WPA2/WPA,11,11,-79,-85
00:18:f8:a4:31:fb,GPF,[WPA-PSK-TKIP][ESS],WPA,11,11,-86,-89
50:09:59:85:b9:e5,SKYbroadbandB9E2,[WPA-PSK-CCMP+TKIP][WPA2-PSK-CCMP+TKIP][ESS],WPA2/WPA,1,1,-86,-84
48:00:33:f3:09:3d,SKYbroadband093A,[WPA-PSK-CCMP+TKIP][WPA2-PSK-CCMP+TKIP][ESS],WPA2/WPA,1,1,-82,-86
00:1f:fb:ba:d2:8b,LynKoCus6-07,[WPA2-PSK-CCMP][WPS][ESS],WPA2,11,11,-85,-86
88:3f:d3:06:77:64,HUAWEI-68pF,[WPA-PSK-CCMP+TKIP][WPA2-PSK-CCMP+TKIP][ESS],WPA2/WPA,4,10,-69,-80
48:00:33:62:32:59,SKYbroadband3256,[WPA-PSK-CCMP+TKIP][WPA2-PSK-CCMP+TKIP][ESS],WPA2/WPA,11,1,-78,-81
58:70:c6:f7:42:4d,YICarCam_F7424D,[WPA2-PSK-CCMP][WPS][ESS],WPA2,5,6,-84,-85
8c:18:d9:71:91:1b,Mitsubishi Wireless TV 908,[ESS],OPN,6,6,-82,-82
50:09:59:84:f1:91,SKYbroadbandF18E,[WPA-PSK-CCMP+TKIP][WPA2-PSK-CCMP+TKIP][ESS],WPA2/WPA,1,1,-85,-88
7a:31:c1:75:6c:83,iPhone,[WPA2-PSK-CCMP][ESS],WPA2,1,1,-86,-87
f6:9f:c2:57:be:90,Aralinks_Hub2,[WPA-PSK-CCMP][WPA2-PSK-CCMP][ESS],WPA2/WPA,1,1,-64,-76
fc:b4:e6:82:43:85,SKYbroadbandABA4,[WPA-PSK-CCMP+TKIP][WPA2-PSK-CCMP+TKIP][WPS][ESS],WPA2/WPA,6,6,-88,-89
4c:f9:5d:85:9a:fc,RBCTY1,[WPA-PSK-CCMP+TKIP][WPA2-PSK-CCMP+TKIP][ESS],WPA2/WPA,6,6,-86,-86
00:19:be:81:32:e2,Altai_Wifi,[WPA2-PSK-CCMP][ESS],WPA2,6,6,-78,-82
78:c1:a7:24:27:66,Ragnarok1017,[WPA-PSK-CCMP+TKIP][WPS][ESS],WPA,1,1,-86,-86
f4:e3:fb:e5:49:fc,XRZ-850,[WPA-PSK-CCMP+TKIP][WPA2-PSK-CCMP+TKIP][ESS],WPA2/WPA,7,5,-86,-74
32:cd:a7:f4:e7:de,DIRECT-TcM2070 Series,[WPA2-PSK-CCMP][WPS-AUTH][ESS],WPA2,1,1,-76,-79
90:61:0c:16:73:f9,PLDTMyDSL,[WPA-PSK-TKIP][WPA2-PSK-CCMP][ESS],WPA2/WPA,11,11,-72,-82
bc:c0:0f:7b:d7:c0,FIBERHOME_bd7c0,[WPA-PSK-CCMP][WPA2-PSK-CCMP][ESS],WPA2/WPA,5,5,-75,-76
08:95:2a:e4:85:d8,SKYbroadband624F,[WPA-PSK-CCMP+TKIP][WPA2-PSK-CCMP+TKIP][WPS][ESS],WPA2/WPA,11,11,-85,-89
1e:74:0d:02:3c:c8,PLDTMyDSLBizADMIN,[WPA-PSK-CCMP+TKIP][WPA2-PSK-CCMP+TKIP][WPS][ESS],WPA2/WPA,1,1,-84,-88
c8:93:46:48:56:58,Think_485658,[WPA2-PSK-CCMP][ESS],WPA2,2,1,-86,-88
f4:f2:6d:94:56:14,OrangeSegment1,[WPA2-PSK-CCMP][WPS][ESS],WPA2,1,1,-77,-79
a4:2b:b0:c1:4c:87,SKYbroadband7B2C_EXT,[WPA-PSK-CCMP+TKIP][WPA2-PSK-CCMP+TKIP][WPS][ESS],WPA2/WPA,11,11,-88,-85
e0:8e:3c:2d:fa:d5,bayanDSLWIFI_FAD5,[WPA-PSK-CCMP+TKIP][WPA2-PSK-CCMP+TKIP][ESS],WPA2/WPA,1,1,-76,-78
80:13:82:58:e6:2c,HUAWEI-E62C,[WPA2-PSK-CCMP][ESS],WPA2,8,8,-74,-77
f0:98:38:07:78:bc,8386CGA,[WPA-PSK-CCMP+TKIP][WPA2-PSK-CCMP+TKIP][ESS],WPA2/WPA,11,7,-78,-79
34:ba:9a:55:c5:b6,,[WPA-PSK-CCMP+TKIP][WPA2-PSK-CCMP+TKIP][ESS],WPA2/WPA,4,4,-72,-80
00:90:a9:0e:55:0b,CallaoMan,[WPA2-PSK-CCMP][WPS][ESS],WPA2,11,11,-64,-78
00:90:a9:10:89:7b,SunkenGalleon,[WPA2-PSK-CCMP][WPS][ESS],WPA2,6,6,-84,-83
00:90:a9:10:89:7c,GuestWiFi,[WPA2-PSK-CCMP][ESS],WPA2,6,6,-82,-83
f0:98:38:07:ce:cc,HUAWEI-sJ8b,[WPA-PSK-CCMP+TKIP][WPA2-PSK-CCMP+TKIP][ESS],WPA2/WPA,7,7,-72,-79
94:46:96:1d:46:ce,PLDTHOMEDSLUJU40,[WPA-PSK-CCMP+TKIP][WPA2-PSK-CCMP+TKIP][ESS],WPA2/WPA,11,11,-76,-78
70:5a:9e:84:02:80,MariaClare,[WPA-PSK-CCMP+TKIP][WPA2-PSK-CCMP+TKIP][ESS],WPA2/WPA,11,11,-71,-81
76:4a:a4:c9:3e:4c,CECILLE,[WPA-PSK-CCMP+TKIP][WPA2-PSK-CCMP+TKIP][WPS][ESS],WPA2/WPA,6,6,-78,-83
cc:06:77:6f:30:40,SAIGON PHO1,[WPA-PSK-TKIP][WPA2-PSK-CCMP][ESS],WPA2/WPA,7,7,-71,-73
14:b7:f8:0b:38:33,Chibutt,[WPA-PSK-CCMP+TKIP][WPA2-PSK-CCMP+TKIP][ESS],WPA2/WPA,1,1,-82,-77
bc:c0:0f:7b:c2:08,FIBERHOME_bc208,[WPA-PSK-CCMP][WPA2-PSK-CCMP][ESS],WPA2/WPA,3,7,-77,-67
88:d2:74:86:c4:cb,bayanDSLWIFI_C4CB,[WPA-PSK-CCMP+TKIP][WPA2-PSK-CCMP+TKIP][WPS][ESS],WPA2/WPA,11,11,-81,-82
ac:86:74:4a:09:53,,[WPA-PSK-CCMP+TKIP][WPA2-PSK-CCMP+TKIP][ESS],WPA2/WPA,5,5,-82,-75
ac:86:74:4a:09:52,CloudTrax,[ESS],OPN,5,5,-80,-76
ec:8c:a2:30:ff:28,#SmartWifi @StrEATMag,[ESS],OPN,1,1,-80,-70
00:13:33:ea:7b:21,trendzoneqc,[WPA-PSK-CCMP+TKIP][WPA2-PSK-CCMP+TKIP][ESS],WPA2/WPA,5,5,-84,-77
90:61:0c:37:67:ff,PLDTHOMEDSL26623,[WPA-PSK-CCMP+TKIP][WPA2-PSK-CCMP+TKIP][ESS],WPA2/WPA,1,1,-73,-76
38:d8:2f:22:3d:48,bayanDSLWiFi_3D48,[WPA-PSK-CCMP+TKIP][WPA2-PSK-CCMP+TKIP][WPS][ESS],WPA2/WPA,1,10,-65,-66
f0:98:38:f9:14:28,Fiber200,[WPA-PSK-CCMP+TKIP][WPA2-PSK-CCMP+TKIP][ESS],WPA2/WPA,3,1,-73,-76
ac:f9:70:ec:e6:08,HUAWEI-7BDP,[WPA-PSK-CCMP+TKIP][WPA2-PSK-CCMP+TKIP][ESS],WPA2/WPA,8,6,-74,-78
cc:1a:fa:97:cf:b8,bayanDSL,[WPA-PSK-CCMP+TKIP][ESS],WPA,10,4,-64,-72
9c:6f:52:34:ff:b7,Fatpipe@Moonleaf,[WPA-PSK-CCMP+TKIP][WPA2-PSK-CCMP+TKIP][ESS],WPA2/WPA,11,11,-66,-76
9c:6f:52:34:ff:b6,Zentea,[WPA-PSK-CCMP+TKIP][WPA2-PSK-CCMP+TKIP][WPS][ESS],WPA2/WPA,1,11,-64,-75
70:8b:cd:b2:7b:60,Flower Poopoo :3 ,[WPA2-PSK-CCMP][WPS][ESS],WPA2,1,1,-87,-89
ba:4e:26:4c:0e:e3,,[WPA2-PSK-CCMP][ESS],WPA2,2,2,-84,-82
00:e0:20:3b:00:75,Extension 3,[WPA-PSK-CCMP][WPS][ESS],WPA,6,6,-85,-83
94:65:2d:23:6e:a5,FD-04,[ESS],OPN,11,11,-80,-73
fa:8f:ca:50:af:9a,,[ESS],OPN,11,11,-84,-83
cc:06:77:60:3e:98,PLDTHOMEFIBR03e98,[WPA-PSK-TKIP][WPA2-PSK-CCMP][ESS],WPA2/WPA,1,1,-70,-78
74:cc:39:bb:51:38,AFMaginhawaOffice,[WPA-PSK-CCMP+TKIP][WPA2-PSK-CCMP+TKIP][ESS],WPA2/WPA,11,11,-88,-88
00:13:33:dc:91:af,PLDTHOMEDSLDAL1,[WPA-PSK-CCMP+TKIP][WPA2-PSK-CCMP+TKIP][ESS],WPA2/WPA,11,11,-70,-81
00:13:33:e8:f8:31,PLDTHOMEDSL,[WPA-PSK-CCMP+TKIP][WPA2-PSK-CCMP+TKIP][ESS],WPA2/WPA,11,11,-88,-92
cc:06:77:e1:1f:90,PLDTHOMEFIBR11f90,[WPA-PSK-TKIP][WPA2-PSK-CCMP][ESS],WPA2/WPA,5,5,-80,-82
cc:06:77:22:fb:60,PLDTHOMEFIBR2fb60,[WPA-PSK-TKIP][WPA2-PSK-CCMP][ESS],WPA2/WPA,5,5,-87,-81
00:13:33:fb:45:3b,,[ESS],OPN,1,1,-85,-88
00:13:33:fb:45:3c,,[ESS],OPN,1,1,-88,-88
90:61:0c:2a:47:af,Marco,[WPA2-PSK-CCMP][WPS][ESS],WPA2,11,11,-74,-87
90:61:0c:2e:d5:16,PLDTHOMEDSL54550,[WPA-PSK-CCMP+TKIP][WPA2-PSK-CCMP+TKIP][WPS][ESS],WPA2/WPA,11,11,-86,-85
b0:c1:9e:30:5e:25,SmartBro_305E25,[WPA-PSK-CCMP+TKIP][WPA2-PSK-CCMP+TKIP][ESS],WPA2/WPA,7,7,-87,-77
00:13:33:e3:b0:3b,PLDTHOMEDSL,[WPA-PSK-CCMP+TKIP][WPA2-PSK-CCMP+TKIP][ESS],WPA2/WPA,11,11,-84,-84
00:13:33:ea:87:f5,PLDTHOMEDSL,[WPA-PSK-CCMP+TKIP][WPA2-PSK-CCMP+TKIP][ESS],WPA2/WPA,11,11,-80,-84
00:24:01:b8:d1:9d,FRANCISCO-PC_Network,[WPA2-PSK-CCMP][WPS][ESS],WPA2,6,6,-76,-84
94:46:96:18:f3:11,PLDTHOMEDSL7Y7Y0,[WPA-PSK-CCMP+TKIP][WPA2-PSK-CCMP+TKIP][ESS],WPA2/WPA,7,7,-84,-80
e0:8e:3c:21:f2:cb,bayanDSLWIFI_F2CB,[WPA-PSK-CCMP+TKIP][WPA2-PSK-CCMP+TKIP][ESS],WPA2/WPA,1,1,-82,-83
b0:c1:9e:49:f6:70,salt to the sea,[WPA-PSK-CCMP+TKIP][WPA2-PSK-CCMP+TKIP][ESS],WPA2/WPA,6,6,-84,-86
00:13:33:f4:2a:f6,PLDTHOMEDSL,[WPA-PSK-CCMP+TKIP][WPA2-PSK-CCMP+TKIP][ESS],WPA2/WPA,6,6,-72,-81
00:1f:fb:a5:21:19,jennyjuly06,[WPA2-PSK-CCMP][WPS][ESS],WPA2,1,1,-86,-89
e8:cd:2d:7f:11:4d,glyph,[WPA-PSK-CCMP+TKIP][WPA2-PSK-CCMP+TKIP][WPS][ESS],WPA2/WPA,8,8,-72,-72
94:a7:b7:26:71:7f,bayanDSLWIFI_717F,[WPA-PSK-CCMP+TKIP][WPA2-PSK-CCMP+TKIP][WPS][ESS],WPA2/WPA,11,11,-80,-87
00:13:33:c1:f2:fb,PLDTHOMEDSLRR,[WPA-PSK-CCMP+TKIP][WPA2-PSK-CCMP+TKIP][ESS],WPA2/WPA,11,11,-76,-85
cc:06:77:63:37:90,Estivlings,[WPA-PSK-TKIP][WPA2-PSK-CCMP][ESS],WPA2/WPA,4,1,-81,-78
40:cb:a8:90:46:e2,Broadband@work,[WPA-PSK-CCMP+TKIP][WPA2-PSK-CCMP+TKIP][WPS][ESS],WPA2/WPA,11,11,-74,-76
94:46:96:0e:28:69,PLDTHOMEDSLanamaria,[WPA-PSK-CCMP+TKIP][WPA2-PSK-CCMP+TKIP][ESS],WPA2/WPA,2,2,-68,-70
e0:8e:3c:2f:67:01,bayanDSLWIFI_6701,[WPA-PSK-CCMP+TKIP][WPA2-PSK-CCMP+TKIP][ESS],WPA2/WPA,1,11,-69,-81
90:61:0c:35:8c:13,PLDTHOMEDSL35859,[WPA-PSK-CCMP+TKIP][WPA2-PSK-CCMP+TKIP][WPS][ESS],WPA2/WPA,1,1,-67,-75
94:46:96:1e:f1:2c,PLDTHOMEDSL2Y2Y0,[WPA-PSK-CCMP+TKIP][WPA2-PSK-CCMP+TKIP][ESS],WPA2/WPA,11,11,-71,-77
2a:17:23:00:04:77,EVOHOTSPOT 8,[ESS],OPN,6,6,-65,-65
0a:17:23:00:04:8f,EVOHOTSPOT 2,[ESS],OPN,1,1,-61,-71
00:13:33:fc:69:69,PLDTHOMEDSLGRABTAPSI,[WPA2-PSK-CCMP][ESS],WPA2/WPA,11,6,-65,-79
00:23:69:26:de:f7,maja,[WPA-PSK-CCMP+TKIP][WPA2-PSK-CCMP+TKIP][WPS][ESS],WPA2/WPA,5,5,-81,-83
e0:8e:3c:1a:e6:07,bayanDSLWIFI_E607,[WPA-PSK-CCMP+TKIP][WPA2-PSK-CCMP+TKIP][ESS],WPA2/WPA,10,10,-73,-71
1a:17:23:00:04:77,EVOHOTSPOT 7,[ESS],OPN,6,6,-61,-71
0a:17:23:00:04:77,EVOHOTSPOT 6,[ESS],OPN,6,6,-62,-66
e0:8e:3c:1b:65:b7,Calma family,[WPA-PSK-CCMP+TKIP][WPA2-PSK-CCMP+TKIP][ESS],WPA2/WPA,1,1,-86,-83
28:ff:3e:3d:e8:19,bayanDSLWIFI_E819,[WPA-PSK-CCMP+TKIP][WPA2-PSK-CCMP+TKIP][WPS][ESS],WPA2/WPA,1,10,-75,-75
00:13:33:fa:e4:77,,[WPA-PSK-CCMP+TKIP][WPA2-PSK-CCMP+TKIP][ESS],WPA2/WPA,1,1,-83,-76
00:13:33:d4:a9:4f,PLDTHOMEDSL,[WPA-PSK-CCMP+TKIP][WPA2-PSK-CCMP+TKIP][ESS],WPA2/WPA,11,11,-86,-80
9c:6f:52:35:1e:06,bayanDSLWIFI_1E06,[WPA-PSK-CCMP+TKIP][WPA2-PSK-CCMP+TKIP][WPS][ESS],WPA2/WPA,2,2,-72,-68
74:cc:39:bc:bc:a2,EDONG-EVOLUTION,[ESS],OPN,10,10,-89,-83
00:13:33:fd:b7:fb,PLDTHOMEDSLLUCERO,[WPA-PSK-CCMP+TKIP][WPA2-PSK-CCMP+TKIP][ESS],WPA2/WPA,11,11,-84,-85
08:17:23:00:04:8f,EVOHOTSPOT 1,[ESS],OPN,1,1,-36,-70
1a:17:23:00:04:8f,EVOHOTSPOT 3,[ESS],OPN,1,1,-37,-69
2a:17:23:00:04:8f,EVOHOTSPOT 4,[ESS],OPN,1,1,-37,-69
88:d2:74:86:ac:73,bayanDSLWIFI_AC73,[WPA-PSK-CCMP+TKIP][WPA2-PSK-CCMP+TKIP][WPS][ESS],WPA2/WPA,6,6,-80,-89
0a:17:23:00:04:3f,EVOHOTSPOT 10,[ESS],OPN,6,6,-68,-85
5a:8b:f3:70:7b:33,PLDTMyDSLBiz3,[WPA-PSK-CCMP+TKIP][WPA2-PSK-CCMP+TKIP][ESS],WPA2/WPA,11,11,-75,-81
5a:8b:f3:70:7b:30,PLDTMyDSLBiz3MobileWiFi-62EA,[WPA-PSK-TKIP][WPS][ESS],WPA,11,11,-73,-82
1a:17:23:00:04:39,EVOHOTSPOT 15,[ESS],OPN,11,11,-74,-87
2a:17:23:00:04:3f,EVOHOTSPOT 12,[ESS],OPN,6,6,-74,-85
0a:17:23:00:01:4d,EVOHOTSPOT 34,[ESS],OPN,1,1,-79,-79
2a:17:23:00:01:4d,EVOHOTSPOT 36,[ESS],OPN,1,1,-81,-78
90:61:0c:16:a8:02,PLDTMyDSL,[WPA-PSK-CCMP][WPA2-PSK-CCMP][ESS],WPA2/WPA,11,11,-64,-84
e0:8e:3c:1a:d7:1f,Francisco,[WPA2-PSK-CCMP+TKIP][ESS],WPA2,1,1,-65,-79
 
WiGLE Unique,116
BSSID,SSID,Wigle-Encryption,Wigle-Channel,Wigle Avg RSSI
5c:f2:86:22:08:72,WIFIKO,[WPA-PSK-CCMP+TKIP][WPA2-PSK-CCMP+TKIP][WPS][ESS],8,-87
5c:6a:80:a3:70:6f,OGM2017,[WPA-PSK-CCMP+TKIP][WPA2-PSK-CCMP+TKIP][ESS],9,-86
51502_30232_210438649,Globe,HSPA;ph,0,-89
bc:c0:0f:7b:a5:30,FIBERHOME_ba530,[WPA-PSK-CCMP][WPA2-PSK-CCMP][ESS],2,-89
88:d2:74:a8:fe:54,Cradle of Learners,[WPA-PSK-CCMP+TKIP][WPS][ESS],2,-87
8e:79:67:b2:dd:0f,ZTE-MF65M-DD0F,[WPA2-PSK-CCMP][WPS][ESS],13,-87
e4:8d:8c:fb:3d:c2,CVL_Propagation test,[ESS],60,-89
54:b8:0a:36:61:6c,Central,[WPA-PSK-CCMP+TKIP][WPA2-PSK-CCMP+TKIP][WPS][ESS],165,-87
51502_30232_210451840,Globe,HSPA;ph,0,-81
50:c7:bf:d8:60:70,NHA-WiFi-Guest,[WPA-PSK-CCMP+TKIP][WPA2-PSK-CCMP+TKIP][ESS],9,-87
c4:12:f5:75:e3:8a,bilan,[WPA-PSK-CCMP+TKIP][WPA2-PSK-CCMP+TKIP][WPS][ESS],3,-70
51502_30232_210447752,Globe,HSPA;ph,0,-81
14:91:82:14:e4:12,IsidroGlobe,[WPA-PSK-CCMP+TKIP][WPA2-PSK-CCMP+TKIP][WPS][ESS],1,-87
f0:98:38:3d:eb:48,HUAWEI,[WPA-PSK-CCMP+TKIP][WPA2-PSK-CCMP+TKIP][ESS],4,-76
4c:81:20:f3:93:6f,malupadilla,[WPA-PSK-CCMP+TKIP][WPA2-PSK-CCMP+TKIP][WPS][ESS],5,-85
a0:ab:1b:96:58:e4,Cumm4Me,[WPA-PSK-CCMP+TKIP][WPA2-PSK-CCMP+TKIP][WPS][ESS],149,-85
a0:ab:1b:96:58:e5,Stingray-G,[WPA-PSK-CCMP+TKIP][WPA2-PSK-CCMP+TKIP][ESS],149,-86
51502_30232_210477113,Globe,HSPA;ph,0,-95
a0:ab:1b:96:58:e2,Cumm4Me,[WPA-PSK-CCMP+TKIP][WPA2-PSK-CCMP+TKIP][ESS],36,-85
a0:ab:1b:96:58:e3,Stingray-G,[WPA-PSK-CCMP+TKIP][WPA2-PSK-CCMP+TKIP][ESS],36,-85
56:27:58:de:79:0d,Lenovo A2010-a,[WPA2-PSK-CCMP][WPS][ESS],11,-86
dc:09:4c:14:d1:b6,11,[WPA-PSK-CCMP+TKIP][WPA2-PSK-CCMP+TKIP][ESS],11,-89
20:aa:4b:e7:30:7b,ELEANOR/ROUTER,[WPA2-PSK-CCMP][WPS][ESS],3,-86
f0:98:38:72:ba:c8,EPA MAIN-HUAWEI,[WPA-PSK-CCMP+TKIP][WPA2-PSK-CCMP+TKIP][ESS],1,-87
00:26:75:79:d0:73,VK0110,[WPA-PSK-CCMP+TKIP][ESS],2,-85
51502_30232_210464820,Globe,HSPA;ph,0,-92
28:ff:3e:3d:e7:00,bayanDSLWIFI_E700,[WPA-PSK-CCMP+TKIP][WPA2-PSK-CCMP+TKIP][WPS][ESS],7,-89
c8:d3:a3:15:b2:98,KOALA,[WPA-PSK-CCMP+TKIP][WPA2-PSK-CCMP+TKIP][WPS][ESS],13,-88
2c:4d:54:d9:fd:6c,Dunby_5G,[WPA2-PSK-CCMP][WPS][ESS],149,-83
98:de:d0:be:64:28,TP-LINK_6429_5G,[WPA2-PSK-CCMP][WPS][ESS],36,-87
48:7b:6b:f0:72:f8,ACEJ FAM,[WPA-PSK-CCMP+TKIP][WPA2-PSK-CCMP+TKIP][ESS],9,-76
fa:8f:ca:51:06:86,,[ESS],9,-82
a8:0c:63:7c:08:ce,aj,[WPA2-PSK-CCMP][ESS],4,-85
a8:0c:63:7c:08:cf,HUAWEI-08CE_Guest,[WPA2-PSK-CCMP][ESS],4,-86
fc:8b:97:31:78:7d,Pocket-Repeater,[WPS][ESS],4,-87
c8:d7:19:1b:14:27,2017_Trojan_Virus!@&*%,[WPA-PSK-CCMP+TKIP][WPA2-PSK-CCMP+TKIP][WPS][ESS],48,-79
18:d6:c7:23:95:0f,admin,[WPA-PSK-CCMP][WPA2-PSK-CCMP][WPS][ESS],149,-86
c8:d7:19:1b:14:26,2017_Trojan_Virus!@&*%,[WPA-PSK-CCMP+TKIP][WPA2-PSK-CCMP+TKIP][WPS][ESS],2,-82
51502_30232_210464817,Globe,HSPA;ph,0,-87
88:3f:d3:2d:db:70,GPF-Globe,[WPA-PSK-CCMP+TKIP][WPA2-PSK-CCMP+TKIP][ESS],5,-80
48:f8:b3:a9:6d:bc,HFSPrivate,[WPA-PSK-CCMP+TKIP][WPA2-PSK-CCMP+TKIP][ESS],8,-81
bc:c0:0f:bf:79:80,PLDTHOMEFIBRf7980,[WPA-PSK-CCMP+TKIP][WPA2-PSK-CCMP+TKIP][ESS],9,-84
51502_30203_210454599,Globe,HSPA;ph,0,-89
28:92:4a:14:9f:84,HOLYFAMILY,[WPA-PSK-TKIP][WPA2-PSK-CCMP][ESS],13,-80
cc:06:77:60:54:fc,fibr5,[WPA-PSK-TKIP][WPA2-PSK-CCMP][ESS],36,-79
cc:06:77:21:70:84,tria,[WPA-PSK-TKIP][WPA2-PSK-CCMP][ESS],36,-82
51502_30232_210454609,Globe,HSPA;ph,0,-91
50:04:b8:45:1d:5c,work,[WPA-PSK-CCMP+TKIP][WPA2-PSK-CCMP+TKIP][ESS],1,-85
51502_30232_210446715,Globe,HSPA;ph,0,-85
5c:6a:80:a3:6f:38,PLDTMyDSLBiz5G69640,[WPA-PSK-CCMP+TKIP][WPA2-PSK-CCMP+TKIP][ESS],100,-84
f4:f2:6d:94:56:12,OrangeSegment2,[WPA2-PSK-CCMP][WPS][ESS],157,-86
64:a5:c3:6d:7d:94,solar_wifi,[WPA2-PSK-CCMP][ESS],6,-80
74:cc:39:86:00:88,PLDTHOMEFIBR_860088,[WPA-PSK-CCMP+TKIP][WPA2-PSK-CCMP+TKIP][ESS],9,-85
ec:8c:a2:30:ff:2c,#SmartWifi @StrEATMag,[ESS],100,-74
f0:98:38:07:9c:34,sjvmr,[WPA-PSK-CCMP+TKIP][WPA2-PSK-CCMP+TKIP][ESS],10,-88
00:90:a9:0e:55:0d,CallaoMan 5,[WPA2-PSK-CCMP][WPS][ESS],149,-82
7c:11:cb:6e:fe:af,Ramiyanarasam,[WPA-PSK-CCMP+TKIP][WPA2-PSK-CCMP+TKIP][ESS],5,-85
f0:98:38:a0:02:64,WeylandMaginhawa,[WPA-PSK-CCMP+TKIP][WPA2-PSK-CCMP+TKIP][ESS],8,-63
51502_30232_210446713,Globe,HSPA;ph,0,-86
30:b5:c2:b5:33:12,FatPipe@BosCoffee,[ESS],13,-80
cc:06:77:6f:30:44,SAIGON PHO2,[WPA-PSK-TKIP][WPA2-PSK-CCMP][ESS],36,-66
70:5a:9e:92:6f:f4,SKYbroadband6FF1,[WPA-PSK-CCMP+TKIP][WPA2-PSK-CCMP+TKIP][ESS],12,-70
cc:06:77:6e:cd:90,PLDTHOMEFIBRecd90,[WPA-PSK-TKIP][WPA2-PSK-CCMP][ESS],4,-81
84:9f:b5:3e:81:8c,wifidental,[WPA2-PSK-CCMP][ESS],3,-80
cc:06:77:6e:cf:0c,PLDTHOMEFIBR5Gecf08,[WPA-PSK-TKIP][WPA2-PSK-CCMP][ESS],36,-89
50:68:0a:c4:fc:88,HUAWEI-E5330-FC88,[WPA2-PSK-CCMP][ESS],3,-72
f0:98:38:3e:1f:34,UITC-OFFICE,[WPA-PSK-CCMP+TKIP][WPA2-PSK-CCMP+TKIP][ESS],4,-77
e0:8e:3c:16:58:8d,cosme,[WPA-PSK-TKIP][WPA2-PSK-TKIP][WPS][ESS],10,-77
ba:4e:26:4c:0e:e4,,[WPA2-PSK-CCMP][ESS],48,-89
34:ba:9a:56:46:66,kcenmor,[WPA2-PSK-CCMP][WPS][ESS],7,-87
e4:6f:13:68:9a:b4,Moonleaf Maginhawa,[WPA-PSK-CCMP+TKIP][WPA2-PSK-CCMP+TKIP][WPS][ESS],1,-79
cc:06:77:6e:cd:94,PLDTHOMEFIBR5Gecd90,[WPA-PSK-TKIP][WPA2-PSK-CCMP][ESS],36,-88
9c:6f:52:34:ff:b9,,[WPA-PSK-CCMP+TKIP][WPA2-PSK-CCMP+TKIP][ESS],1,-61
cc:06:77:60:3e:9c,PLDTHOMEFIBR5G03e98,[WPA-PSK-TKIP][WPA2-PSK-CCMP][ESS],36,-84
b6:4e:26:4c:0e:e3,TFMGT Office_Guest,[WPA-PSK-CCMP+TKIP][WPA2-PSK-CCMP+TKIP][ESS],2,-83
b0:4e:26:4c:12:53,TFMGT Office,[WPA-PSK-CCMP+TKIP][WPA2-PSK-CCMP+TKIP][ESS],2,-86
b6:4e:26:4c:12:53,TFMGT Office_Guest,[WPA-PSK-CCMP+TKIP][WPA2-PSK-CCMP+TKIP][ESS],2,-80
cc:06:77:70:3f:34,PLDTHOMEFIBR5G03f30,[WPA-PSK-TKIP][WPA2-PSK-CCMP][ESS],40,-85
b6:4e:26:4c:0f:dd,TFMGT Office_Guest,[WPA-PSK-CCMP+TKIP][WPA2-PSK-CCMP+TKIP][ESS],2,-84
ba:4e:26:4c:0f:dd,,[WPA2-PSK-CCMP][ESS],2,-85
b0:4e:26:4c:0e:e3,TFMGT Office,[WPA-PSK-CCMP+TKIP][WPA2-PSK-CCMP+TKIP][ESS],2,-85
b6:4e:26:4c:0f:de,TFMGT Office_Guest,[WPA-PSK-CCMP+TKIP][WPA2-PSK-CCMP+TKIP][ESS],48,-86
b0:4e:26:4c:0f:de,TFMGT Office,[WPA-PSK-CCMP+TKIP][WPA2-PSK-CCMP+TKIP][ESS],48,-86
ba:4e:26:4c:12:54,,[WPA2-PSK-CCMP][ESS],48,-91
74:cc:39:bb:7e:50,Anytime Fitness Maginhawa,[WPA-PSK-CCMP+TKIP][WPA2-PSK-CCMP+TKIP][ESS],2,-87
5c:6a:80:1a:25:c6,Snow Creme,[WPA-PSK-CCMP+TKIP][WPA2-PSK-CCMP+TKIP][WPS][ESS],6,-70
ba:4e:26:4c:12:53,,[WPA2-PSK-CCMP][ESS],2,-82
dc:09:4c:14:29:cf,Monmon,[WPA-PSK-CCMP+TKIP][WPA2-PSK-CCMP+TKIP][ESS],8,-84
6c:27:79:b5:5b:9a,Hi po,[WPA2-PSK-CCMP][WPS][ESS][P2P],11,-86
cc:06:77:61:f6:08,PLCPD,[WPA-PSK-TKIP][WPA2-PSK-CCMP][ESS],3,-87
20:25:64:c6:89:a5,963c41,[WPA-PSK-CCMP+TKIP][WPA2-PSK-CCMP+TKIP][WPS][ESS],1,-85
f0:98:38:72:db:98,ZGMKTGCORP,[WPA-PSK-CCMP+TKIP][WPA2-PSK-CCMP+TKIP][ESS],4,-86
cc:06:77:e1:1f:94,PLDTHOMEFIBR5G11f90,[WPA-PSK-TKIP][WPA2-PSK-CCMP][ESS],40,-84
28:10:7b:f1:02:bc,Diliman Bible Church,[WPA-PSK-CCMP+TKIP][WPA2-PSK-CCMP+TKIP][WPS][ESS],2,-78
c0:7e:40:73:20:c4,PT&T Fiber,[WPA-PSK-CCMP][WPA2-PSK-CCMP][WPS][ESS],11,-89
51502_30232_210478174,Globe,HSPA;ph,0,-86
cc:06:77:63:37:94,Estivlings2.0,[WPA-PSK-TKIP][WPA2-PSK-CCMP][ESS],36,-83
51502_30232_210454612,Globe,HSPA;ph,0,-79
34:ba:9a:55:b6:dd,ZERAVLA,[WPA-PSK-CCMP+TKIP][WPA2-PSK-CCMP+TKIP][WPS][ESS],9,-63
3e:47:11:dc:38:c9,Jollibeast,[WPA-PSK-CCMP+TKIP][WPA2-PSK-CCMP+TKIP][ESS],1,-87
00:13:33:e7:6c:14,,[WPA-PSK-CCMP+TKIP][WPA2-PSK-CCMP+TKIP][ESS],8,-89
51502_30232_210454610,Globe,HSPA;ph,0,-67
00:13:33:e7:6c:15,,[WPA-PSK-CCMP+TKIP][WPA2-PSK-CCMP+TKIP][ESS],8,-87
36:69:87:71:eb:69,Smartnoli,[WPA-PSK-CCMP+TKIP][WPA2-PSK-CCMP+TKIP][WPS][ESS],13,-84
00:13:33:fe:97:66,PLDTHOMEDSLVAJ,[WPA-PSK-CCMP+TKIP][WPA2-PSK-CCMP+TKIP][ESS],1,-85
a4:71:74:4a:e3:e8,HUAWEI-E3E8,[WPA2-PSK-CCMP][ESS],9,-84
88:d2:74:86:b6:b0,bayanDSLWIFI_B6B0,[WPA-PSK-CCMP+TKIP][WPA2-PSK-CCMP+TKIP][WPS][ESS],9,-88
14:60:80:99:51:7c,mendoza,[WPA-PSK-CCMP+TKIP][WPA2-PSK-CCMP+TKIP][ESS],13,-88
51502_30232_210454611,Globe,HSPA;ph,0,-87
5c:6a:80:25:f4:99,PLDTMyDSLBiz5G47880,[WPA-PSK-CCMP+TKIP][WPA2-PSK-CCMP+TKIP][ESS],56,-66
00:13:33:fe:e0:9a,PLDTHOMEDSL,[WPA-PSK-CCMP+TKIP][WPA2-PSK-CCMP+TKIP][ESS],11,-84
ee:1d:7f:97:9e:97,,[WPA2-PSK-CCMP][WPS][ESS],13,-74
1a:17:23:00:01:3d,EVOHOTSPOT 23,[ESS],11,-82
9c:6f:52:35:01:16,bayanDSLWIFI_0116,[WPA-PSK-CCMP+TKIP][WPA2-PSK-CCMP+TKIP][WPS][ESS],10,-75
32:14:4a:e2:0f:43,MMDA_MESH160,[IBSS],60,-87
32:14:4a:e2:0f:46,MMDA_MESH60,[IBSS],5580,-87
 
RPi Unique,204
BSSID,SSID,RPi-Encryption,RPi-Channel,RPi Avg RSSI
8c:dc:d4:e0:80:9d,HP-Print-9D-Deskjet 2540 series,WPA2,6,-88
d4:6e:0e:49:d6:86,EstateMgmt,WPA,6,-87
d0:6e:0e:49:d6:86,EMDWiFi2,WPA2,6,-87
ec:43:f6:49:02:10,,WPA,11,-91
ec:43:f6:bb:52:9b,PLDTMyDSLBiz1,WPA2/WPA,11,-91
ea:43:f6:49:02:10,PLDTMYDSLBiz,WPA,11,-91
e6:43:f6:49:02:10,RocketJump4G,WPA,11,-91
c0:21:0d:94:57:1d,WiFiConnect 864,OPN,36,-80
00:13:33:d6:39:fe,PLDTHOMEDSLKJFC,WPA2/WPA,2,-82
74:ea:3a:df:99:36,CIED WiFi,WPA2/WPA,11,-88
38:a2:8c:fb:42:35,WiFiConnect 321,OPN,36,-78
34:0a:6d:10:28:a3,MMBC314,WPA2,7,-74
88:61:5a:16:66:41,Meron_166641,WEP,1,-77
3c:46:d8:25:05:bb,TP-LINK_M7350_2505BB,WPA2/WPA,1,-85
f0:25:b7:11:29:24,AndroidAP2924,WPA2,6,-83
4c:25:78:d0:84:42,D03-yj18q,WPA2,6,-83
cc:79:cf:68:9d:74,WiFiConnect 310,OPN,36,-85
78:44:76:21:7a:cc,CRIO2,WPA2,11,-90
74:a5:28:fd:0c:36,AdventureFreeWi-Fi,WPA2/WPA,11,-82
38:a2:8c:7c:eb:51,Mitsubishi Wireless TV 849,OPN,36,-83
00:13:33:c1:f7:4c,PLDTHOMEDSL,WPA2/WPA,11,-91
a0:8c:fd:98:48:bf,DIRECT-69-HP DeskJet 3630 series,WPA2,6,-88
f0:98:38:9f:fd:28,HUAWEI-yJc8,WPA2/WPA,1,-82
00:23:69:2c:65:2d,ALUGLOBE,WEP,6,-94
00:13:33:e8:fb:10,PLDTHOMEDSL-Profood,WPA2/WPA,11,-91
94:fe:22:b1:95:df,TUCP OFFICE,WPA2/WPA,6,-92
36:69:87:f2:5f:8b,FCMJ,WPA2,6,-91
00:13:33:ea:82:fa,PLDTHOMEDSL,WPA2/WPA,11,-89
1c:af:f7:17:a3:d2,abad,WPA2/WPA,11,-90
00:13:33:f6:c3:47,PLDTHOMEDSLkidlat,WPA2/WPA,11,-91
00:13:33:e5:fb:d6,PLDTHOMEDSL,WPA2/WPA,11,-90
90:61:0c:2e:b3:11,PLDTHOMEDSLchurchill,WPA2/WPA,1,-88
00:13:33:ce:c7:95,PLDTHOMEDSLservants,WPA2/WPA,11,-92
80:29:94:68:33:d5,SKYbroadband33D2,WPA2/WPA,1,-85
08:95:2a:5b:4b:f4,SKYbroadband3003,WPA2/WPA,6,-89
00:26:75:dd:54:cc,Tresmarias,WPA,11,-88
a4:2b:b0:ce:06:51,TP-LINK_0651,WPA2/WPA,6,-88
90:61:0c:31:9a:fc,PLDTHOMEDSLPoodle,WPA2,1,-90
88:d2:74:86:a6:b7,bayanDSLWIFI_A6B7,WPA2/WPA,11,-91
00:13:33:e5:fd:e8,PLDTHOMEDSL,WPA2/WPA,11,-87
50:09:59:83:82:81,"(Alporha and Rodriguez, 2016)",WPA2/WPA,6,-82
18:d6:c7:23:95:10,admin,WPA2/WPA,6,-89
1c:74:0d:17:c9:74,UNITY_SOURCE,WPA2/WPA,11,-93
48:00:33:62:31:0d,SKYbroadband310A,WPA2/WPA,11,-87
88:3f:d3:06:29:6c,DESKARTE,WPA2/WPA,1,-87
18:de:d7:34:79:6c,HUAWEI-kc87,WPA2/WPA,2,-78
20:25:64:cb:84:7e,979384,WPA2/WPA,1,-84
14:b7:f8:0b:41:fb,SKYbroadband41F8,WPA2/WPA,6,-85
00:13:33:e1:c7:ec,,WPA2/WPA,11,-81
e0:8e:3c:18:90:f8,PoohCorner,WPA,11,-90
f8:32:e4:b2:07:70,HOLYFAMILY,WPA2,11,-86
b0:b2:dc:aa:c8:8c,PLDTMyDSLvirus,WPA2/WPA,11,-92
48:00:33:62:3d:01,SKYbroadband3CFE,WPA2/WPA,11,-92
f6:9f:c2:b5:f1:b4,Aralinks_Faculty,WPA2/WPA,11,-86
00:13:33:e1:c7:e9,PLDTHOMEDSL,WPA2/WPA,11,-82
48:00:33:62:8a:79,SKYbroadband8A76,WPA2/WPA,1,-80
3a:1c:23:00:4b:aa,SmartBro-004baa,OPN,1,-78
e0:8e:3c:21:e8:eb,HOLYFAMILY,WPA2/WPA,1,-81
00:13:33:f4:27:ef,PLDTHOMEDSLBILL,WPA2/WPA,1,-83
1c:b7:2c:79:f8:88,AWESOME.RIBS,WPA2,1,-85
cc:06:77:60:2f:88,PLDTHOMEFIBR02f88,WPA2/WPA,1,-88
00:24:01:18:ad:e1,HOLYFAMILY,WPA2/WPA,6,-94
18:a6:f7:76:35:da,TP,WPA2/WPA,10,-85
d2:5b:a8:f8:d5:d9,PadrePio,WPA2/WPA,11,-88
00:26:75:79:72:04,ThePlaceToBe,WPA2,11,-90
cc:06:77:60:54:f8,fibr1,WPA2/WPA,1,-82
86:2a:a8:eb:23:c8,Aralinks_Hub1,WPA2/WPA,1,-86
90:61:0c:33:aa:70,PLDTHOMEDSL43632,WPA2/WPA,11,-88
1e:74:0d:02:42:c0,PLDTMyDSLBiz,WPA2/WPA,1,-87
08:95:2a:89:35:37,SKYbroadbandA450,WPA2/WPA,6,-89
cc:06:77:6e:da:80,PLDTHOMEFIBReda80,WPA2/WPA,6,-84
70:5a:9e:da:57:29,SKYbroadband5726,WPA2/WPA,11,-92
90:61:0c:2d:d3:09,tom&jerry,WPA2,11,-85
90:61:0c:2d:88:5b,Nuat Thai 80 Maginhawa,WPA2,11,-84
e0:8e:3c:1a:88:57,METEORO,WPA2/WPA,1,-86
78:c1:a7:03:9e:ec,Pebble,WPA,1,-74
a0:f3:c1:a4:4d:8a,Elenita,WPA2/WPA,6,-92
8c:34:fd:60:c1:ea,HUAWEI-E5330-C1EA,WPA2,7,-81
14:b7:f8:0b:1c:37,SKYbroadband1C34,WPA2/WPA,1,-75
48:f8:b3:0f:d9:65,MotorGirl,WPA2,1,-83
90:61:0c:39:f2:a4,PLDTHOMEDSL62116,WPA2/WPA,1,-85
c8:93:46:47:ad:f2,Think_47ADF2,WPA2,6,-85
c8:93:46:cc:21:05,Think_CC2105,WPA2/WPA,6,-88
c8:93:46:cc:21:da,Think_CC21DA,WPA2/WPA,6,-91
80:2a:a8:41:e9:d6,Wireless,WPA2,11,-85
c8:93:46:48:70:90,Think_487090,WPA2,11,-89
c8:93:46:48:4c:7f,Think_484C7F,WPA2,11,-85
c8:93:46:48:60:c6,Think_4860C6,WPA2,10,-84
cc:06:77:5c:bd:58,OSPLDT2_4G,WPA2/WPA,1,-79
36:69:87:a1:89:8f,NATOR 1O,WPA2/WPA,1,-80
cc:06:77:5c:bd:59,OS Dong,WPA2,1,-78
5c:6a:80:a3:6f:37,UNDER THE SEA,WPA2/WPA,7,-84
0e:41:58:01:1d:a3,5GB/s-3,WPA2,11,-92
a4:2b:b0:d9:10:26,,WPA2/WPA,11,-86
14:ab:f0:4d:9d:80,ARRIS-9D82,WPA2,6,-90
0c:f4:d5:15:99:28,#SmartWifi @StrEATMag,OPN,11,-79
00:13:33:e1:63:df,PLDTHOMEDSL,WPA2/WPA,11,-83
00:13:33:df:9b:b8,PLDTHOMEDSL,WPA2/WPA,11,-81
84:1b:5e:76:29:70,Munays,WPA2/WPA,11,-91
2c:26:c5:1e:b3:c4,bayanDSL,WPA,11,-85
a4:2b:b0:c1:4e:b5,SKYbroadband7B2C_EXT,WPA2/WPA,11,-87
14:ab:f0:4c:c1:b0,,WPA2,6,-87
00:13:33:ea:7b:20,PLDTHOMEDSLadmin,WPA2/WPA,5,-78
94:46:96:17:00:3d,PLDTHOMEDSL7M7R0,WPA2/WPA,5,-72
38:46:08:f3:47:24,bayanDSL,WPA,11,-81
e0:8e:3c:19:9c:bb,Aztech5068_99CBB,WPA,11,-81
00:21:29:9d:a8:2f,SpanishCoins,WPA2,11,-87
4c:81:20:f3:97:9b,PNRBRUDU,WPA2/WPA,11,-88
48:00:33:a7:e7:a1,SKYbroadbandE79E,WPA2/WPA,1,-81
ee:1d:7f:a1:32:b7,DANNAH,WPA2/WPA,1,-86
44:6e:e5:5b:48:82,VIRUS,WPA2,6,-90
00:90:a9:10:93:eb,CalataganPot,WPA2,11,-85
90:61:0c:11:8d:26,PLDTMyDSL,WPA2/WPA,11,-85
50:04:b8:8f:95:f9,LuckyAlmera,WPA2,6,-85
1a:4f:32:45:96:6b,DIRECT-Jx-BRAVIA,WPA2,1,-83
74:cc:39:bb:51:60,PLDTHOMEFIBRb5160,WPA2/WPA,11,-85
08:10:74:61:0e:4a,daddy_shiony,WPA2/WPA,11,-78
74:cc:39:ba:cd:f0,,WPA2/WPA,1,-83
00:18:4d:95:5d:b0,MRS,WPA,11,-84
00:13:33:e1:c9:15,PLDTHOMEDSL,WPA2/WPA,11,-84
00:13:33:c0:57:33,PLDTHOMEDSL,WPA2/WPA,11,-82
e0:8e:3c:21:45:ff,bayanDSLWIFI_45FF,WPA2/WPA,11,-79
88:d2:74:86:c0:a5,NAIL TREATS HAND and FOOTS SPA,WPA2/WPA,1,-85
0e:41:58:00:9f:ef,Wireless-N ext 1,WPA,6,-92
00:13:33:dc:c2:92,PLDTHOMEDSLLVMANN,WPA2/WPA,11,-93
84:16:f9:ed:7d:f4,flyff for fun,WPA2/WPA,1,-88
90:61:0c:2c:e1:7d,PLDTHOMEDSL57725,WPA2/WPA,1,-86
84:c9:b2:52:16:e9,A4 Site,WPA2/WPA,6,-94
00:13:33:e1:9b:5c,PLDTHOMEDSL,WPA2/WPA,11,-91
00:13:33:fb:45:39,PLDTHOMEDSL,WPA2/WPA,1,-88
28:ff:3e:3d:de:c0,chase,WPA2/WPA,1,-85
00:13:33:c6:d0:da,PLDTHOMEDSL,WPA2/WPA,11,-82
90:61:0c:2e:02:f3,PLDTHOMEDSL00755,WPA2/WPA,11,-87
90:61:0c:2e:02:f4,,WPA2/WPA,11,-86
9c:6f:52:35:10:66,Aji 3,WPA2/WPA,11,-81
90:61:0c:3a:34:15,Friends,WPA2/WPA,6,-85
18:a6:f7:8e:ef:ac,PSCSEND-Conference,WPA2/WPA,1,-80
e0:8e:3c:1f:e9:c3,PSCSEND-Office,WPA2/WPA,1,-81
00:26:75:f4:b3:f1,AUCTUSNEW2,WPA2,6,-90
e4:77:23:a5:9a:84,RMotel Bayan,WPA2/WPA,1,-86
e0:8e:3c:22:1c:23,bayanDSLWIFI_1C23,WPA2/WPA,1,-86
00:13:33:f4:2a:f7,,WPA2/WPA,6,-78
00:13:33:e8:f4:df,PLDTHOMEDSLTRIDENTWOOD,WPA2/WPA,11,-91
28:ff:3e:3d:de:9d,bayanDSLWIFI_DE9D,WPA2/WPA,1,-88
d0:22:be:21:f6:8d,beyond ulysses,WPA2,6,-86
00:13:33:fe:e4:aa,PLDTHOMEDSL,WPA2/WPA,11,-86
90:61:0c:41:05:05,PLDTHOMEDSL01285,WPA2/WPA,11,-91
00:e0:20:60:71:69,Estivlings_Ext1,WPA2,1,-88
00:13:33:ed:62:7d,PLDTHOMEDSL,WPA2/WPA,1,-87
94:46:96:1e:9b:87,PLDTHOMEDSLW3WH0,WPA2/WPA,1,-78
34:ba:9a:56:31:88,Farnsworth,WPA2,7,-88
00:13:33:e1:98:5f,PLDTHOMEDSLsanji,WPA2/WPA,11,-83
c0:56:27:31:25:49,Saturn,WPA2,11,-89
e0:8e:3c:20:17:8f,bayanDSLWIFI_178F,WPA2/WPA,1,-88
e0:8e:3c:1a:f6:63,bayanDSLWIFI_F663,WPA2/WPA,1,-80
40:b0:34:dd:f7:c4,DIRECT-C3-HP DeskJet 4670 series,WPA2,6,-87
88:d2:74:86:b6:5a,BirthdayMoBa?,WPA2/WPA,5,-62
34:ce:00:1a:56:cd,Northern House_plus,WPA2/WPA,11,-87
60:31:97:33:82:60,Saturn_Boss,WPA2/WPA,7,-79
08:17:23:00:04:77,EVOHOTSPOT 5,OPN,6,-69
bc:76:5e:58:51:c5,Samsung tab,WPA2,6,-87
e8:94:f6:e1:ba:30,Extension,WPA2,5,-84
94:fe:22:b1:b6:14,WEST PHILIPPINE SEA,WPA2/WPA,5,-78
34:ba:9a:56:04:e1,Smart_Bro_5604E1,WPA2,6,-90
e0:8e:3c:2f:45:a5,Esmula,WPA2/WPA,11,-90
94:46:96:1f:01:3f,EVOLUTION-5--,WPA2/WPA,10,-71
c0:7e:40:7a:8a:01,PT&T Fiber,WPA2/WPA,11,-89
90:61:0c:19:b5:a9,,WPA2/WPA,11,-78
00:13:33:f2:83:f7,PLDTHOMEDSLPrivate,WPA2/WPA,6,-82
90:61:0c:3a:33:db,PLDTHOMEDSL13275,WPA2/WPA,1,-82
74:cc:39:bc:bc:a3,EDONG-EVOLUTION,OPN,10,-86
74:cc:39:bc:bc:a0,EDONG-EVOLUTION,OPN,10,-86
74:cc:39:bc:bc:a1,EDONG-EVOLUTION,OPN,10,-84
5c:6a:80:25:f4:98,PLDTMYDSL,WPA2/WPA,6,-80
94:a7:b7:3c:ee:9b,Virus,WPA2/WPA,11,-83
fc:8b:97:38:ea:bf,,WPA2/WPA,11,-83
fc:8b:97:38:ea:bb,PLDTMyDSL,WPA2,11,-78
e0:8e:3c:1a:cf:43,bayanDSLWIFI_CF43,WPA2/WPA,1,-83
6c:3b:6b:4c:3f:d9,pgp personal,WPA2,1,-77
e6:8d:8c:55:5e:73,Panthera Hotspot,OPN,1,-75
e0:8e:3c:1a:ca:2f,bayanDSLWIFI_CA2F,WPA2/WPA,1,-85
06:d6:aa:57:47:00,Voodoo,WPA2,6,-91
c0:7e:40:73:1f:e4,PT&T Fiber,WPA2/WPA,11,-81
e0:8e:3c:1b:3f:5f,bayanDSLWIFI_3F5F,WPA2/WPA,11,-70
1a:17:23:00:04:3f,EVOHOTSPOT 11,OPN,6,-83
08:17:23:00:04:3f,EVOHOTSPOT 9,OPN,6,-87
94:46:96:1e:f0:46,PLDTHOMEDSLJ4J90,WPA2/WPA,7,-83
08:17:23:00:04:39,EVOHOTSPOT 13,OPN,11,-86
2a:17:23:00:04:39,EVOHOTSPOT 16,OPN,11,-83
0c:96:bf:79:42:87,Broadband@work,WPA2/WPA,11,-89
90:61:0c:36:0c:7d,PLDTHOMEDSL03197,WPA2/WPA,11,-87
0a:17:23:00:04:39,EVOHOTSPOT 14,OPN,11,-87
bc:96:80:dc:cc:36,PLDTMyDSL,WPA2/WPA,11,-89
1a:17:23:00:01:4d,EVOHOTSPOT 35,OPN,1,-76
08:17:23:00:01:4d,EVOHOTSPOT 33,OPN,1,-79
6c:19:8f:0c:ff:9e,autotrade.com.ph,WPA2/WPA,5,-89
60:83:34:cb:8d:ff,HUAWEI-8DFF,WPA2,5,-69
0a:17:23:00:02:85,EVOHOTSPOT 30,OPN,6,-85
1a:17:23:00:02:85,EVOHOTSPOT 31,OPN,6,-91
28:ff:3e:3d:ea:e6,bayanDSLWIFI_EAE6,WPA2/WPA,10,-80
c0:7e:40:73:21:48,PT&T Fiber,WPA2/WPA,11,-88
8c:eb:c6:ee:8d:e2,SODOPtradinginc,WPA2/WPA,10,-89
e0:8e:3c:1a:da:b3,Kapitbahay,WPA2/WPA,1,-89
94:46:96:19:6c:10,PLDTHOMEDSL_CRES,WPA2/WPA,4,-73
