Common,1
BSSID,SSID,Wigle-Encryption,Site-Encryption,Last Update
24:a4:3c:78:c6:4c,Annex2,[WPA2-PSK-CCMP][ESS],unknown,"2016-05-05, 06:00:00 PM"
 
Wigle Unique,274
BSSID,SSID,Wigle-Encryption,Wigle-Channel
d0:04:92:03:04:88,PLDTHOMEFIBRQuantum,[WPA-PSK-CCMP+TKIP][WPA2-PSK-CCMP+TKIP][ESS],9
5a:8b:f3:9c:cd:d8,PLDTOFFICE,[WPA-PSK-TKIP][WPS][ESS],7
5a:8b:f3:9c:cd:e0,AF Holy Spirit,[WPA-PSK-CCMP+TKIP][WPS][ESS],4
60:31:97:dd:09:bc,Wolfe_Company,[WPA-PSK-CCMP+TKIP][WPA2-PSK-CCMP+TKIP][ESS],12
06:d6:aa:9e:e9:5a,AndroidAP,[WPA2-PSK-CCMP][ESS],6
b0:b9:8a:46:9b:8c,NETGEAR00,[WPA2-PSK-CCMP][WPS][ESS],4
3e:36:bb:9d:da:53,Bernadette Chantle?s iPhone,[WPA2-PSK-CCMP][ESS],1
fc:8b:97:38:fc:db,PLDTMyDSL_therockh,[WPA2-PSK-CCMP][WPS][ESS],11
c0:c1:c0:e7:d4:69,The Frame,[WPA-PSK-CCMP+TKIP][WPA2-PSK-CCMP+TKIP][ESS],1
e0:a3:ac:4f:a2:5c,1,[WPA2-PSK-CCMP][ESS],1
24:1f:a0:79:0d:18,B315_90D18,[WPA-PSK-CCMP][WPA2-PSK-CCMP][ESS],5
88:3f:d3:05:d5:c0,AnytimeFitnessMembers,[WPA-PSK-CCMP+TKIP][WPA2-PSK-CCMP+TKIP][ESS],7
98:e7:f5:90:21:92,davebb,[WPA-PSK-CCMP+TKIP][WPA2-PSK-CCMP+TKIP][WPS][ESS],9
32:cd:a7:38:42:0f,DIRECT-8aM2020 Series,[WPA2-PSK-CCMP][WPS-AUTH][ESS][P2P],11
c0:c1:c0:e7:d4:6a,The Frame-guest,[ESS],1
c8:60:00:e4:70:cc,wcnet,[WPA-PSK-CCMP+TKIP][WPA2-PSK-CCMP+TKIP][ESS],1
51502_30229_210031200,Globe,HSPA;ph,0
24:a4:3c:74:4f:e1,HolySpirit3,[WPA2-PSK-CCMP][ESS],136
f0:9f:c2:9c:45:4e,BHSQC-PA2,[WPA2-PSK-CCMP][ESS],36
00:13:33:cc:2f:03,PLDTHOMEDSLMPBAC1214,[WPA-PSK-CCMP+TKIP][WPA2-PSK-CCMP+TKIP][ESS],11
d4:6e:0e:49:c1:cc,TP-LINK_C1CC,[WPA2-PSK-CCMP][WPS][ESS],2
90:61:0c:1f:5c:75,PLDTHOMEDSL,[WPA-PSK-CCMP+TKIP][WPA2-PSK-CCMP+TKIP][WPS][ESS],11
66:a5:c3:8f:96:49,Myke?s iPhone,[WPA2-PSK-CCMP][ESS],1
e4:6f:13:64:45:5c,Omakase DA,[WPA-PSK-CCMP+TKIP][WPA2-PSK-CCMP+TKIP][WPS][ESS],9
00:13:33:ff:73:4d,PLDTHOMEDSLNailCocktales,[WPA-PSK-CCMP+TKIP][WPA2-PSK-CCMP+TKIP][ESS],1
f0:98:38:3d:90:80,HUAWEI-rvf2,[WPA-PSK-CCMP+TKIP][WPA2-PSK-CCMP+TKIP][ESS],6
94:46:96:0f:83:6c,PLDTHOMEDSL,[WPA-PSK-CCMP+TKIP][WPA2-PSK-CCMP+TKIP][ESS],11
00:13:33:ea:58:2a,PLDTHOMEDSL,[WPA-PSK-CCMP+TKIP][WPA2-PSK-CCMP+TKIP][ESS],11
cc:06:77:76:52:64,PLDTHOMEFIBR5G65260,[WPA-PSK-TKIP][WPA2-PSK-CCMP][ESS],44
10:7b:44:ca:85:40,Hermes,[WPA2-PSK-CCMP][WPS][ESS],6
cc:06:77:76:52:60,PLDTHOMEFIBR65260,[WPA-PSK-TKIP][WPA2-PSK-CCMP][ESS],8
5c:54:6d:43:f1:b8,RGAMILLA,[WPA-PSK-CCMP+TKIP][WPA2-PSK-CCMP+TKIP][ESS],1
51502_30229_209979518,Globe,HSPA;ph,0
9c:3d:cf:1a:c7:37,NETGEAR32-5G,[WPA2-PSK-CCMP][WPS][ESS],153
0c:54:a5:15:7b:6b,481534,[WPA-PSK-CCMP+TKIP][WPA2-PSK-CCMP+TKIP][WPS][ESS],1
cc:a2:23:a1:18:f0,modnails,[WPA-PSK-CCMP+TKIP][WPA2-PSK-CCMP+TKIP][ESS],1
cc:06:77:76:5e:c4,modnails,[WPA-PSK-TKIP][WPA2-PSK-CCMP][ESS],36
b4:75:0e:f9:5d:7b,Linksys01468_5GHz,[WPA2-PSK-CCMP][WPS][ESS],40
10:7b:44:ca:60:48,Hermes,[WPA2-PSK-CCMP][WPS][ESS],6
88:3f:d3:05:d3:5c,HUAWEI-W8KB,[WPA-PSK-CCMP+TKIP][WPA2-PSK-CCMP+TKIP][ESS],11
10:7b:44:ca:85:44,Hermes,[WPA2-PSK-CCMP][WPS][ESS],40
cc:06:77:76:5e:c0,modnails,[WPA-PSK-TKIP][WPA2-PSK-CCMP][ESS],1
9c:3d:cf:1a:c7:38,NETGEAR32,[WPA2-PSK-CCMP][WPS][ESS],13
10:7b:44:ca:7f:90,Hermes,[WPA2-PSK-CCMP][WPS][ESS],6
20:aa:4b:5e:37:0b,LittleZebra,[WPA-PSK-TKIP][WPA2-PSK-CCMP][WPS][ESS],4
26:aa:4b:5e:37:0b,LittleZebra-guest,[ESS],4
10:7b:44:44:64:e0,FlashRouter24,[WPA2-PSK-CCMP][ESS],1
3c:1e:04:0d:98:4a,Mojo,[WPA-PSK-CCMP+TKIP][WPA2-PSK-CCMP+TKIP][WPS][ESS],9
f0:98:38:a0:20:38,NBI Surveillance,[WPA-PSK-CCMP+TKIP][WPA2-PSK-CCMP+TKIP][ESS],11
b4:75:0e:f9:5d:7a,happycow,[WPA2-PSK-CCMP][WPS][ESS],1
b6:75:0e:f9:5d:7c,happycow-guest,[ESS],1
51502_30229_210040831,Globe,HSPA;ph,0
e0:8e:3c:0b:5d:82,Aztech 01,[WPA2-PSK-CCMP][WPS][ESS],6
cc:06:77:6f:f1:08,Segunial,[WPA-PSK-TKIP][WPA2-PSK-CCMP][ESS],5
90:61:0c:2e:bf:c8,PLDTHOMEDSL49096,[WPA-PSK-CCMP+TKIP][WPA2-PSK-CCMP+TKIP][WPS][ESS],1
f0:98:38:f9:0a:74,mjcortes,[WPA-PSK-CCMP+TKIP][WPA2-PSK-CCMP+TKIP][ESS],1
fc:b4:e6:a9:28:e5,A&K Home,[WPA-PSK-CCMP+TKIP][WPA2-PSK-CCMP+TKIP][WPS][ESS],11
00:16:b6:ed:3d:58,linksys,[ESS],6
cc:06:77:6f:f1:0c,Segunial5g,[WPA-PSK-TKIP][WPA2-PSK-CCMP][ESS],36
e8:40:f2:da:bf:7e,c86964,[WPA-PSK-TKIP][WPS][ESS],1
7a:40:4e:9d:99:5b,Sheena Martinez,[WPA2-PSK-CCMP][ESS],11
90:61:0c:3e:af:30,PLDTHOMEDSL44848,[WPA-PSK-CCMP+TKIP][WPA2-PSK-CCMP+TKIP][ESS],1
84:16:f9:ec:1c:b4,EZ office 2,[WPA-PSK-CCMP+TKIP][WPA2-PSK-CCMP+TKIP][ESS],2
2c:dd:95:f4:06:0a,PLDTHOMEDSL4060A,[WPA-PSK-CCMP+TKIP][WPA2-PSK-CCMP+TKIP][WPS][ESS],6
f0:98:38:f9:56:4c,HUAWEI-QhMs,[WPA-PSK-CCMP+TKIP][WPA2-PSK-CCMP+TKIP][ESS],2
90:61:0c:2e:40:3a,PLDTHOMEDSL16442,[WPA-PSK-CCMP+TKIP][WPA2-PSK-CCMP+TKIP][WPS][ESS],1
cc:06:77:22:87:50,Mendoza,[WPA-PSK-TKIP][WPA2-PSK-CCMP][WPS][ESS],5
94:46:96:16:90:03,PLDTHOMEDSLGRGM0,[WPA-PSK-CCMP+TKIP][WPA2-PSK-CCMP+TKIP][ESS],2
f0:98:38:a0:16:0c,IKOT,[WPA-PSK-CCMP+TKIP][WPA2-PSK-CCMP+TKIP][ESS],6
94:46:96:16:f9:5d,PLDTHOMEDSLZFZF0,[WPA-PSK-CCMP+TKIP][WPA2-PSK-CCMP+TKIP][ESS],5
bc:96:80:d9:a2:7e,PLDTMyDSL,[WPA-PSK-CCMP+TKIP][WPA2-PSK-CCMP+TKIP][WPS][ESS],11
7c:8b:ca:31:36:36,KUYA GLEN WIFI-HOTSPOT,[ESS],2
cc:06:77:b5:6b:8c,VALDERRAMA_5G,[WPA-PSK-TKIP][WPA2-PSK-CCMP][ESS],36
c0:56:27:84:57:ad,ac9ad6,[WPA2-PSK-CCMP][WPS][ESS],11
cc:06:77:6f:c5:2c,DoNotUse FIBR_Sulit5G,[WPA-PSK-TKIP][WPA2-PSK-CCMP][ESS],36
cc:06:77:6f:c5:28,Use FIBR_Sulit2.4G,[WPA-PSK-TKIP][WPA2-PSK-CCMP][ESS],11
cc:06:77:75:8d:64,PLDTHOMEFIBR5G58d60,[WPA-PSK-TKIP][WPA2-PSK-CCMP][ESS],36
00:1a:ef:46:d5:67,montsrous101,[WPA-PSK-CCMP][ESS],1
d8:5d:4c:9f:64:e0,TP-LINK_9F64E0,[WPA-PSK-CCMP+TKIP][WPA2-PSK-CCMP+TKIP][WPS][ESS],1
2c:4d:54:e7:87:c1,MOMARCO_WiFi,[WPA2-PSK-CCMP][ESS],2
2c:4d:54:e7:87:c0,Adrian's_WiFi,[WPA2-PSK-CCMP][WPS][ESS],2
90:61:0c:2e:95:a5,PLDTHOMEDSL38309,[WPA-PSK-CCMP+TKIP][WPA2-PSK-CCMP+TKIP][WPS][ESS],1
f0:98:38:07:6c:d8,HYPRTONIC,[WPA-PSK-CCMP+TKIP][WPA2-PSK-CCMP+TKIP][ESS],11
90:f6:52:df:2f:59,MONTSTER101,[WPA-?][WPA2-?][ESS],1
88:3f:d3:2c:53:c8,SY FAMILY,[WPA-PSK-CCMP+TKIP][WPA2-PSK-CCMP+TKIP][ESS],3
94:46:96:14:b6:d1,PLDTHOMEDSLT6TB0,[WPA-PSK-CCMP+TKIP][WPA2-PSK-CCMP+TKIP][ESS],2
cc:06:77:75:8d:60,PLDTHOMEFIBR58d60,[WPA-PSK-TKIP][WPA2-PSK-CCMP][ESS],1
14:ab:f0:4c:cb:10,ARRIS-CB12,[WPA2-PSK-CCMP][WPS][ESS],11
cc:06:77:5b:96:ac,Pugad Baboy,[WPA-PSK-TKIP][WPA2-PSK-CCMP][ESS],36
cc:06:77:5b:96:a8,H&M,[WPA-PSK-TKIP][WPA2-PSK-CCMP][ESS],8
00:13:33:ea:e1:19,PLDTHOMEDSL,[WPA-PSK-CCMP+TKIP][WPA2-PSK-CCMP+TKIP][ESS],11
00:13:33:ff:72:80,PLDTHOMEDSLDAVID,[WPA-PSK-CCMP+TKIP][WPA2-PSK-CCMP+TKIP][ESS],2
00:13:33:ff:72:84,,[WPA-PSK-CCMP+TKIP][WPA2-PSK-CCMP+TKIP][ESS],2
00:13:33:ed:3f:82,PLDTHOMEDSLAganon,[WPA-PSK-CCMP+TKIP][WPA2-PSK-CCMP+TKIP][ESS],2
60:02:92:3d:f9:8f,a8d3c4,[WPA-PSK-CCMP+TKIP][WPA2-PSK-CCMP+TKIP][WPS][ESS],6
84:16:f9:78:ca:3c,TP-LINK_WA855RE,[WPA2-PSK-CCMP+TKIP][WPS][ESS],11
bc:96:80:d9:83:8e,PLDTMyDSL,[WPA2-PSK-CCMP][WPS][ESS],11
51502_30229_210018752,Globe,HSPA;ph,0
90:61:0c:3a:81:21,Bayad muna bago connect,[WPA-PSK-CCMP+TKIP][WPA2-PSK-CCMP+TKIP][ESS],1
90:61:0c:3a:47:39,PLDTHOMEDSL18233,[WPA-PSK-CCMP+TKIP][WPA2-PSK-CCMP+TKIP][ESS],11
f4:9e:ef:d1:1e:d0,PLDTHOMEDSLMIRALLES,[WPA2-PSK-CCMP][WPS][ESS],11
c4:e9:84:66:f9:36,PLDTHOMEDSL,[WPA2-PSK-CCMP][WPS][ESS],2
88:d2:74:a9:8c:20,ZTEH108N_98C20,[WPA-PSK-CCMP+TKIP][WPS][ESS],1
24:a4:3c:78:cc:0f,Annex3,[WPA2-PSK-CCMP][ESS],40
e0:8e:3c:2e:7e:21,Aztech5068_E7E21,[WPA-PSK-CCMP+TKIP][ESS],1
f0:98:38:f9:18:34,HappyHome,[WPA-PSK-CCMP+TKIP][WPA2-PSK-CCMP+TKIP][ESS],4
00:13:33:f6:1c:4e,PLDTHOMEDSL_BOY3T,[WPA-PSK-CCMP+TKIP][WPA2-PSK-CCMP+TKIP][ESS],1
90:61:0c:35:ee:8f,PLDTHOMEDSL_Yeoboseyo,[WPA-PSK-CCMP+TKIP][WPA2-PSK-CCMP+TKIP][WPS][ESS],11
00:13:33:f4:e9:05,PLDTHOMEDSL,[WPA-PSK-CCMP+TKIP][WPA2-PSK-CCMP+TKIP][ESS],9
00:13:33:dd:f2:f5,connect_ka,[WPA-PSK-CCMP+TKIP][WPA2-PSK-CCMP+TKIP][ESS],11
70:9f:2d:a0:16:6c,,[WPA-PSK-CCMP+TKIP][WPA2-PSK-CCMP+TKIP][WPS][ESS],10
76:4a:a4:cd:f2:9d,Smart Bro_CDF29D,[WPA-PSK-CCMP+TKIP][WPA2-PSK-CCMP+TKIP][WPS][ESS],10
1c:74:0d:16:63:78,PLDTHOMEDSLnapier,[WPA-PSK-CCMP+TKIP][WPA2-PSK-CCMP+TKIP][ESS],4
90:61:0c:35:4c:00,haideelhynnford,[WPA-PSK-CCMP+TKIP][WPA2-PSK-CCMP+TKIP][WPS][ESS],1
00:13:33:dd:f2:f4,,[WPA-PSK-CCMP+TKIP][WPA2-PSK-CCMP+TKIP][ESS],11
94:46:96:16:d4:0f,MaveeWifi,[WPA-PSK-CCMP+TKIP][WPA2-PSK-CCMP+TKIP][ESS],1
08:86:3b:e2:8b:0e,connectkaboi,[WPA2-PSK-CCMP][WPS][ESS],6
94:a7:b7:26:60:bd,bayanDSLWIFI_60BD,[WPA-PSK-CCMP+TKIP][WPA2-PSK-CCMP+TKIP][WPS][ESS],3
90:61:0c:35:bb:f0,PLDTHOMEDSLWALANGLIBRE,[WPA-PSK-CCMP+TKIP][WPA2-PSK-CCMP+TKIP][WPS][ESS],1
38:d4:0b:03:8a:d9,S8 edge plus,[WPA2-PSK-CCMP][ESS],6
00:13:33:e7:bf:1b,PLDTHOMEDSL,[WPA-PSK-CCMP+TKIP][WPA2-PSK-CCMP+TKIP][ESS],11
9c:6f:52:19:a3:93,ZTEH108N_9A393,[WPA-PSK-CCMP+TKIP][WPS][ESS],10
94:46:96:1d:32:dd,PLDTHOMEDSLMQMQ0,[WPA-PSK-CCMP+TKIP][WPA2-PSK-CCMP+TKIP][ESS],5
9c:6f:52:35:1b:c7,Waki Center,[WPA-PSK-CCMP+TKIP][WPA2-PSK-CCMP+TKIP][WPS][ESS],1
e4:77:23:a5:f9:80,Theo & Joaquin,[WPA-PSK-CCMP+TKIP][WPA2-PSK-CCMP+TKIP][ESS],2
1c:dd:ea:e2:63:51,BESO-aGVpZHM,[ESS],6
00:13:33:f5:8f:27,PLDTHOMEDSL,[WPA-PSK-CCMP+TKIP][WPA2-PSK-CCMP+TKIP][ESS],9
f4:9e:ef:d1:22:9c,PLDTHOMEDSLMarkz,[WPA2-PSK-CCMP][WPS][ESS],5
94:46:96:1d:02:d6,PLDTHOMEDSLSFSK0,[WPA-PSK-CCMP+TKIP][WPA2-PSK-CCMP+TKIP][ESS],5
00:13:33:f7:a0:d2,PLDTHOMEDSL-angelica,[WPA-PSK-CCMP+TKIP][WPA2-PSK-CCMP+TKIP][ESS],1
00:13:33:e3:64:82,PLDTHOMEDSL,[WPA-PSK-CCMP+TKIP][WPA2-PSK-CCMP+TKIP][ESS],11
90:61:0c:17:e5:c3,,[WPA-PSK-CCMP+TKIP][WPA2-PSK-CCMP+TKIP][ESS],11
90:61:0c:17:e5:c4,PPIQC,[WPA-PSK-CCMP+TKIP][WPA2-PSK-CCMP+TKIP][ESS],11
00:13:33:f9:ee:5f,PLDTHOMEDSL,[WPA-PSK-CCMP+TKIP][WPA2-PSK-CCMP+TKIP][ESS],11
34:ba:9a:54:8c:ec,MICAYA,[WPA2-PSK-CCMP][WPS][ESS],9
88:3f:d3:06:8d:18,chikichikii ,[WPA-PSK-CCMP+TKIP][WPA2-PSK-CCMP+TKIP][ESS],5
f8:df:a8:78:39:ae,GLOBE_7839AE,[WPA-PSK-CCMP][WPA2-PSK-CCMP][ESS],2
90:61:0c:3a:81:20,kasmot,[WPA-PSK-CCMP+TKIP][WPA2-PSK-CCMP+TKIP][ESS],1
00:13:33:f6:8e:5e,PLDTHOMEDSLFairyTail,[WPA-PSK-CCMP+TKIP][WPA2-PSK-CCMP+TKIP][ESS],1
1c:74:0d:17:86:34,PLDTHOMEDSL63VRU,[WPA-PSK-CCMP+TKIP][WPA2-PSK-CCMP+TKIP][ESS],10
34:6b:d3:b1:0a:2f,Connect4G,[WPA-PSK-CCMP+TKIP][WPA2-PSK-CCMP+TKIP][ESS],7
e8:94:f6:42:c4:54,TP-LINK_42C454,[WPA2-PSK-CCMP][WPS][ESS],4
d0:65:ca:20:00:9f,HUAWEI-009F,[WPA2-PSK-CCMP][ESS],5
42:53:49:86:58:7b,Connectify-me,[WPA2-PSK-CCMP][ESS],11
90:61:0c:2e:42:a2,PLDTHOMEDSL17058,[WPA-PSK-CCMP+TKIP][WPA2-PSK-CCMP+TKIP][WPS][ESS],1
90:61:0c:35:cd:53,TUERCA,[WPA-PSK-CCMP+TKIP][WPA2-PSK-CCMP+TKIP][WPS][ESS],11
00:1e:c8:a0:5f:c2,NielLyn,[WPA2-PSK-CCMP][ESS],6
94:46:96:18:a2:2b,Saaminlangtoh,[WPA-PSK-CCMP+TKIP][WPA2-PSK-CCMP+TKIP][ESS],10
88:3f:d3:05:de:ec,Thranduil,[WPA-PSK-CCMP+TKIP][WPA2-PSK-CCMP+TKIP][ESS],3
bc:3f:8f:d1:ce:9c,superkalan,[WPA-PSK-CCMP+TKIP][WPA2-PSK-CCMP+TKIP][ESS],5
1e:1e:e3:00:0a:ba,DIRECT-Cj,[WPA2-PSK-CCMP][WPS][ESS],6
94:46:96:1d:87:d8,2pac,[WPA-PSK-CCMP+TKIP][WPA2-PSK-CCMP+TKIP][ESS],11
90:61:0c:35:4a:77,PLDTHOMEDSL19063,[WPA-PSK-CCMP+TKIP][WPA2-PSK-CCMP+TKIP][WPS][ESS],11
90:61:0c:3a:48:73,PLDTHOMEDSL18547,[WPA-PSK-CCMP+TKIP][WPA2-PSK-CCMP+TKIP][ESS],1
e0:8e:3c:16:80:25,virus,[WPA-PSK-CCMP+TKIP][WPA2-PSK-CCMP+TKIP][ESS],1
90:61:0c:3a:b1:2e,PLDTHOMEDSL45358,[WPA-PSK-CCMP+TKIP][WPA2-PSK-CCMP+TKIP][ESS],11
1c:74:0d:1a:af:88,PLDTHOMEDSL38PYE,[WPA-PSK-CCMP+TKIP][WPA2-PSK-CCMP+TKIP][ESS],7
00:13:33:db:08:e4,PLDTHOMEDSLDefault,[WPA-PSK-TKIP][ESS],2
94:46:96:1f:ef:91,SOPHIA2018,[WPA-PSK-CCMP+TKIP][WPA2-PSK-CCMP+TKIP][ESS],11
9c:6f:52:1d:24:9f,ZTEH108N_D249F,[WPA-PSK-CCMP+TKIP][WPS][ESS],2
00:1f:fb:ba:84:57,HomeBro_ULTERA,[WPA2-PSK-CCMP][WPS][ESS],1
8c:34:fd:41:07:7d,HUAWEI-E5330-077D,[WPA2-PSK-CCMP][ESS],11
58:6d:8f:6d:f7:cc,CiscoD2521,[WPA-PSK-CCMP+TKIP][WPA2-PSK-CCMP+TKIP][WPS][ESS],6
00:26:75:f7:0d:74,virus,[WPA-PSK-CCMP+TKIP][ESS],1
c4:86:e9:ac:47:b8,Kjopzcarwash,[WPA-PSK-CCMP+TKIP][WPA2-PSK-CCMP+TKIP][ESS],1
d8:d8:66:00:b2:c7,Maricel,[WPA2-PSK-CCMP][WPS][ESS],2
b8:ec:a3:44:9e:ef,PLDTWIFIMANGSIMON,[WPA-PSK-CCMP+TKIP][WPA2-PSK-CCMP+TKIP][ESS],13
34:ba:9a:57:54:f9,nightmare ,[WPA2-PSK-CCMP][WPS][ESS],8
00:13:33:fc:e8:8a,PLDTHOMEDSL,[WPA-PSK-CCMP+TKIP][WPA2-PSK-CCMP+TKIP][ESS],2
f0:98:38:a0:12:24,HUAWEI-2sbr,[WPA-PSK-CCMP+TKIP][WPA2-PSK-CCMP+TKIP][ESS],3
86:be:52:de:f0:df,Hide yo wifi,[WPA2-PSK-CCMP][WPS][ESS],11
0c:bd:51:2c:a7:95,Smart Bro_A795,[WPA-PSK-CCMP][WPS][ESS],3
e4:18:6b:c2:8d:54,MIGO,[WPA-PSK-CCMP+TKIP][WPA2-PSK-CCMP+TKIP][ESS],6
78:c1:a7:05:4f:28,nathanstore,[WPA-PSK-CCMP+TKIP][ESS],5
78:c1:a7:02:bd:58,ZTEH108N_2BD58,[WPA-PSK-CCMP+TKIP][ESS],11
a0:f8:49:ee:88:e0,REGION IV-A,[WPA2-PSK-CCMP][ESS],6
a0:f8:49:ee:88:ef,REGION IV-A,[WPA2-PSK-CCMP][ESS],36
a0:f8:49:ee:9e:cd,COA Exclusive,[WPA2-PSK-CCMP][ESS],36
88:3f:d3:06:0e:20,hula,[WPA-PSK-CCMP+TKIP][WPA2-PSK-CCMP+TKIP][ESS],11
51502_20212_53098,Globe,EDGE;ph,0
00:26:75:ea:cb:14,gppcoa,[WPA-PSK-CCMP+TKIP][ESS],11
aa:a6:68:80:aa:70,Ang Smart mo Bro,[WPA-PSK-CCMP+TKIP][WPA2-PSK-CCMP+TKIP][WPS][ESS],1
f0:98:38:a0:1c:08,dckyle,[WPA-PSK-CCMP+TKIP][WPA2-PSK-CCMP+TKIP][ESS],11
34:ba:9a:54:9b:5a,Smart_Bro_549B5A,[WPA2-PSK-CCMP][WPS][ESS],7
88:3f:d3:06:83:bc,parllyn,[WPA-PSK-CCMP+TKIP][WPA2-PSK-CCMP+TKIP][ESS],4
00:26:75:d4:57:08,MOAOPT1,[WPA-PSK-CCMP+TKIP][ESS],4
90:61:0c:1d:0b:56,COA_SYATOY,[WPA2-PSK-CCMP][WPS][ESS],11
94:46:96:19:53:79,PLDTHOMEDSLMWM00,[WPA-PSK-CCMP+TKIP][WPA2-PSK-CCMP+TKIP][ESS],1
2c:4d:54:7a:33:ba,sample,[WPA2-PSK-CCMP][ESS],1
84:16:f9:ec:34:64,SUPERGIVEN,[WPA-PSK-CCMP+TKIP][WPA2-PSK-CCMP+TKIP][ESS],1
90:61:0c:35:4a:ff,PLDTHOMEDSL19199,[WPA-PSK-CCMP+TKIP][WPA2-PSK-CCMP+TKIP][WPS][ESS],1
94:a7:b7:26:4d:96,bayanDSLWIFI_4D96,[WPA-PSK-CCMP+TKIP][WPA2-PSK-CCMP+TKIP][WPS][ESS],7
9e:a9:e4:d4:ca:b0,jaycee,[WPA2-PSK-CCMP][WPS][ESS],11
c8:14:51:59:e5:c6,HUAWEI-E5C6,[WPA2-PSK-CCMP][ESS],1
f0:98:38:a0:11:f0,jasperanz,[WPA-PSK-CCMP+TKIP][WPA2-PSK-CCMP+TKIP][ESS],10
2c:dd:95:f4:07:8a,PLDTHOMEDSL4078A,[WPA2-PSK-CCMP][WPS][ESS],6
90:61:0c:40:ad:af,PLDTHOMEDSL44463,[WPA-PSK-CCMP+TKIP][WPA2-PSK-CCMP+TKIP][ESS],1
88:d2:74:86:cb:86,Secret!!!,[WPA-PSK-CCMP+TKIP][WPA2-PSK-CCMP+TKIP][WPS][ESS],10
e4:72:e2:f3:a0:a0,Alberto Family,[WPA-PSK-CCMP+TKIP][WPA2-PSK-CCMP+TKIP][ESS],11
00:13:33:f7:5b:ef,PLDTHOMEDSL,[WPA-PSK-CCMP+TKIP][WPA2-PSK-CCMP+TKIP][ESS],2
bc:c0:0f:7b:bc:10,REMEDIOS,[WPA-PSK-CCMP][WPA2-PSK-CCMP][ESS],2
94:a7:b7:26:61:87,jaredcamuel1,[WPA-PSK-CCMP+TKIP][WPA2-PSK-CCMP+TKIP][WPS][ESS],2
24:a4:3c:78:cc:c5,Link1,[ESS],153
78:c1:a7:06:58:08,buraot kaba,[WPA-PSK-CCMP+TKIP][ESS],5
f0:98:38:72:f2:2c,Hellokitty,[WPA-PSK-CCMP+TKIP][WPA2-PSK-CCMP+TKIP][ESS],3
78:c1:a7:05:40:5c,ZTEH108N_5405C,[WPA-PSK-CCMP+TKIP][ESS],11
90:61:0c:37:76:20,PLDTHOMEDSL30240,[WPA-PSK-CCMP+TKIP][WPA2-PSK-CCMP+TKIP][ESS],1
f0:98:38:07:e9:28,HUAWEI-t8s9,[WPA-PSK-CCMP+TKIP][WPA2-PSK-CCMP+TKIP][ESS],11
94:46:96:1f:4a:32,PLDTHOMEDSLCTCP0,[WPA-PSK-CCMP+TKIP][WPA2-PSK-CCMP+TKIP][ESS],1
6c:3b:6b:d7:3d:94,MikroTik-D73D94,[WPA-PSK-CCMP][WPA2-PSK-CCMP][WPS][ESS],1
88:d2:74:86:b7:bc,bayanDSLWIFI_B7BC,[WPA-PSK-CCMP+TKIP][WPA2-PSK-CCMP+TKIP][WPS][ESS],1
1c:74:0d:15:ac:20,PLDTHOMEDSLpoof,[WPA-PSK-CCMP+TKIP][WPA2-PSK-CCMP+TKIP][ESS],6
70:9f:2d:a0:5c:18,bayanDSLWiFi_5C18,[WPA-PSK-CCMP+TKIP][WPA2-PSK-CCMP+TKIP][WPS][ESS],10
18:de:d7:34:13:80,HUAWEI-8vpD,[WPA-PSK-CCMP+TKIP][WPA2-PSK-CCMP+TKIP][ESS],10
00:26:75:ce:9e:c8,CDSMVL2006,[WPA-PSK-CCMP+TKIP][ESS],3
9c:6f:52:35:01:38,DAXEL,[WPA-PSK-CCMP+TKIP][WPA2-PSK-CCMP+TKIP][WPS][ESS],10
9c:6f:52:34:fd:bc,bayanDSLWIFI_FDBC,[WPA-PSK-CCMP+TKIP][WPA2-PSK-CCMP+TKIP][WPS][ESS],1
90:61:0c:2c:81:0b,globe,[WPA2-PSK-CCMP][WPS][ESS],11
94:46:96:17:05:ab,BALADADFAMILY,[WPA-PSK-CCMP+TKIP][WPA2-PSK-CCMP+TKIP][ESS],5
90:61:0c:3a:85:d2,,[WPA-PSK-CCMP+TKIP][WPA2-PSK-CCMP+TKIP][ESS],1
18:de:d7:34:92:ec,,[WPA-PSK-CCMP+TKIP][WPA2-PSK-CCMP+TKIP][ESS],2
94:46:96:14:c1:1a,PLDTHOMEDSLZMZD0,[WPA-PSK-CCMP+TKIP][WPA2-PSK-CCMP+TKIP][ESS],7
4c:81:20:92:e1:02,GaliciaFamily,[WPA2-PSK-CCMP][WPS][ESS],2
90:61:0c:0d:99:db,PLDTMyDSL,[WPA-PSK-TKIP][WPA2-PSK-CCMP][ESS],11
f2:98:38:3d:ac:a9,159,[WPA-PSK-CCMP+TKIP][ESS],7
5c:54:6d:43:e1:c8,HUAWEI-GKUp,[WPA-PSK-CCMP+TKIP][WPA2-PSK-CCMP+TKIP][ESS],11
1c:74:0d:18:d3:68,PLDTHOMEDSL8NTZM,[WPA-PSK-CCMP+TKIP][WPA2-PSK-CCMP+TKIP][ESS],8
b0:b2:dc:f9:e9:2c,PLDTMyDSL,[WPA2-PSK-CCMP][WPS][ESS],11
00:26:75:e7:7d:5c,ayende_family,[WPA-PSK-CCMP+TKIP][ESS],10
4c:54:99:11:2f:ae,B200W,[WEP][ESS],6
be:44:34:fa:0f:b4,Thrill Access,[WPA2-PSK-CCMP][WPS][ESS],11
90:61:0c:3a:50:c2,PLDTHOMEDSL20674,[WPA-PSK-CCMP+TKIP][WPA2-PSK-CCMP+TKIP][ESS],11
78:c1:a7:22:f1:32,CloudCityPortal,[WPA2-PSK-CCMP+TKIP][WPS][ESS],3
44:6e:e5:07:fc:99,B315_7FC99,[WPA2-PSK-CCMP][ESS],11
18:de:d7:34:25:7c,HUAWEI-4Dc3,[WPA-PSK-CCMP+TKIP][WPA2-PSK-CCMP+TKIP][ESS],6
f0:98:38:07:d6:2c,JV,[WPA-PSK-CCMP+TKIP][WPA2-PSK-CCMP+TKIP][ESS],6
94:46:96:1f:88:b7,PLDTHOMEDSLRoma1616,[WPA-PSK-CCMP+TKIP][WPA2-PSK-CCMP+TKIP][ESS],1
e0:8e:3c:22:3c:c3,SDDR2017,[WPA-PSK-CCMP+TKIP][WPA2-PSK-CCMP+TKIP][ESS],2
18:de:d7:34:71:30,SANTIAGO,[WPA-PSK-CCMP+TKIP][WPA2-PSK-CCMP+TKIP][ESS],5
94:46:96:18:a1:95,PLDTHOMEDSLXPXP0,[WPA-PSK-CCMP+TKIP][WPA2-PSK-CCMP+TKIP][ESS],1
d4:40:f0:34:b4:d8,VIRUS,[WPA-PSK-CCMP+TKIP][WPA2-PSK-CCMP+TKIP][ESS],8
f2:81:7a:6e:2b:a6,April Sharron?s iPhone,[WPA2-PSK-CCMP][ESS],1
9c:6f:52:19:93:77,,[WPA-PSK-CCMP][WPA2-PSK-CCMP][ESS],11
90:61:0c:3a:42:26,No Internet,[WPA-PSK-CCMP+TKIP][WPA2-PSK-CCMP+TKIP][ESS],1
88:3f:d3:2c:44:d4,cristina24,[WPA-PSK-CCMP+TKIP][WPA2-PSK-CCMP+TKIP][ESS],11
60:a4:4c:56:a7:f4,ASUS,[WPA2-PSK-CCMP][WPS][ESS],9
9c:6f:52:1c:cd:9f,ZTEH108N_CCD9F,[WPA-PSK-CCMP+TKIP][WPS][ESS],11
88:d2:74:86:ab:85,bayanDSLWIFI_AB85,[WPA-PSK-CCMP+TKIP][WPA2-PSK-CCMP+TKIP][ESS],1
90:61:0c:40:ce:47,prettyinpink1208,[WPA-PSK-CCMP+TKIP][WPA2-PSK-CCMP+TKIP][ESS],1
78:c1:a7:02:93:a0,pretty in pink,[WPA-PSK-CCMP+TKIP][ESS],11
51502_30229_210031199,Globe,HSPA;ph,0
94:46:96:0f:89:2f,PLDTHOMEDSL,[WPA-PSK-CCMP+TKIP][WPA2-PSK-CCMP+TKIP][ESS],1
a8:a6:68:e0:2a:3c,FREE WIFI,[WPA-PSK-CCMP+TKIP][WPA2-PSK-CCMP+TKIP][WPS][ESS],1
fc:b4:e6:4a:d1:90,SKYbroadbandFCB8,[WPA-PSK-CCMP+TKIP][WPA2-PSK-CCMP+TKIP][WPS][ESS],6
cc:06:77:e1:4e:d0,PLDTHOMEFIBR14ed0,[WPA-PSK-TKIP][WPA2-PSK-CCMP][ESS],5
00:13:33:de:c4:6d,PLDTHOMEDSL,[WPA-PSK-CCMP+TKIP][WPA2-PSK-CCMP+TKIP][ESS],11
c4:86:e9:a8:db:a2,escamillas family,[WPA-PSK-CCMP+TKIP][WPA2-PSK-CCMP+TKIP][ESS],8
88:d2:74:86:ae:0a,Paparudzwifi,[WPA-PSK-CCMP+TKIP][WPA2-PSK-CCMP+TKIP][WPS][ESS],9
f4:9e:ef:d1:67:f0,PLDTHOMEDSL167F0,[WPA-PSK-CCMP+TKIP][WPA2-PSK-CCMP+TKIP][WPS][ESS],5
00:13:33:e1:9a:3a,PLDTHOMEDSL,[WPA-PSK-CCMP+TKIP][WPA2-PSK-CCMP+TKIP][ESS],11
cc:06:77:5c:8b:50,PLDTHOMEFIBRc8b50,[WPA-PSK-TKIP][WPA2-PSK-CCMP][ESS],5
cc:06:77:b4:38:fc,PLDTHOMEFIBRRAMOS5G,[WPA-PSK-TKIP][WPA2-PSK-CCMP][ESS],36
cc:06:77:b4:38:f8,PLDTHOMEFIBRRAMOS2.4G,[WPA-PSK-TKIP][WPA2-PSK-CCMP][WPS][ESS],1
d4:6e:0e:d4:6a:5c,PLDTHOMEDSL57753_EXT,[WPA-PSK-CCMP+TKIP][WPA2-PSK-CCMP+TKIP][ESS],7
d4:6e:0e:d4:6a:5e,PLDTHOMEDSL57753,[WPA-PSK-CCMP+TKIP][WPA2-PSK-CCMP+TKIP][ESS],40
90:61:0c:2c:e1:99,PLDTHOMEDSL57753,[WPA-PSK-CCMP+TKIP][WPA2-PSK-CCMP+TKIP][WPS][ESS],7
9c:a9:e4:93:5c:4c,no net,[WPA-PSK-CCMP+TKIP][WPA2-PSK-CCMP+TKIP][WPS][ESS],11
94:46:96:15:54:27,PLDTHOMEDSL6S6N0,[WPA-PSK-CCMP+TKIP][WPA2-PSK-CCMP+TKIP][ESS],5
00:0e:f4:db:e1:71,PLDTHOMEDSL,[WPA-PSK-CCMP+TKIP][WPA2-PSK-CCMP+TKIP][ESS],11
d4:6e:0e:bd:1c:54,REDCIRCLE,[WPA-PSK-CCMP][WPA2-PSK-CCMP][WPS][ESS],6
78:44:76:c8:1b:e8,TPLINK,[WPA2-PSK-CCMP][ESS],6
78:54:2e:59:49:a8,dlink,[WPA-PSK-CCMP+TKIP][WPA2-PSK-CCMP+TKIP][WPS][ESS],1
76:4a:a4:ce:13:f0,Smart Bro_CE13F0,[WPA-PSK-CCMP+TKIP][WPA2-PSK-CCMP+TKIP][WPS][ESS],6
51502_30229_210031197,Globe,HSPA;ph,0
 
Wigle Site Unique,690
BSSID,SSID,Site-Encryption,Last Update
00:13:33:F5:B0:26,None,wpa2,"2016-05-05, 06:00:00 PM"
00:13:33:D6:5E:D9,None,wpa2,"2016-05-05, 06:00:00 PM"
00:13:33:D8:37:BD,PLDTHOMEDSL,wpa2,"2016-05-05, 06:00:00 PM"
00:13:33:E4:2E:BC,PLDTHOMEDSL_JK_ENERGIES,wpa2,"2016-05-05, 06:00:00 PM"
00:13:33:DC:E1:D7,PLDTHOMEDSL,wpa2,"2016-05-05, 06:00:00 PM"
00:13:33:DE:C1:61,PLDTHOMEDSL,wpa2,"2016-05-05, 06:00:00 PM"
00:13:33:E9:59:75,PLDTHOMEDSL,wpa2,"2016-05-05, 06:00:00 PM"
00:13:33:EF:5B:E6,PLDTHOMEDSL,wpa2,"2016-05-05, 06:00:00 PM"
00:13:33:D3:C2:F5,PLDTHOMEDSL,wpa2,"2016-05-05, 06:00:00 PM"
00:14:BF:BB:DB:1F,smartbrowifi,none,"2013-04-25, 05:00:00 AM"
00:13:33:FB:05:CE,PLDTHOMEDSL,wpa2,"2016-05-05, 06:00:00 PM"
00:0E:F4:DA:87:A9,PLDTHOMEDSL,wpa2,"2015-07-26, 08:00:00 AM"
00:0F:01:1B:23:A6,ZIANE,wpa2,"2015-07-26, 08:00:00 AM"
00:0E:F4:D9:DF:F4,PLDTHOMEDSL,wpa2,"2015-07-26, 08:00:00 AM"
00:13:33:BF:5B:71,PLDTHOMEDSLNoWifiHere,wpa2,"2016-03-16, 06:00:00 AM"
00:13:33:FD:C7:5A,PLDTHOMEDSL,wpa2,"2016-05-05, 06:00:00 PM"
00:13:33:F5:91:89,PLDTHOMEDSL,wpa2,"2016-05-05, 06:00:00 PM"
00:13:33:F7:A5:3C,PLDTHOMEDSL,wpa2,"2016-05-05, 06:00:00 PM"
00:13:33:D9:9E:D7,PLDTHOMEDSL,wpa2,"2016-05-05, 06:00:00 PM"
00:13:33:E3:A8:98,PLDTHOMEDSL,wpa2,"2016-05-05, 06:00:00 PM"
00:13:33:E8:D4:7D,PLDTHOMEDSL,wpa2,"2016-05-05, 06:00:00 PM"
00:13:33:C2:48:28,PLDTHOMEDSL,wpa2,"2016-05-05, 06:00:00 PM"
00:13:33:F5:90:85,PLDTHOMEDSL,wpa2,"2016-05-05, 06:00:00 PM"
00:13:33:E1:F8:D6,PLDTHOMEDSLflhcordovez,wpa2,"2016-03-16, 06:00:00 AM"
00:13:33:EE:91:0C,PLDTHOMEDSLPGMPCNET,wpa2,"2016-05-05, 06:00:00 PM"
00:13:33:F0:F1:B3,PLDTHOMEDSL,wpa2,"2016-05-05, 06:00:00 PM"
00:13:33:E6:4C:62,PLDTHOMEDSL,wpa2,"2016-05-05, 06:00:00 PM"
00:13:33:DB:21:85,PLDTHOMEDSL,wpa2,"2016-05-05, 06:00:00 PM"
00:13:33:EB:5B:CB,PLDTHOMEDSL_JK_BUILDERS,wpa2,"2016-05-05, 06:00:00 PM"
00:13:33:D3:C7:37,PLDTHOMEDSL,wpa2,"2016-05-05, 06:00:00 PM"
00:13:33:F5:F7:2D,PLDTHOMEDSL_STRIDE,wpa2,"2016-05-05, 06:00:00 PM"
00:13:33:DC:E1:E1,PLDTHOMEDSL,wpa2,"2016-05-05, 06:00:00 PM"
00:13:33:DF:A5:A4,PLDTHOMEDSL,wpa2,"2016-05-05, 06:00:00 PM"
00:13:33:E5:2A:E2,PLDTHOMEDSLEXPRESSPAY,wpa2,"2016-05-05, 06:00:00 PM"
00:13:33:D7:81:B5,PLDTHOMEDSL,wpa2,"2016-05-05, 06:00:00 PM"
00:0E:2E:FB:69:FF,default,none,"2013-04-17, 03:00:00 AM"
00:13:33:C6:81:E3,PLDTHOMEDSL,wpa2,"2016-05-05, 06:00:00 PM"
00:13:33:C0:93:97,PLDTHOMEDSL_Dentacare,wpa2,"2016-12-20, 06:00:00 AM"
00:13:33:FC:E7:40,PLDTHOMEDSL,wpa2,"2016-05-05, 06:00:00 PM"
00:13:33:FD:B8:64,PLDTHOMEDSLEIGENTECHCORP,wpa2,"2016-05-05, 06:00:00 PM"
00:13:33:F0:82:AA,PLDTHOMEDSL,wpa2,"2016-05-05, 06:00:00 PM"
00:13:33:E7:03:41,PLDTHOMEDSL,wpa2,"2016-05-05, 06:00:00 PM"
00:13:33:E9:A6:23,PLDTHOMEDSLBizwise,wpa2,"2016-05-05, 06:00:00 PM"
00:13:33:D3:C8:7C,None,wpa2,"2016-05-05, 06:00:00 PM"
00:18:25:05:ED:90,PLDT Smart WiFi Zone,unknown,"2015-07-26, 08:00:00 AM"
00:18:25:03:83:90,PLDT Smart WiFi Zone,none,"2015-07-26, 08:00:00 AM"
00:18:25:03:8C:D0,PLDT Smart WiFi Zone,none,"2013-04-17, 03:00:00 AM"
00:1A:EF:26:B6:B6,GOJJLC2,wpa,"2013-05-07, 12:00:00 PM"
00:1A:EF:2A:36:EB,EI 3rd Flr,wpa2,"2015-07-26, 08:00:00 AM"
00:1A:EF:2E:50:BC,live wire,wpa2,"2013-04-25, 05:00:00 AM"
00:18:25:05:ED:94,PLDTSMART,wpa2,"2015-07-26, 08:00:00 AM"
00:18:39:2B:89:6A,Trojan,unknown,"2011-06-15, 06:00:00 AM"
00:18:39:60:10:69,Janice Wi-Fi 1,none,"2013-05-06, 03:00:00 PM"
00:18:E7:FD:D4:3E,DREVA,wpa2,"2013-04-17, 03:00:00 AM"
00:18:E7:F6:14:0E,Creative Learning Center Edufi,wpa,"2013-05-06, 03:00:00 PM"
00:1E:2A:52:31:10,VIRUS!! detected!! Wifi,wpa2,"2013-04-17, 03:00:00 AM"
00:1A:EF:29:FC:68,GOD IS GOOD,wpa2,"2015-07-26, 08:00:00 AM"
00:15:70:03:37:70,tsunami,none,"2015-07-26, 08:00:00 AM"
00:15:70:03:50:70,tsunami,unknown,"2015-07-26, 08:00:00 AM"
00:18:25:05:87:50,PLDT Smart WiFi Zone,unknown,"2015-07-26, 08:00:00 AM"
00:18:25:03:83:94,PLDTSMART,wpa2,"2015-07-26, 08:00:00 AM"
00:1E:2A:FF:F8:70,net_elsie,wpa2,"2016-05-05, 06:00:00 PM"
00:18:25:03:D5:54,PLDTSMART,wpa2,"2015-07-26, 08:00:00 AM"
00:1C:10:C0:D5:DB,Lorenzana Network,wpa,"2015-07-26, 08:00:00 AM"
00:1E:C2:F6:6B:C7,Jay's Wi-Fi Network,wpa2,"2016-05-05, 06:00:00 PM"
00:1A:EF:26:B6:9B,GOJJLC1,wpa2,"2013-04-17, 03:00:00 AM"
00:1A:EF:2E:99:FB,CD-R_KING_11n,wpa2,"2013-04-25, 05:00:00 AM"
00:23:69:38:6B:06,ACLC Commonwealth Campus,wpa2,"2013-05-07, 12:00:00 PM"
00:23:69:8B:94:18,HNSED052014,wpa2,"2016-05-05, 06:00:00 PM"
00:1F:41:28:E2:F9,SM_Free_WiFi,none,"2017-03-06, 02:00:00 AM"
00:22:B0:42:9B:41,Omni Tire Center WiFi Main,wpa2,"2013-05-07, 12:00:00 PM"
00:23:69:C3:C6:BC,Retail-Design,wpa2,"2016-05-05, 06:00:00 PM"
00:22:6B:69:CF:1C,HNMKTEXT,wpa2,"2015-07-26, 08:00:00 AM"
00:22:6B:52:63:72,kia diliman,wpa,"2013-04-25, 05:00:00 AM"
00:23:69:29:8B:E5,spearacesolutions,wpa,"2013-04-25, 05:00:00 AM"
00:1F:FB:59:3D:03,bugywifi,wpa2,"2015-07-26, 08:00:00 AM"
00:22:B0:44:52:B5,Telkomserv,wpa2,"2013-05-06, 03:00:00 PM"
00:26:75:D9:07:70,ORLITA,wpa,"2015-07-26, 08:00:00 AM"
00:24:01:DE:6F:7D,dlink,wep,"2013-04-25, 05:00:00 AM"
00:1E:E5:61:45:CD,linksys,none,"2013-04-17, 03:00:00 AM"
00:25:9C:F1:F2:26,TINMARK,wpa2,"2015-07-26, 08:00:00 AM"
08:FD:0E:75:AA:13,Bhqn-a2F6ZWx5bnZhbGVuY2lh,unknown,"2015-07-26, 08:00:00 AM"
00:24:01:5E:87:0A,dlink,wep,"2013-04-25, 05:00:00 AM"
00:24:01:5E:87:E2,dlinkECE,wpa,"2013-04-25, 05:00:00 AM"
00:24:01:AD:5B:19,riteproducts,wpa2,"2016-05-05, 06:00:00 PM"
24:DF:6A:6C:FB:8A,HUAWEI-E5330-FB8A,wpa2,"2016-05-05, 06:00:00 PM"
08:86:3B:30:AE:88,belkin.e88,wpa2,"2015-07-26, 08:00:00 AM"
24:DF:6A:C0:DF:D3,HUAWEI-E5330-DFD3,wpa2,"2016-05-05, 06:00:00 PM"
0C:37:DC:1D:18:F8,SMART BRO_d18f8,wep,"2013-04-17, 03:00:00 AM"
0C:37:DC:9F:2F:1A,password error18,wpa2,"2015-07-26, 08:00:00 AM"
0C:37:DC:CD:C3:11,ERIANNE,wpa2,"2015-07-26, 08:00:00 AM"
08:63:61:CD:CA:D6,expendables,wpa2,"2015-07-26, 08:00:00 AM"
00:26:5A:25:4C:54,Jollibee-Shopwise,wpa2,"2015-07-26, 08:00:00 AM"
00:26:5A:43:D8:2A,phil agrow,wpa2,"2013-04-17, 03:00:00 AM"
20:F3:A3:8C:C6:A3,GL01P-20F3A38CC6A3,wpa2,"2013-04-17, 03:00:00 AM"
02:0A:00:C4:DB:25,katangahan999,wpa2,"2015-09-20, 08:00:00 AM"
20:AA:4B:05:58:E0,ecosys 2,wpa2,"2013-04-17, 03:00:00 AM"
04:02:1F:4E:56:2B,B315_E562B,wpa2,"2016-05-05, 06:00:00 PM"
04:18:D6:94:6D:4B,LoyolaRelay,wpa2,"2016-05-05, 06:00:00 PM"
32:CD:A7:2F:5C:14,DIRECT-eeC410 Series,wpa2,"2016-05-05, 06:00:00 PM"
2E:26:55:68:FC:F4,hpsetup,none,"2013-11-30, 07:00:00 AM"
00:27:19:D2:48:56,linksys,wpa2,"2013-04-17, 03:00:00 AM"
06:27:22:5B:BE:E7,loyolacares,none,"2016-05-05, 06:00:00 PM"
34:A8:4E:1E:15:A0,awn_inside,wpa2,"2016-05-05, 06:00:00 PM"
34:A8:4E:1E:42:C3,awn_guest,unknown,"2015-07-26, 08:00:00 AM"
34:A8:4E:1E:48:E4,awn_cafe,wpa2,"2015-07-26, 08:00:00 AM"
34:A8:4E:80:A6:A0,awn_inside,wpa2,"2016-05-05, 06:00:00 PM"
34:A8:4E:80:A6:A4,awn_cafe,wpa2,"2016-05-05, 06:00:00 PM"
34:A8:4E:80:A6:AC,awn_guest,unknown,"2016-05-05, 06:00:00 PM"
02:23:B1:5F:69:4C,....bobby....,wpa,"2013-05-07, 12:00:00 PM"
34:A8:4E:D2:4F:43,awn_guest,unknown,"2016-05-05, 06:00:00 PM"
24:1F:A0:4E:7A:AC,HUAWEI-E5330-7AAC,wpa2,"2016-05-05, 06:00:00 PM"
02:0C:E7:90:3C:76,chester,wpa2,"2015-07-26, 08:00:00 AM"
02:11:87:D5:92:16,Free Public WiFi,none,"2013-04-17, 03:00:00 AM"
22:26:B6:C8:3B:B5,BeruBeru,wpa2,"2013-04-25, 05:00:00 AM"
10:D3:8A:20:60:10,adie,wpa2,"2016-05-05, 06:00:00 PM"
0C:37:DC:4F:4B:43,MobileWiFi-4b43,wpa2,"2013-05-07, 12:00:00 PM"
0C:37:DC:29:04:6A,MobileWiFi-046a,wpa2,"2013-05-06, 03:00:00 PM"
0C:37:DC:C6:BE:25,SMART BRO_6BE25,wep,"2013-04-17, 03:00:00 AM"
00:26:75:82:E0:C9,Aztech5001_initAzt,wpa,"2013-05-06, 03:00:00 PM"
00:26:75:DF:AC:A0,Aztech5018_FACA3,wpa,"2015-07-26, 08:00:00 AM"
00:D0:41:D6:D1:C3,SAPIDO-URVAN VS1451,wep,"2015-07-26, 08:00:00 AM"
20:08:ED:AE:D6:C7,HUAWEI-E5330-D6C7,wpa2,"2015-07-26, 08:00:00 AM"
20:AA:4B:B3:A2:49,Ford Commonwealth,wpa2,"2016-05-05, 06:00:00 PM"
20:AA:4B:D3:58:76,BRAVO MEDIA,wpa2,"2016-05-05, 06:00:00 PM"
20:AA:4B:8B:25:E4,FCM Internal,wpa2,"2015-07-26, 08:00:00 AM"
20:AA:4B:82:2B:A3,HNMKTG_2,wpa2,"2016-05-05, 06:00:00 PM"
20:C9:D0:21:FE:B5,AFNI Conference Room,wpa2,"2013-04-17, 03:00:00 AM"
10:BF:48:3A:95:68,ECCONF,wpa2,"2013-05-07, 12:00:00 PM"
10:C6:1F:EB:B9:04,MobileWiFi-b904,wpa2,"2015-07-26, 08:00:00 AM"
10:FE:ED:40:43:CA,Engr. SARIP,wpa2,"2015-07-26, 08:00:00 AM"
24:DF:6A:14:99:0B,HUAWEI DE GUZMAN,wpa2,"2017-01-07, 11:00:00 PM"
24:DB:AC:B0:B5:0F,MobileWiFi-b50f,wpa2,"2013-05-06, 03:00:00 PM"
0C:37:DC:9E:09:37,PSSST,wep,"2013-04-17, 03:00:00 AM"
0C:37:DC:5C:EB:C3,Mayette WIFI,wpa2,"2013-05-07, 12:00:00 PM"
0C:37:DC:28:41:C3,Nancy,wpa2,"2013-05-07, 12:00:00 PM"
08:D8:33:C7:6A:08,Mitsubishi Wireless TV 496,unknown,"2016-05-05, 06:00:00 PM"
28:10:7B:CD:D5:00,commonwealthtspi,wpa2,"2013-04-25, 05:00:00 AM"
28:10:7B:CD:D6:3A,glassplanet,wpa2,"2013-04-17, 03:00:00 AM"
1C:7E:E5:D4:91:9E,instyle,wpa2,"2013-05-07, 12:00:00 PM"
0C:37:DC:4C:A1:6E,password error3,wpa2,"2013-05-07, 12:00:00 PM"
2C:5D:93:59:07:68,tsunami,unknown,"2016-05-05, 06:00:00 PM"
24:DB:AC:1B:56:48,jared,wep,"2013-04-25, 05:00:00 AM"
20:08:ED:E8:D1:7E,B593_8D17E,wpa2,"2015-07-26, 08:00:00 AM"
20:54:76:2D:9B:D1,JSJR,wpa2,"2013-05-07, 12:00:00 PM"
28:9A:FA:33:BC:17,zuzuaregui,wpa2,"2016-05-05, 06:00:00 PM"
14:CF:92:B0:5B:29,TP-LINK_M5_B05B29,wpa2,"2013-10-02, 04:00:00 AM"
24:DB:AC:2E:11:1A,edwin cabrera,wpa2,"2015-07-26, 08:00:00 AM"
34:4B:50:48:EA:5A,PLDTMyDSLsavemore,wpa2,"2013-04-17, 03:00:00 AM"
34:A8:4E:1E:15:A4,awn_cafe,wpa2,"2016-05-05, 06:00:00 PM"
20:54:76:23:8C:AB,XPERIA U_3743,wpa2,"2016-05-05, 06:00:00 PM"
30:76:6F:D7:C2:71,Jheng's Hotspot,wpa2,"2015-07-26, 08:00:00 AM"
32:14:4A:F1:F4:0F,MMDA_MESH2,none,"2016-05-05, 06:00:00 PM"
20:AA:4B:67:05:81,Comp Lab 3,wpa2,"2016-07-19, 02:00:00 AM"
20:AA:4B:D3:58:77,BRAVO MEDIA-guest,none,"2016-05-05, 06:00:00 PM"
34:A8:4E:1E:48:E2,awn_voip,wpa2,"2015-07-26, 08:00:00 AM"
34:A8:4E:1E:5A:F0,awn_inside,wpa2,"2016-05-05, 06:00:00 PM"
34:A8:4E:1E:5A:F2,awn_voip,wpa2,"2016-05-05, 06:00:00 PM"
34:A8:4E:1E:5A:F3,awn_guest,wpa2,"2016-05-05, 06:00:00 PM"
34:A8:4E:1E:5A:F4,awn_cafe,wpa2,"2016-05-05, 06:00:00 PM"
1C:BD:B9:B2:09:12,generika,wpa2,"2013-05-07, 12:00:00 PM"
34:A8:4E:D2:4F:40,awn_inside,wpa2,"2016-05-05, 06:00:00 PM"
34:BF:90:35:2A:F8,PLDTHOMEFIBR_352af8,wpa2,"2015-07-26, 08:00:00 AM"
4C:09:B4:A3:39:71,PETRON,wpa,"2015-07-26, 08:00:00 AM"
B4:5D:50:46:BB:90,None,unknown,"2017-06-09, 01:00:00 PM"
B4:5D:50:46:BB:B1,@AyalaMalls_GoWiFi,unknown,"2017-06-09, 01:00:00 PM"
B4:5D:50:46:BD:47,None,unknown,"2017-06-09, 01:00:00 PM"
B4:5D:50:46:BE:30,None,unknown,"2017-06-09, 01:00:00 PM"
B4:5D:50:46:BE:33,None,unknown,"2017-06-09, 01:00:00 PM"
B4:5D:50:46:C4:26,None,unknown,"2017-06-09, 01:00:00 PM"
B4:5D:50:46:C4:36,@GoWiFi_Auto,unknown,"2017-06-09, 01:00:00 PM"
B4:5D:50:46:C4:37,None,unknown,"2017-06-09, 01:00:00 PM"
B4:5D:50:38:57:E6,YTFanfest,wpa2,"2017-06-09, 01:00:00 PM"
B4:5D:50:38:57:F2,None,unknown,"2017-06-09, 01:00:00 PM"
B4:5D:50:46:BB:95,None,unknown,"2017-06-09, 01:00:00 PM"
B4:5D:50:46:BB:96,None,unknown,"2017-06-09, 01:00:00 PM"
B4:5D:50:46:BB:B2,None,unknown,"2017-06-09, 01:00:00 PM"
B4:5D:50:46:BD:42,@AyalaMalls_GoWiFi,unknown,"2017-06-09, 01:00:00 PM"
B4:5D:50:46:BD:45,@GoWiFi_Auto,unknown,"2017-06-09, 01:00:00 PM"
B4:5D:50:46:BE:34,@GoWiFi_Auto,unknown,"2017-06-09, 01:00:00 PM"
B4:75:0E:19:F5:3E,GKImktg01,wpa2,"2016-05-05, 06:00:00 PM"
2C:26:C5:16:FE:18,bayanDSL,wpa,"2013-05-06, 03:00:00 PM"
2C:33:7A:0D:02:A7,LDC_SAP_Lenovo-PC,wpa2,"2016-05-05, 06:00:00 PM"
24:05:0F:19:5A:73,CDRKing_5A73,wpa2,"2016-05-05, 06:00:00 PM"
C0:C1:C0:E9:A2:08,4th floor-guest,none,"2013-04-17, 03:00:00 AM"
C0:C1:C0:A1:33:33,None,wpa2,"2015-07-26, 08:00:00 AM"
28:10:7B:CD:DD:20,PARESCOM,wpa2,"2016-05-05, 06:00:00 PM"
44:D9:E7:6A:51:81,ubnt,unknown,"2016-05-05, 06:00:00 PM"
B4:5D:50:38:57:F1,@AyalaMalls_GoWiFi,unknown,"2017-06-09, 01:00:00 PM"
B4:5D:50:38:57:F3,None,unknown,"2017-06-09, 01:00:00 PM"
B4:5D:50:38:57:F4,@GoWiFi_Auto,unknown,"2017-06-09, 01:00:00 PM"
B4:5D:50:38:6D:60,None,unknown,"2017-06-09, 01:00:00 PM"
44:AD:D9:70:DA:B2,PROGRAMMERS,wpa2,"2013-08-10, 08:00:00 AM"
44:AD:D9:70:E0:50,SLMC WiFi,none,"2013-08-10, 08:00:00 AM"
34:A8:4E:80:A6:A3,awn_guest,unknown,"2016-05-05, 06:00:00 PM"
34:A8:4E:1E:48:E0,awn_inside,wpa2,"2015-07-26, 08:00:00 AM"
34:A8:4E:1E:48:E3,awn_guest,wpa2,"2015-07-26, 08:00:00 AM"
C8:7B:5B:86:EA:CD,Smart Bro_86EACD,wpa2,"2013-04-17, 03:00:00 AM"
46:91:DB:00:EB:41,A1-713,wpa2,"2015-08-12, 03:00:00 PM"
C4:71:FE:DC:E4:E2,wi-tribe_USERS,wpa2,"2013-04-17, 03:00:00 AM"
C0:BD:D1:52:92:88,B21y-ZmxvcmRlbGl6YWpkZWx1bmE,wpa2,"2016-02-27, 03:00:00 PM"
5A:6D:8F:83:C9:46,ECSCI Internet portal,wpa2,"2016-05-05, 06:00:00 PM"
B0:B2:DC:AB:B5:04,PLDTMyDSL,wpa2,"2013-05-07, 12:00:00 PM"
38:AA:3C:8A:62:A8,Doritos Locos Tacos,wpa2,"2015-07-26, 08:00:00 AM"
5C:50:15:E6:3E:60,awn_inside,wpa2,"2016-05-05, 06:00:00 PM"
C8:D7:19:E6:AA:29,Cisco40510,wpa2,"2016-05-05, 06:00:00 PM"
2C:5D:93:19:07:68,rsci,unknown,"2016-05-05, 06:00:00 PM"
CC:5D:4E:F2:40:B8,PLDTMyDSL,wpa2,"2015-07-26, 08:00:00 AM"
C0:4A:00:4C:E3:5E,TP-LINK_4CE35E,wpa2,"2015-07-26, 08:00:00 AM"
C4:6E:1F:92:60:2A,None,wpa2,"2016-05-05, 06:00:00 PM"
C4:6E:1F:92:6C:AE,None,wpa2,"2016-05-05, 06:00:00 PM"
C4:71:FE:DC:E4:E1,wi-tribe-exec,wep,"2015-07-26, 08:00:00 AM"
F0:84:C9:D0:29:CA,MEDELSKI,wpa2,"2016-05-05, 06:00:00 PM"
54:3D:37:9D:0E:99,InternalWS,wpa2,"2015-07-26, 08:00:00 AM"
70:9F:2D:A1:30:A0,bayanDSLWiFi_30A0,wpa2,"2016-05-05, 06:00:00 PM"
48:F8:B3:23:77:C6,Records-guest,none,"2017-03-06, 02:00:00 AM"
48:F8:B3:23:A3:85,Director's Office,wpa2,"2015-07-26, 08:00:00 AM"
60:21:C0:5E:6B:ED,AndroidAP,wpa2,"2013-05-07, 12:00:00 PM"
4C:09:B4:A6:D5:0B,bayanDSL,wpa,"2013-05-06, 03:00:00 PM"
6E:94:F8:C1:B3:24,AXA PHIL,wpa2,"2016-05-05, 06:00:00 PM"
6A:E9:F1:90:35:6B,Alexander A. Ramos?s iPhone,wpa2,"2015-07-26, 08:00:00 AM"
4C:09:B4:A6:F9:FF,LPGMA DSL,wpa,"2015-07-26, 08:00:00 AM"
58:6D:8F:7E:BC:EF,Element21,wpa2,"2016-05-05, 06:00:00 PM"
54:A0:50:E4:28:B0,VANGUARD,wpa2,"2016-05-05, 06:00:00 PM"
70:9F:2D:A0:24:14,kagawad mangune,wpa2,"2016-05-05, 06:00:00 PM"
5C:F2:86:2E:5C:F0,Stefanini,wpa2,"2017-06-09, 01:00:00 PM"
70:72:3C:DF:37:26,MobileWiFi-3726,wpa,"2013-05-07, 12:00:00 PM"
48:F8:B3:23:77:C5,Records,wpa2,"2017-05-07, 01:00:00 PM"
78:44:76:1F:6E:A0,Leotec,wpa,"2013-04-25, 05:00:00 AM"
88:DC:96:17:83:F2,mdc_pis,wpa2,"2016-05-05, 06:00:00 PM"
64:70:02:F8:19:E6,VIZCARRA,wpa2,"2015-07-26, 08:00:00 AM"
88:CE:FA:F7:7A:4E,POPEFRANCIS,wpa2,"2015-07-26, 08:00:00 AM"
50:67:F0:89:01:61,PLDTMyDSLRockStar,wep,"2015-07-26, 08:00:00 AM"
94:A7:B7:3D:03:0D,ESTEVEN ABUDA,wpa2,"2016-05-05, 06:00:00 PM"
50:9F:27:44:A0:5E,HUAWEI-E5220-a05e,wpa2,"2016-05-05, 06:00:00 PM"
70:F9:27:5F:1C:85,paloadkaperamo,wpa2,"2013-04-17, 03:00:00 AM"
58:6D:8F:3D:25:44,Cisco02098,wpa2,"2013-05-07, 12:00:00 PM"
3C:DF:BD:C3:C7:64,cathcv17,wpa2,"2014-11-07, 02:00:00 PM"
58:BF:EA:FA:B7:DB,awn_cafe,wpa2,"2016-05-05, 06:00:00 PM"
58:BF:EA:FA:B7:DD,awn_voip,wpa2,"2016-05-05, 06:00:00 PM"
92:EF:68:B4:69:20,PLDTMyDSLBiz,wpa2,"2016-05-05, 06:00:00 PM"
5C:D9:98:E0:E0:66,LAK-K BUILDERS CO.,wpa2,"2013-04-17, 03:00:00 AM"
5C:D9:98:E0:EC:90,FloorCenter Libis,wpa2,"2015-07-26, 08:00:00 AM"
9C:41:7C:71:F9:38,HAME_A19_1f93,wpa,"2015-08-01, 05:00:00 AM"
FC:8B:97:EB:60:7C,PLDTMyDSL-it,wpa2,"2015-07-26, 08:00:00 AM"
50:9F:27:7C:E8:03,Francis Pira HUAWEI,wpa2,"2015-07-28, 06:00:00 AM"
5C:50:15:E6:3E:64,awn_cafe,wpa2,"2016-05-05, 06:00:00 PM"
84:25:DB:00:5C:64,Peak,wpa2,"2015-07-26, 08:00:00 AM"
58:7F:66:36:91:62,HUAWEI-E5330-9162,wpa2,"2016-05-05, 06:00:00 PM"
FC:F5:28:3D:7C:08,PLDTMyDSLNOWIFI,wpa2,"2016-05-05, 06:00:00 PM"
84:18:3A:4F:F2:8C,None,wpa2,"2017-06-09, 01:00:00 PM"
84:18:3A:8F:F2:89,Family Lounge,wpa,"2017-06-09, 01:00:00 PM"
84:18:3A:8F:F2:8C,None,wpa,"2017-06-09, 01:00:00 PM"
64:66:B3:79:DB:8A,MetroLink H106,wpa2,"2015-07-26, 08:00:00 AM"
84:D4:7E:22:5F:92,YTFanfest,wpa2,"2017-06-09, 01:00:00 PM"
60:A4:4C:47:B3:EC,Vanguard,wpa2,"2015-07-26, 08:00:00 AM"
88:32:9B:A2:51:7B,B39i-cXVlZW4gYWxtYQ,unknown,"2017-10-03, 06:00:00 AM"
88:53:D4:E7:B4:86,CASHLINE,wpa,"2013-04-17, 03:00:00 AM"
5A:8B:F3:F6:41:98,PLDTMyDSLBizUEMC,wpa2,"2016-05-05, 06:00:00 PM"
5C:B9:01:52:CB:09,HP-Print-09-Deskjet 3540 series,unknown,"2016-05-05, 06:00:00 PM"
90:67:1C:AE:75:9D,HUAWEI-E5330-759D,wpa2,"2016-05-05, 06:00:00 PM"
90:61:0C:17:DD:50,PLDTHOMEDSL-WEE,wpa2,"2015-07-26, 08:00:00 AM"
58:BF:EA:FA:B7:D2,awn_voip,wpa2,"2016-05-05, 06:00:00 PM"
58:BF:EA:FA:B7:D4,awn_cafe,wpa2,"2016-05-05, 06:00:00 PM"
68:7F:74:AA:31:3E,linksys,wpa,"2016-05-05, 06:00:00 PM"
90:5F:2E:3D:3A:79,I dont need a parasite,wpa2,"2015-07-26, 08:00:00 AM"
90:61:0C:0D:91:BE,PLDTMyDSL_Lennie,wpa2,"2016-05-05, 06:00:00 PM"
90:61:0C:10:10:B7,PLDTMyDSL-1409,wpa2,"2016-03-16, 06:00:00 AM"
54:E6:FC:FF:3E:20,linksys,wep,"2013-04-25, 05:00:00 AM"
F4:DC:F9:30:2A:A6,impaktwo,wpa2,"2015-07-26, 08:00:00 AM"
6A:DF:DD:55:A1:36,2013023,wpa2,"2016-03-16, 06:00:00 AM"
80:B6:86:6F:30:FD,MobileWiFi-30fd,wep,"2013-04-17, 03:00:00 AM"
58:6D:8F:83:C9:45,ECSCI Internet portal,wpa2,"2016-05-05, 06:00:00 PM"
84:82:F4:00:33:6B,Exclusive,unknown,"2015-07-26, 08:00:00 AM"
8C:34:FD:5F:B5:D2,shadow_jex,wpa2,"2016-05-05, 06:00:00 PM"
9C:D2:4B:FB:D7:40,Smart Bro_FBD740,unknown,"2015-07-26, 08:00:00 AM"
84:18:3A:0F:F2:8D,STARCINEMA,wpa2,"2017-06-09, 01:00:00 PM"
9C:C1:72:04:4B:B6,DILNOT,wpa2,"2016-09-08, 03:00:00 AM"
9C:A9:E4:05:FF:81,Katie Gabrielle,wpa2,"2015-07-26, 08:00:00 AM"
64:16:F0:91:26:AE,globe starbucks 183 DCC,wpa,"2016-05-05, 06:00:00 PM"
84:C9:B2:49:69:11,Omni Tire Center Wifi Main,wpa2,"2016-05-05, 06:00:00 PM"
94:A7:B7:26:53:06,bayanDSLWIFI_5306,wpa2,"2016-05-05, 06:00:00 PM"
94:A7:B7:26:60:89,E Chimes WIFI 2,wpa2,"2016-05-05, 06:00:00 PM"
7A:A3:E4:E4:2F:9A,iPhone,wpa2,"2015-07-26, 08:00:00 AM"
74:EA:3A:C7:1B:08,DEC_WIFI_01,wep,"2016-05-05, 06:00:00 PM"
CC:1A:FA:97:01:E4,None,wpa,"2015-07-26, 08:00:00 AM"
98:FC:11:AC:22:61,FCM Internal,wpa2,"2015-07-26, 08:00:00 AM"
CC:A2:23:C2:9F:71,HUAWEI-E5330-9F71,wpa2,"2015-07-26, 08:00:00 AM"
5C:F2:86:21:B3:6F,SmartBro_21B36F,wep,"2016-05-05, 06:00:00 PM"
5C:F2:86:23:39:80,Smarties,wpa2,"2017-06-09, 01:00:00 PM"
A0:F3:C1:78:80:F6,Dimsum Tenders,wpa2,"2015-07-26, 08:00:00 AM"
6C:19:8F:0C:FD:18,aics_acctg,wpa2,"2016-05-05, 06:00:00 PM"
9E:A9:E4:D8:D4:91,wifi_ko_to,wpa2,"2016-05-05, 06:00:00 PM"
80:1F:02:E3:DC:00,edimax,wpa2,"2015-07-26, 08:00:00 AM"
70:F9:27:30:BD:A0,elegancebldrsctr,wpa2,"2013-05-06, 03:00:00 PM"
70:72:3C:D5:D2:AF,BiancasTattoo,wpa,"2013-04-17, 03:00:00 AM"
70:72:3C:E1:1D:FA,MobileWiFi-1dfa jesy,wep,"2014-06-11, 12:00:00 PM"
C8:D7:19:86:AC:8B,Cisco05327,wpa2,"2016-05-05, 06:00:00 PM"
D0:5B:A8:8F:68:A1,Smart Bro_CMFCI,wpa2,"2017-06-09, 01:00:00 PM"
9C:AD:97:04:0E:3F,HP-Print-3F-LaserJet 1102,unknown,"2017-03-26, 03:00:00 PM"
6C:72:20:F8:8C:C6,Chowking-Luzon-Ave.,wpa2,"2016-05-05, 06:00:00 PM"
D0:7A:B5:5F:8D:0E,nerissa,wpa2,"2015-07-26, 08:00:00 AM"
D0:7A:B5:CA:3F:95,HUAWEI-E5220-3f95,wpa2,"2016-05-05, 06:00:00 PM"
6C:19:8F:05:B9:6C,dlink_Lab3,wpa2,"2016-05-05, 06:00:00 PM"
A4:7E:39:AE:4F:C0,nelbha,wpa2,"2015-07-26, 08:00:00 AM"
A4:7E:39:AE:62:E0,Randolph Tailoring,wpa2,"2015-07-26, 08:00:00 AM"
A2:EA:96:29:46:29,Serbie,wpa2,"2015-07-26, 08:00:00 AM"
84:18:3A:4F:F2:8D,VIPinoy,wpa,"2017-06-09, 01:00:00 PM"
9A:6C:F5:45:02:E8,LorenzanaPocketWiFi,wpa2,"2016-02-27, 03:00:00 PM"
98:FC:11:96:13:D9,EIGenTech Corporation,wpa2,"2013-04-25, 05:00:00 AM"
84:18:3A:CF:F2:8C,NTDCCPOS,wpa2,"2017-06-09, 01:00:00 PM"
84:18:3A:8F:F2:8D,Family Lounge,wpa,"2017-06-09, 01:00:00 PM"
80:71:7A:68:7F:7C,HUAWEI-E5330-7F7C,wpa2,"2015-08-01, 05:00:00 AM"
70:72:3C:DF:37:63,Noj Wifi,wep,"2013-05-07, 12:00:00 PM"
70:72:3C:E1:19:DF,Virus Detected,wpa,"2013-12-20, 11:00:00 AM"
74:A5:28:A8:40:C3,B315_840C3,wpa2,"2016-05-05, 06:00:00 PM"
C8:D7:19:17:6B:1E,Webdev,wpa2,"2016-05-05, 06:00:00 PM"
74:91:1A:60:78:B3,island-2078B0,wpa2,"2016-12-06, 03:00:00 PM"
78:00:9E:2C:D4:E8,menganese,wpa2,"2017-06-09, 01:00:00 PM"
C8:B3:73:36:4B:6B,Coffeebean,wpa2,"2017-06-09, 01:00:00 PM"
90:61:0C:11:4B:A1,PLDTMyDSL,wpa2,"2016-05-05, 06:00:00 PM"
90:61:0C:12:CC:99,PLDTMyDSL,wpa2,"2015-07-26, 08:00:00 AM"
90:61:0C:0D:70:E9,PLDTMyDSLeZe,wpa2,"2013-05-07, 12:00:00 PM"
90:61:0C:0D:BE:74,lavares,wpa2,"2013-05-06, 03:00:00 PM"
90:61:0C:0E:B3:76,PLDTMyDSL,wpa2,"2015-07-26, 08:00:00 AM"
8C:34:FD:C7:5B:F3,HUAWEI-E5330-5BF3,wpa2,"2016-05-05, 06:00:00 PM"
90:61:0C:1F:63:65,PLDTHOMEDSL,wpa2,"2016-05-05, 06:00:00 PM"
84:82:F4:00:3A:2B,Exclusive,unknown,"2015-07-26, 08:00:00 AM"
84:74:2A:C4:07:C4,AndroidAp,none,"2013-05-07, 12:00:00 PM"
9E:A9:E4:D4:06:2E,GETYOUROWNWIFI,wpa2,"2016-05-05, 06:00:00 PM"
9E:A9:E4:D8:BD:47,WiFi.JMU_Steel,wpa2,"2015-07-26, 08:00:00 AM"
9C:D6:43:D0:26:2C,jun,wep,"2016-05-05, 06:00:00 PM"
E4:77:23:A5:51:08,delia,wpa2,"2015-07-26, 08:00:00 AM"
E4:77:23:A5:9D:FC,ajienomoto,wpa2,"2015-07-26, 08:00:00 AM"
80:1F:02:59:91:42,Edimax,wep,"2013-05-07, 12:00:00 PM"
AC:A3:1E:9F:38:F2,None,wpa2,"2016-05-05, 06:00:00 PM"
90:C1:15:16:82:DF,AndroidAP,wpa2,"2016-02-27, 03:00:00 PM"
AE:38:70:9B:A9:45,Lenovo A536,wpa2,"2015-08-01, 05:00:00 AM"
94:44:52:E4:B2:F4,belkin.34f4,wpa2,"2013-04-17, 03:00:00 AM"
84:18:3A:0F:F2:89,STARCINEMA,wpa2,"2017-06-09, 01:00:00 PM"
84:18:3A:4F:F2:89,VIPinoy,wpa,"2017-06-09, 01:00:00 PM"
92:EF:68:B4:9A:10,PLDTMyDSLBizGPTT,wpa2,"2016-05-05, 06:00:00 PM"
D2:5B:A8:97:54:91,JK,wpa2,"2016-02-27, 03:00:00 PM"
D2:5B:A8:5E:82:CD,Love,wpa2,"2016-02-27, 03:00:00 PM"
A2:EC:80:F7:EF:2D,Sun Wi-Fi_F7EF2D,wpa2,"2016-05-05, 06:00:00 PM"
AA:A6:68:58:E0:7F,MIGUILITO,wpa2,"2015-07-26, 08:00:00 AM"
AA:A6:68:33:82:FD,#mybhebhe23,wpa2,"2016-05-05, 06:00:00 PM"
00:02:A8:B0:4D:96,U+zone,wpa2,"2013-05-07, 12:00:00 PM"
9C:A9:E4:93:4F:5A,FOUR-S GLASS,wpa2,"2016-05-05, 06:00:00 PM"
78:54:2E:F1:F2:D2,dlink,wpa2,"2015-07-26, 08:00:00 AM"
00:04:ED:B7:B0:93,Prolink-H6300G,none,"2013-05-07, 12:00:00 PM"
90:5F:2E:3E:C5:AA,archivo1984,wpa2,"2013-08-10, 08:00:00 AM"
AA:A6:68:74:C6:0D,Smart Bro_74C60D,wpa2,"2015-07-26, 08:00:00 AM"
AA:A6:68:74:CC:BC,mca,wpa2,"2016-05-05, 06:00:00 PM"
90:61:0C:0E:76:A6,PLDTMyDSLR,wpa,"2016-03-16, 06:00:00 AM"
A4:7E:39:AE:64:CC,JJ8 auto supply,wpa2,"2015-07-26, 08:00:00 AM"
90:61:0C:10:93:2A,PLDTMyDSL,wpa2,"2016-05-05, 06:00:00 PM"
90:61:0C:10:EE:78,PLDTMyDSL,wpa2,"2015-07-26, 08:00:00 AM"
90:61:0C:19:49:C3,PLDTHOMEDSL,wpa2,"2015-07-26, 08:00:00 AM"
AA:A6:68:C0:75:AC,Smart Bro_C075AC,wpa2,"2016-05-05, 06:00:00 PM"
BE:20:7B:1C:45:C7,Nads iphone,wpa2,"2015-07-26, 08:00:00 AM"
84:D4:7E:22:5F:99,None,unknown,"2017-06-09, 01:00:00 PM"
C8:6C:87:9A:54:65,PLDTMyDSL,wep,"2013-05-07, 12:00:00 PM"
98:52:B1:B8:7B:BE,gimares,wpa2,"2013-04-17, 03:00:00 AM"
C4:71:FE:DC:E4:E0,wi-tribe-shops,wep,"2015-07-26, 08:00:00 AM"
C4:71:FE:DC:E4:E5,wi-tribe,wep,"2015-07-26, 08:00:00 AM"
C8:3A:35:F2:15:E8,wevo,wpa2,"2013-04-25, 05:00:00 AM"
9C:C1:72:BF:DD:56,SMART-BRO-DD56,wpa2,"2015-07-26, 08:00:00 AM"
98:0C:82:25:8B:FC,faith1823francis,wpa2,"2013-04-17, 03:00:00 AM"
A0:8D:16:B8:5A:39,HUAWEI-E5330-5A39,wpa2,"2016-05-05, 06:00:00 PM"
C4:01:7C:98:60:69,Family Lounge,wpa,"2017-06-09, 01:00:00 PM"
C2:C1:C0:A1:33:30,ECSCI Internet Portal HO,wpa2,"2015-07-26, 08:00:00 AM"
C8:6C:87:73:3F:C9,PLDT WiFi Zone,none,"2016-05-05, 06:00:00 PM"
C0:C1:C0:2B:E2:11,FLMP Network,wpa2,"2016-05-05, 06:00:00 PM"
CC:5D:4E:F0:17:84,PLDTMyDSLMDS-Router,wpa2,"2015-07-26, 08:00:00 AM"
CC:5D:4E:F1:B7:28,PLDTMyDSL,wpa,"2016-05-05, 06:00:00 PM"
00:01:36:5B:3E:DC,myLGNet3EDE,wep,"2013-04-25, 05:00:00 AM"
C0:3F:D5:C4:20:9A,BQIV-Q2xvdWRQYWRfRVBJQ182OTU,unknown,"2016-05-05, 06:00:00 PM"
D0:7A:B5:84:E8:F0,HUAWEI-E5220-e8f0,wpa2,"2015-07-26, 08:00:00 AM"
D2:5B:A8:9B:8F:48,FRANCIS,wpa2,"2016-05-05, 06:00:00 PM"
9C:C1:72:FA:CE:F5,A.D,wpa2,"2017-06-09, 01:00:00 PM"
D4:40:F0:15:AC:FB,HUAWEI-E5330-ACFB,wpa2,"2016-05-05, 06:00:00 PM"
D4:40:F0:D7:3F:D6,HUAWEI-E5330-3FD6,wpa2,"2016-05-05, 06:00:00 PM"
AA:A6:68:B4:DF:13,abetluz,wpa2,"2016-03-16, 06:00:00 AM"
9E:A9:E4:D7:34:A4,VIRUS,wpa2,"2015-09-20, 08:00:00 AM"
9E:A9:E4:E3:AC:06,FREE WIFI,wpa2,"2015-07-26, 08:00:00 AM"
AA:1A:CE:45:DF:B0,Free Public WiFi,none,"2013-04-25, 05:00:00 AM"
DC:EE:06:C0:16:2C,ARENZ ORIGINWEARS,wpa2,"2017-06-09, 01:00:00 PM"
D0:7A:B5:84:F7:29,HUAWEI-E5220-f729,wpa2,"2015-07-26, 08:00:00 AM"
C4:6E:1F:3D:9A:95,Janice Commonwealth,wpa2,"2016-05-05, 06:00:00 PM"
A0:F3:C1:B9:EA:E4,McdoFreeWifi,wpa2,"2015-07-26, 08:00:00 AM"
9C:A9:E4:73:FD:15,lte,wpa2,"2017-10-03, 06:00:00 AM"
9C:A9:E4:9A:EF:FF,CON,wpa2,"2016-05-05, 06:00:00 PM"
9C:A9:E4:93:61:81,KP,wpa2,"2015-07-26, 08:00:00 AM"
E0:8E:3C:1A:37:67,bayanDSLWIFI_3767,wpa2,"2016-05-05, 06:00:00 PM"
9E:A9:E4:D0:B6:33,Smart Bro_D0B633,wpa2,"2015-07-26, 08:00:00 AM"
9E:A9:E4:E3:6B:7E,Smart Bro_E36B7E,wep,"2015-07-26, 08:00:00 AM"
C0:C1:C0:CD:86:1F,HNQC052014,wpa2,"2015-07-26, 08:00:00 AM"
AC:A3:1E:9F:38:F4,None,wpa2,"2016-05-05, 06:00:00 PM"
AC:A3:1E:9F:38:F4,None,wpa2,"2016-05-05, 06:00:00 PM"
AC:81:12:C1:8C:C6,QDV,wpa,"2013-05-07, 12:00:00 PM"
C4:01:7C:95:4B:E9,Family Lounge,wpa,"2017-06-09, 01:00:00 PM"
AC:A3:1E:9F:38:F0,None,wpa2,"2016-05-05, 06:00:00 PM"
AC:A3:1E:9F:38:F3,None,wpa2,"2016-05-05, 06:00:00 PM"
C4:01:7C:14:88:58,Shopwise,unknown,"2016-05-05, 06:00:00 PM"
C4:01:7C:15:8B:38,Shopwise,none,"2016-05-05, 06:00:00 PM"
C4:01:7C:15:90:F8,Shopwise,unknown,"2016-05-05, 06:00:00 PM"
AC:E2:15:F5:CD:6D,HUAWEI-E5330-CD6D,wpa2,"2016-05-05, 06:00:00 PM"
CC:1A:FA:97:03:D0,bayanDSL,wpa,"2015-07-26, 08:00:00 AM"
B0:B2:DC:46:C8:FC,PLDTMyDSLTSpot,wpa2,"2013-04-25, 05:00:00 AM"
AA:A6:68:7A:4F:64,062709,wpa2,"2016-05-05, 06:00:00 PM"
AA:A6:68:58:CF:10,Dondon,wpa2,"2017-03-15, 05:00:00 PM"
A4:7E:39:AE:74:90,ASongOfIceAndFire,wpa2,"2016-05-05, 06:00:00 PM"
C8:3A:35:52:58:C0,Galache_Apex_Paragon_Mall_Wifi,wpa,"2013-05-07, 12:00:00 PM"
C8:60:00:E5:0E:B0,MQCST,wpa,"2013-04-25, 05:00:00 AM"
B0:B2:DC:45:C4:60,PLDTMyDSLARISTOCRAT,wpa2,"2013-04-17, 03:00:00 AM"
AC:CF:85:B9:EC:55,Shangkuan_Wifi,wpa2,"2017-06-09, 01:00:00 PM"
B0:E0:3C:FF:C1:9B,WIFI,wpa2,"2016-05-05, 06:00:00 PM"
CC:5D:4E:F1:E1:28,PLDTMyDSLW3,wpa2,"2013-05-06, 03:00:00 PM"
E4:77:23:A0:51:E8,hinode ace enterprises,wpa2,"2015-07-26, 08:00:00 AM"
CC:A2:23:59:53:E0,Baby-on-board,wpa2,"2016-05-05, 06:00:00 PM"
CC:7B:35:CF:7D:BC,bayanDSLWiFi_7DBC,wpa2,"2015-07-26, 08:00:00 AM"
AC:86:74:1E:55:B2,>>> WiFian <<<,unknown,"2016-05-05, 06:00:00 PM"
AC:86:74:1E:55:B4,WiFian LOAD Available NOW,wpa2,"2016-05-05, 06:00:00 PM"
B8:55:10:02:DA:A7,ACLC Commonwealth Admin,wpa2,"2016-05-05, 06:00:00 PM"
C4:71:FE:DC:E4:E4,wi-tribe_TCB,wpa2,"2015-07-26, 08:00:00 AM"
C8:D7:19:FB:6C:FB,Chowking-Luzon-Ave.,wpa2,"2016-05-05, 06:00:00 PM"
0C:BD:51:2D:2A:33,jackie.taruc,wpa2,"2015-07-26, 08:00:00 AM"
B0:B2:DC:26:CC:20,PLDTMyDSLwpc,wpa,"2013-04-17, 03:00:00 AM"
D0:04:92:01:44:60,PLDTHOMEFIBR_business,wpa2,"2016-05-05, 06:00:00 PM"
D0:04:92:02:48:18,PLDTHOMEFIBR_virus,wpa2,"2016-05-05, 06:00:00 PM"
B4:5D:50:38:57:F5,None,unknown,"2017-06-09, 01:00:00 PM"
B4:5D:50:38:57:F6,YTFanfest,wpa2,"2017-06-09, 01:00:00 PM"
B4:5D:50:38:6E:83,None,unknown,"2017-06-09, 01:00:00 PM"
B4:5D:50:38:6E:86,None,unknown,"2017-06-09, 01:00:00 PM"
BC:F6:85:BF:32:F2,QuickDown,wpa2,"2016-05-05, 06:00:00 PM"
BC:F6:85:BF:36:D0,VDCI,wpa2,"2013-12-01, 02:00:00 AM"
D0:7A:B5:CA:3B:FB,HUAWEI-E5220-3bfb,wpa2,"2015-07-26, 08:00:00 AM"
D0:7A:B5:B8:3D:33,None,wpa2,"2015-07-26, 08:00:00 AM"
00:02:6F:72:27:F0,PAKOL,wpa,"2013-04-25, 05:00:00 AM"
D4:40:F0:34:D3:73,BLACK NAZARENE,wpa2,"2016-05-05, 06:00:00 PM"
0E:12:62:85:67:B9,GOLDEN EAGLE,wpa2,"2016-03-16, 06:00:00 AM"
C0:4A:00:D0:79:24,instyle studio,wpa2,"2016-05-05, 06:00:00 PM"
B4:5D:50:46:BB:93,None,unknown,"2017-06-09, 01:00:00 PM"
B4:5D:50:46:BB:B0,None,unknown,"2017-06-09, 01:00:00 PM"
B4:5D:50:46:BB:B3,None,unknown,"2017-06-09, 01:00:00 PM"
B4:5D:50:46:BD:40,@GoWiFi,unknown,"2017-06-09, 01:00:00 PM"
B4:5D:50:46:BD:44,None,unknown,"2017-06-09, 01:00:00 PM"
B4:5D:50:46:BE:31,@AyalaMalls_GoWiFi,unknown,"2017-06-09, 01:00:00 PM"
B4:5D:50:46:BE:32,YTFanfest,wpa2,"2017-06-09, 01:00:00 PM"
B4:5D:50:46:C4:33,@AyalaMalls_GoWiFi,unknown,"2017-06-09, 01:00:00 PM"
C0:C1:C0:E9:A2:07,4th floor,wpa2,"2013-04-17, 03:00:00 AM"
E0:5F:B9:0C:8E:A2,boysenberry,wpa2,"2015-07-26, 08:00:00 AM"
D4:6E:5C:EB:E7:6A,muntanga.net,wpa2,"2016-05-05, 06:00:00 PM"
10:FE:ED:3D:03:52,Lido Commonwealth,wpa2,"2015-07-26, 08:00:00 AM"
BE:F3:87:3C:66:00,jillai?s iPhone 6+,wpa2,"2015-08-12, 03:00:00 PM"
E0:8E:3C:16:64:A9,batang tondo,wpa2,"2016-05-05, 06:00:00 PM"
C0:A0:BB:F8:79:E9,aics_acctg,wep,"2015-07-26, 08:00:00 AM"
D2:5B:A8:F9:3E:A0,VOLTAGE_NAVIGATOR,wpa2,"2016-05-05, 06:00:00 PM"
D2:5B:A8:F9:59:83,kim,wpa2,"2016-05-05, 06:00:00 PM"
C0:C1:C0:E2:36:A8,HNSales052014,wpa2,"2015-07-26, 08:00:00 AM"
E8:08:8B:CC:E6:72,katlex,wpa2,"2016-05-05, 06:00:00 PM"
C0:4A:00:BE:5A:CD,E*CHI'MES PHARMACEUTICAL INC.,wpa2,"2016-05-05, 06:00:00 PM"
0C:96:BF:43:EF:E0,HUAWEI-E5220-efe0,wpa2,"2014-06-11, 12:00:00 PM"
E0:8E:3C:17:D6:CC,Aztech5018_7D6CF,wpa2,"2016-05-05, 06:00:00 PM"
E0:8E:3C:18:C5:2C,getyourownwifi,wpa,"2016-05-05, 06:00:00 PM"
BC:6E:64:6B:93:2D,VAPM,wpa2,"2015-09-16, 05:00:00 PM"
E4:77:23:A6:03:90,bili ka ng wifi mo,wpa2,"2015-07-26, 08:00:00 AM"
E4:77:23:A6:3F:D0,bayanDSLWiFi_3FD0,wpa2,"2015-07-26, 08:00:00 AM"
EC:43:F6:49:00:64,None,wpa2,"2015-07-26, 08:00:00 AM"
EC:43:F6:BB:83:2B,PLDT WiFi Zone,wpa2,"2016-05-05, 06:00:00 PM"
20:2B:C1:C9:87:6C,PLDTMyDSLE*CHI' Pharmaceutical,wpa2,"2013-04-25, 05:00:00 AM"
EC:8A:4C:94:69:75,bayanDSLWiFi_6975,wpa2,"2016-05-05, 06:00:00 PM"
EC:43:F6:44:7C:A2,PLDTMyDSLBiz,wpa2,"2015-07-26, 08:00:00 AM"
24:DB:AC:0C:5C:FE,CSI,wpa2,"2013-04-17, 03:00:00 AM"
E8:CD:2D:21:3F:9C,None,wpa2,"2016-05-05, 06:00:00 PM"
8C:34:FD:CA:CE:27,HUAWEI-E5330-CE27,wpa2,"2016-05-05, 06:00:00 PM"
00:08:9F:6E:B7:C9,gogojjlc,wpa,"2015-07-26, 08:00:00 AM"
92:4E:2B:C7:B1:3E,D4D3.0,wpa2,"2015-08-01, 05:00:00 AM"
F0:3E:90:21:35:28,DOTC-MRT3 WiFi,wpa2,"2017-06-09, 01:00:00 PM"
EC:43:F6:44:80:94,None,wpa,"2016-05-05, 06:00:00 PM"
EC:1F:72:AD:40:D4,GrandyGMAG,wpa2,"2016-05-05, 06:00:00 PM"
E6:43:F6:BB:83:2B,PLDT SMART WiFi Zone,unknown,"2016-05-05, 06:00:00 PM"
E0:8E:3C:04:C4:4B,Elmer Labanon,wpa2,"2016-05-05, 06:00:00 PM"
E0:91:F5:77:71:E0,WIFI Namin,wep,"2013-04-25, 05:00:00 AM"
F8:01:13:B4:12:CE,B660-12CC,unknown,"2016-05-05, 06:00:00 PM"
EE:1D:7F:A1:51:67,Boss noli,wpa2,"2016-05-05, 06:00:00 PM"
24:DB:AC:0C:1E:90,KUMONEKPANGET,wep,"2013-04-17, 03:00:00 AM"
F4:8E:92:44:25:C5,HUAWEI-E5330-25C5,wpa2,"2016-05-05, 06:00:00 PM"
F4:7F:35:42:0C:10,awn_inside,wpa2,"2016-05-05, 06:00:00 PM"
F4:7F:35:42:0C:13,awn_guest,unknown,"2016-05-05, 06:00:00 PM"
24:1F:A0:93:E6:B8,Wagkaupabebe,wpa2,"2016-05-05, 06:00:00 PM"
24:1F:A0:94:57:A6,MADAM BABY,wpa2,"2016-05-05, 06:00:00 PM"
F2:79:59:2E:06:9C,DIRECT-,wep,"2016-05-05, 06:00:00 PM"
F8:DF:A8:30:71:D8,Sweet Nest Candy Buffet,wpa2,"2013-04-25, 05:00:00 AM"
F8:DF:A8:36:A1:9C,Smart Bro_36A19C,wpa2,"2013-05-07, 12:00:00 PM"
98:FC:11:B9:F6:98,None,wpa2,"2016-05-05, 06:00:00 PM"
98:FC:11:96:13:DA,EIGenTech Corporation-guest,none,"2013-04-25, 05:00:00 AM"
36:DE:34:09:40:E4,Vassili Zaitsev,wpa2,"2016-12-15, 02:00:00 AM"
00:40:5A:C5:81:F5,myLGNet81F7,wep,"2013-05-07, 12:00:00 PM"
38:D8:2F:2B:F7:FC,bayanDSLWiFi_F7FC,wpa2,"2016-05-05, 06:00:00 PM"
00:40:5A:48:9D:D2,myLGNet9DD4,wep,"2013-04-17, 03:00:00 AM"
08:10:73:47:51:E4,FR13NDS WAS HERE (NO SYSTEM IS S,wep,"2016-05-05, 06:00:00 PM"
3C:DF:BD:C2:B6:14,JOBSWIFI,wpa2,"2015-07-26, 08:00:00 AM"
90:1D:27:3F:5A:EB,cherie,wpa2,"2013-04-25, 05:00:00 AM"
84:1B:5E:76:29:C8,Maxs Commonwealth 3,wpa2,"2015-07-26, 08:00:00 AM"
84:1B:5E:76:2B:96,Commonwealth 1,wpa2,"2016-05-05, 06:00:00 PM"
04:4F:4C:26:61:BD,Huawei Globe WiFi,wpa2,"2017-10-03, 06:00:00 AM"
88:9B:39:14:03:C4,AndroidAP,wpa2,"2015-07-26, 08:00:00 AM"
48:DB:50:1B:54:30,JJ8AutoSupply,wpa2,"2016-05-05, 06:00:00 PM"
48:F8:B3:27:62:17,SAC Internal-guest,unknown,"2015-07-26, 08:00:00 AM"
90:61:0C:1F:AD:FF,PLDTHOMEDSL,wpa2,"2016-05-05, 06:00:00 PM"
90:61:0C:08:42:A0,PLDTMyDSL,wpa2,"2013-05-07, 12:00:00 PM"
90:61:0C:0D:24:53,PLDTMyDSL,wpa2,"2015-07-26, 08:00:00 AM"
90:61:0C:0D:72:21,PLDTMyDSL-CW,wpa2,"2013-04-25, 05:00:00 AM"
92:21:81:DC:23:2A,Jelu123,wpa2,"2017-01-29, 06:00:00 PM"
02:13:CE:01:27:4C,GDS VCI 01,wep,"2013-04-17, 03:00:00 AM"
48:F8:B3:23:A3:71,Cisco54564,wpa2,"2016-12-22, 04:00:00 AM"
48:F8:B3:44:2C:2F,Team Commonwealth,wpa2,"2016-05-05, 06:00:00 PM"
48:F8:B3:44:2C:30,Team Commonwealth-guest,unknown,"2015-07-26, 08:00:00 AM"
4C:60:DE:91:C9:FA,NETGEAR44,wpa2,"2013-04-17, 03:00:00 AM"
4C:09:B4:A1:E7:5D,WPA,wpa,"2015-07-26, 08:00:00 AM"
4C:09:B4:A3:51:BD,assenture,wpa,"2013-05-07, 12:00:00 PM"
4C:09:B4:A3:52:69,SBI AUTO SUPPLY,wpa,"2013-04-17, 03:00:00 AM"
02:E0:AB:4C:3F:0A,Free Public WiFi,none,"2013-04-17, 03:00:00 AM"
00:02:A8:B0:4D:95,U+Net,wep,"2013-05-07, 12:00:00 PM"
90:E6:BA:1A:B1:A6,ALNINAGE,wpa,"2013-05-06, 03:00:00 PM"
58:6D:8F:2C:3F:E8,Suzuki Auto Commonwealth,wpa2,"2016-05-05, 06:00:00 PM"
0C:D6:BD:41:ED:A7,Beeline_EDA7,wpa2,"2016-05-05, 06:00:00 PM"
84:82:F4:01:94:0E,Exclusive,unknown,"2015-07-26, 08:00:00 AM"
84:D4:7E:22:5F:96,None,unknown,"2017-06-09, 01:00:00 PM"
94:A7:B7:26:5A:08,smartbro_base,wpa2,"2016-05-05, 06:00:00 PM"
94:A7:B7:26:78:23,bbm glass,wpa2,"2016-05-05, 06:00:00 PM"
08:63:61:CD:94:D8,SMART-BRO-94D8,wpa2,"2015-07-26, 08:00:00 AM"
08:63:61:85:80:0B,HUAWEI-E5220-800b,wpa2,"2016-05-05, 06:00:00 PM"
54:22:F8:F1:8E:00,bayanDSL,wpa,"2015-07-26, 08:00:00 AM"
54:40:AD:7F:A5:D8,AndroidAP,wpa2,"2016-05-05, 06:00:00 PM"
00:40:5A:48:9D:D3,U+zone,wpa2,"2013-04-17, 03:00:00 AM"
58:BF:EA:FA:B7:D0,awn_inside,wpa2,"2016-05-05, 06:00:00 PM"
58:BF:EA:FA:B7:DF,awn_inside,wpa2,"2016-05-05, 06:00:00 PM"
0C:37:DC:A8:03:C2,MimiSun,wpa2,"2013-05-07, 12:00:00 PM"
5A:01:0C:01:1E:16,NOJ3,wpa2,"2016-05-05, 06:00:00 PM"
4C:54:99:F2:3F:CE,E583X-3fce,wpa,"2013-04-17, 03:00:00 AM"
4C:5E:0C:60:01:27,_SMART WiFi,unknown,"2016-05-05, 06:00:00 PM"
00:66:4B:75:56:0C,jubie-0487,wpa2,"2015-10-15, 03:00:00 PM"
50:9F:27:44:71:AE,HUAWEI-E5220-71ae,wpa2,"2016-05-05, 06:00:00 PM"
00:26:75:E7:61:4C,4u,wpa,"2016-05-05, 06:00:00 PM"
00:26:75:B7:A3:4E,bayanDSLWiFi_A34E,wpa2,"2016-05-05, 06:00:00 PM"
00:26:75:AC:34:82,calinao wifi,wpa2,"2015-07-26, 08:00:00 AM"
00:26:75:D8:BE:9C,SophiaJane,wpa,"2015-07-26, 08:00:00 AM"
02:29:49:E1:8E:E0,HPD110a.904094,none,"2013-04-17, 03:00:00 AM"
00:26:75:F9:F7:EE,pamiryendakamuna,wpa2,"2016-05-05, 06:00:00 PM"
14:60:80:99:2E:30,PETRON,wpa2,"2016-05-05, 06:00:00 PM"
00:40:5A:C5:81:F4,None,wpa,"2015-07-26, 08:00:00 AM"
5C:50:15:E6:30:D3,awn_voip,wpa2,"2016-05-05, 06:00:00 PM"
5C:50:15:E6:3E:62,awn_voip,wpa2,"2016-05-05, 06:00:00 PM"
5C:50:15:E6:3E:63,awn_guest,unknown,"2016-05-05, 06:00:00 PM"
00:D0:41:D3:7E:CA,SAPIDO-URVAN LE5044,wep,"2016-05-05, 06:00:00 PM"
38:EC:E4:85:68:B6,Angeles` wifi,wpa2,"2013-05-07, 12:00:00 PM"
38:D8:2F:2B:9B:3C,bayanDSLWiFi_9B3C,wpa2,"2016-05-05, 06:00:00 PM"
1C:7E:E5:4B:29:CF,Omni Tire Center Annex WiFi,wpa2,"2013-04-25, 05:00:00 AM"
D0:7A:B5:5F:A3:88,HUAWEI-E5220-a388,wpa2,"2015-07-26, 08:00:00 AM"
70:9F:2D:A0:75:34,Abilo wifi ,wpa2,"2016-05-05, 06:00:00 PM"
08:10:73:47:42:80,JJenglishWiFi,wpa2,"2016-05-05, 06:00:00 PM"
08:10:74:68:4E:5F,JJLC,wpa2,"2013-04-25, 05:00:00 AM"
00:D0:41:D8:0F:FE,SAPIDO-URVAN VS4601,wep,"2016-05-05, 06:00:00 PM"
00:B0:C0:03:6F:40,don_robert,wpa2,"2016-05-05, 06:00:00 PM"
40:4A:03:DB:94:7E,PLDTMyDSLBizBALARA,wep,"2013-04-25, 05:00:00 AM"
34:A8:4E:80:A6:A2,awn_voip,wpa2,"2016-05-05, 06:00:00 PM"
34:A8:4E:1E:15:A2,awn_voip,wpa2,"2015-07-26, 08:00:00 AM"
34:A8:4E:1E:15:A3,awn_guest,unknown,"2016-05-05, 06:00:00 PM"
34:A8:4E:1E:15:AB,awn_cafe,wpa2,"2016-05-05, 06:00:00 PM"
34:A8:4E:1E:48:E1,awn_voip,wpa2,"2013-04-25, 05:00:00 AM"
34:A8:4E:1E:5A:F1,awn_voip,wpa2,"2016-05-05, 06:00:00 PM"
34:A8:4E:D2:4F:41,awn_voip,wpa2,"2016-05-05, 06:00:00 PM"
34:A8:4E:D2:4F:42,awn_guest,wpa2,"2016-05-05, 06:00:00 PM"
34:A8:4E:D2:4F:44,awn_cafe,wpa2,"2016-05-05, 06:00:00 PM"
44:AD:D9:70:D8:10,SLMC WiFi,none,"2013-08-10, 08:00:00 AM"
44:AD:D9:70:D8:12,SLMC_Doctors,none,"2013-08-10, 08:00:00 AM"
44:AD:D9:71:3D:B0,SLMC WiFi,none,"2013-08-10, 08:00:00 AM"
02:08:22:A6:1A:B8,MID-knights only,wpa2,"2016-02-27, 03:00:00 PM"
02:11:87:E9:6A:03,VTX:31612219:13:2.3.85.7,wep,"2016-05-05, 06:00:00 PM"
46:4A:03:DB:94:7E,PLDT_WiFi_Zone,none,"2013-05-07, 12:00:00 PM"
74:EA:3A:C7:1B:1A,DEC_WIFI_2,none,"2016-05-05, 06:00:00 PM"
48:F8:B3:43:F5:13,FC Commonwealth,wpa2,"2015-07-26, 08:00:00 AM"
48:F8:B3:44:19:B7,gprstaas,wpa2,"2016-05-05, 06:00:00 PM"
4C:09:B4:A6:AE:53,1on1,wpa,"2013-05-07, 12:00:00 PM"
4C:09:B4:A6:BB:97,BAYANTEL,wpa,"2013-05-06, 03:00:00 PM"
4C:09:B4:A2:1C:E1,bayanDSL,wpa,"2015-07-26, 08:00:00 AM"
4C:0B:3A:BC:33:35,Thess,wpa2,"2013-04-17, 03:00:00 AM"
44:AD:D9:E4:08:87,BILLING,wpa2,"2013-08-10, 08:00:00 AM"
48:F8:B3:23:A3:86,Director's Office-guest,none,"2015-07-26, 08:00:00 AM"
48:F8:B3:27:4C:B2,LBPCOA,wpa2,"2015-07-26, 08:00:00 AM"
78:E8:B6:B4:3F:9C,Tesoro,wpa2,"2013-12-20, 11:00:00 AM"
00:50:C2:4B:D0:CA,3G-Router1,wep,"2015-07-26, 08:00:00 AM"
38:0A:94:36:05:00,LOL,wpa2,"2015-07-26, 08:00:00 AM"
54:3D:37:51:D1:E8,DILNET-WIFI,unknown,"2017-05-07, 01:00:00 PM"
54:40:AD:F4:E1:41,AndroidAP,wpa2,"2016-05-05, 06:00:00 PM"
00:EB:2D:23:81:D8,jvcav,wpa2,"2013-04-25, 05:00:00 AM"
7C:7D:3D:7E:41:CC,HUAWEI-E5330-41CC,wpa2,"2016-05-05, 06:00:00 PM"
50:9F:27:0C:6E:02,no signal,wpa2,"2016-05-05, 06:00:00 PM"
5C:F2:86:23:06:15,jaysongutang,wpa2,"2016-05-05, 06:00:00 PM"
44:AD:D9:70:DD:93,voice,wpa2,"2013-08-10, 08:00:00 AM"
44:AD:D9:71:3D:B4,PROGRAMMERS,wpa2,"2013-08-10, 08:00:00 AM"
0C:BD:51:17:13:BC,wifi ng magaganda at pogi,wpa,"2016-05-05, 06:00:00 PM"
0C:82:68:46:F0:6C,TP-LINK_M5_46F06C,wpa2,"2015-07-26, 08:00:00 AM"
B4:75:0E:19:F3:61,gkiscwifi1,wpa2,"2016-05-05, 06:00:00 PM"
94:44:52:E4:C7:BC,belkin.37bc,wpa2,"2013-04-17, 03:00:00 AM"
94:A7:B7:26:46:FF,bayanDSLWIFI_46FF,wpa2,"2016-05-05, 06:00:00 PM"
EE:1D:7F:A2:43:C7,moaccent,wpa2,"2016-05-05, 06:00:00 PM"
EE:1D:7F:73:3F:A8,nolad79,wpa2,"2016-11-17, 03:00:00 PM"
58:6D:8F:2C:28:20,theAVgroup,wpa2,"2013-05-07, 12:00:00 PM"
F0:7D:68:43:13:7A,JAIME,wpa2,"2015-07-26, 08:00:00 AM"
8C:34:FD:D3:EC:16,HUAWEI-E5330-EC16,wpa2,"2016-06-05, 12:00:00 AM"
6C:E8:73:A4:E7:00,ADMIN4-PC_Network,wpa2,"2013-04-17, 03:00:00 AM"
88:CE:FA:4D:4E:F6,balljoint,wpa2,"2015-07-26, 08:00:00 AM"
58:BF:EA:FA:B7:D3,awn_guest,wpa2,"2016-05-05, 06:00:00 PM"
58:BF:EA:FA:B7:DC,awn_guest,unknown,"2016-05-05, 06:00:00 PM"
58:6D:8F:7E:AE:07,HNMKTG,wpa2,"2015-07-26, 08:00:00 AM"
58:6D:8F:7E:BC:EE,Cisco19267,wep,"2015-07-26, 08:00:00 AM"
E8:DE:27:71:0C:3E,TP-Link_710C3E,wpa2,"2016-05-05, 06:00:00 PM"
E2:5F:B9:0C:8E:A3,blueberry,wpa2,"2015-07-26, 08:00:00 AM"
6C:F3:73:3E:BF:25,wala ka wifi bili ka! hehehe,wpa2,"2015-07-26, 08:00:00 AM"
64:16:F0:1D:A3:CF,pancake house,wep,"2013-04-25, 05:00:00 AM"
F4:7F:35:42:0C:14,awn_cafe,wpa2,"2016-05-05, 06:00:00 PM"
F4:9F:F3:E7:35:97,HUAWEI-E5330-3597,wpa2,"2015-08-08, 05:00:00 PM"
B4:5D:50:38:57:F0,None,unknown,"2017-06-09, 01:00:00 PM"
B4:5D:50:38:6D:61,@AyalaMalls_GoWiFi,unknown,"2017-06-09, 01:00:00 PM"
B4:5D:50:46:BD:46,None,unknown,"2017-06-09, 01:00:00 PM"
B4:30:52:E1:14:56,HUAWEI-E5330-1456,wpa2,"2016-05-05, 06:00:00 PM"
E4:77:23:9D:6C:70,bayanDSLWiFi_6C70,wpa2,"2016-05-05, 06:00:00 PM"
E4:77:23:A0:21:54,dynalink1,wpa2,"2016-05-05, 06:00:00 PM"
E4:77:23:A0:4A:FC,FILKOHAYES,wpa2,"2015-07-26, 08:00:00 AM"
F2:84:C9:D2:D0:50,uFi_D2D050,wpa2,"2016-11-17, 03:00:00 PM"
F4:0E:22:4F:89:B6,AGU41,wpa2,"2016-05-05, 06:00:00 PM"
B0:B2:DC:73:F2:00,PLDTMyDSL,wpa2,"2013-05-07, 12:00:00 PM"
B6:F0:AB:F2:CF:72,justinallister,wpa2,"2016-06-05, 12:00:00 AM"
F8:DF:A8:32:77:8A,uFi_32778A,wpa2,"2013-05-07, 12:00:00 PM"
F8:DF:A8:0B:E4:CB,Smart Bro_0BE4CB,wpa2,"2013-05-07, 12:00:00 PM"
B4:5D:50:46:BB:B4,@GoWiFi_Auto,unknown,"2017-06-09, 01:00:00 PM"
B4:5D:50:46:BB:B5,None,unknown,"2017-06-09, 01:00:00 PM"
B4:5D:50:46:BB:B6,YTFanfest,wpa2,"2017-06-09, 01:00:00 PM"
B4:5D:50:46:BE:35,None,unknown,"2017-06-09, 01:00:00 PM"
B4:5D:50:46:BE:36,None,unknown,"2017-06-09, 01:00:00 PM"
B8:A3:86:61:98:9E,SRC RAISING STANDARDS,wpa,"2015-07-26, 08:00:00 AM"
FC:8B:97:27:81:97,PLDTMyDSL,wpa2,"2015-07-26, 08:00:00 AM"
EC:8A:4C:94:A4:CD,virus dtetected,wpa2,"2015-07-26, 08:00:00 AM"
EC:8A:4C:A6:4B:10,fearless,wpa2,"2015-07-26, 08:00:00 AM"
AA:A6:68:DA:3F:84,CMDuroy,wpa2,"2017-06-09, 01:00:00 PM"
B2:46:FC:8D:E5:78,Richkid65mbps,wpa2,"2015-07-26, 08:00:00 AM"
F0:5A:09:73:8D:62,AndroidAP,wpa2,"2015-07-26, 08:00:00 AM"
FC:75:16:E7:D1:E8,Secret Shop,wpa2,"2015-07-26, 08:00:00 AM"
B8:55:10:0A:51:3B,OMNI TIRE CENTER,wpa2,"2016-05-05, 06:00:00 PM"
F8:01:13:07:AB:3F,LEARC G,wpa2,"2016-12-06, 03:00:00 PM"
FC:F5:28:3D:28:38,PLDTMyDSLBERGCHEMCW,wpa2,"2016-05-05, 06:00:00 PM"
FC:F5:28:3D:C3:E8,PLDTMyDSLJnJCebuLechon,wpa,"2015-07-26, 08:00:00 AM"
F6:F1:5A:DE:23:9D,ilovecamela,wpa2,"2015-07-26, 08:00:00 AM"
F6:F1:5A:E0:BE:25,Balsa Boys,wpa2,"2015-07-26, 08:00:00 AM"
AA:A6:68:80:B5:06,broSmart,wpa2,"2016-05-05, 06:00:00 PM"
AA:A6:68:AC:75:D4,Khalai,wpa2,"2016-05-05, 06:00:00 PM"
AA:A6:68:74:C5:8B,free wifi,wpa2,"2016-05-05, 06:00:00 PM"
AA:A6:68:B4:D3:05,Rippain,wpa2,"2016-09-09, 06:00:00 AM"
FC:75:16:99:D7:82,webmedia,wpa2,"2016-05-05, 06:00:00 PM"
F4:EC:38:D7:A2:60,JK BUILDERS_ INC.,wpa2,"2013-05-07, 12:00:00 PM"
F4:8E:92:05:69:E6,Civil War,wpa2,"2016-05-05, 06:00:00 PM"
F4:7F:35:42:0C:12,awn_voip,wpa2,"2016-05-05, 06:00:00 PM"
B0:B2:DC:AB:8A:E0,PLDTMyDSLCatif,wpa2,"2015-07-26, 08:00:00 AM"
B0:B2:DC:AB:EC:90,PLDTMyDSLSCREENMARK,wpa2,"2013-05-07, 12:00:00 PM"
F4:E3:FB:72:A5:9B,B315_2A59B,wpa2,"2016-05-05, 06:00:00 PM"
EC:8A:4C:A6:54:64,bayanDSLWiFi_5464,wpa2,"2015-07-26, 08:00:00 AM"
EC:9B:F3:3E:D9:31,RoyceMatthew222,wpa2,"2017-06-09, 01:00:00 PM"
EC:1A:59:26:E5:1D,GarciaWIFI,wpa2,"2016-05-05, 06:00:00 PM"
EC:8A:4C:94:BC:71,OurCoatWiFii,wpa2,"2016-05-05, 06:00:00 PM"
E8:9A:8F:7D:71:F9,JBL,wpa,"2013-05-07, 12:00:00 PM"
E8:DE:27:49:83:AC,CTI-WIFI,wep,"2016-05-05, 06:00:00 PM"
AC:A3:1E:9F:38:F1,None,wpa2,"2016-05-05, 06:00:00 PM"
E8:CD:2D:7E:EF:5A,LynBasil,wpa2,"2013-08-17, 09:00:00 AM"
AC:CF:85:58:E6:D0,JESUS,wpa2,"2016-05-05, 06:00:00 PM"
AC:CF:85:20:CA:9F,friendly jezz,wpa2,"2017-03-06, 02:00:00 AM"
FC:8B:97:EC:1B:FA,PLDTMyDSL,wpa2,"2015-07-26, 08:00:00 AM"
FC:8B:97:EC:47:DD,PLDTMyDSL_PRIMETECH,wpa2,"2016-05-05, 06:00:00 PM"
FC:F5:28:3D:C3:E9,PLDTMyDSLGuestCebuLechon,wpa2,"2015-07-26, 08:00:00 AM"
FC:F5:28:40:B9:F8,PLDTMyDSL,wpa2,"2015-07-26, 08:00:00 AM"
F8:D1:11:7A:23:70,yuhlla,wpa2,"2013-04-17, 03:00:00 AM"
BC:96:80:D9:4B:76,PLDTMyDSL,wpa2,"2015-07-26, 08:00:00 AM"
F4:7F:35:05:14:F2,awn_voip,wpa2,"2016-05-05, 06:00:00 PM"
F4:7F:35:05:14:F4,awn_cafe,wpa2,"2016-05-05, 06:00:00 PM"
FC:8B:97:EB:57:BB,PLDTMyDSL2014,wpa2,"2015-07-26, 08:00:00 AM"
C0:4A:00:DB:29:9C,Router2,wpa2,"2015-09-16, 05:00:00 PM"
EC:43:F6:B8:9D:74,PLDTMyDSLBiz,wpa2,"2015-07-26, 08:00:00 AM"
